code,description,status,superseded_by
27073000,Xylol (xylenes),current,
27074000,Naphthalene,current,
27071000,Benzol (benzene),current,
27072000,Toluol (toluene),current,
27075000,Other aromatic hydrocarbon mixtures of which 65 % or more by volume (including losses) distils at 250 °C by the ISO 3405 method (equivalent to the ASTM D 86 method),current,
27050000,"Coal gas, water gas, producer gas and similar gases, other than petroleum gases and other gaseous hydrocarbons",current,
27160000,Electrical energy,current,
27150000,"Bituminous mixtures based on natural asphalt, on natural bitumen, on petroleum bitumen, on mineral tar or on mineral tar pitch (for example, bituminous mastics, cut-backs)",current,
27030000,"Peat (including peat litter), whether or not agglomerated",current,
27060000,"Tar distilled from coal, from lignite or from peat, and other mineral tars, whether or not dehydrated or partially distilled, including reconstituted tars",current,
27079100,Creosote oils,current,
03036700,Alaska Pollock (Theragra chalcogramma),current,
03036500,Coalfish (Pollachius virens),current,
03036400,Haddock (Melanogrammus aeglefinus),current,
28257000,Molybdenum oxides and hydroxides,current,
28255000,Copper oxides and hydroxides,current,
28254000,Nickel oxides and hydroxides,current,
28251000,Hydrazine and hydroxylamine and their inorganic salts,current,
28256000,Germanium oxides and zirconium dioxide,current,
28252000,Lithium oxide and hydroxide,current,
28253000,Vanadium oxides and hydroxides,current,
28258000,Antimony oxides,current,
02083000,Of primates,current,
02086000,Of camels and other camelids (Camelidae),current,
02085000,Of reptiles (including snakes and turtles),current,
25233000,Aluminous cement,current,
25239000,Other hydraulic cements,current,
25231000,Cement clinkers,current,
29024400,Mixed xylene isomers,current,
29024300,p-Xylene,current,
29024200,m-Xylene,current,
29024100,o-Xylene,current,
28121300,Phosphorus trichloride,current,
28121200,Phosphorus oxychloride,current,
28121400,Phosphorus pentachloride,current,
28121600,Sulphur dichloride,current,
28121100,Carbonyl dichloride (phosgene),current,
28121500,Sulphur monochloride,current,
28121700,Thionyl chloride,current,
03024200,Anchovies (Engraulis spp.),current,
03024700,Swordfish (Xiphias gladius),current,
03024100,"Herrings (Clupea harengus, Clupea pallasii)",current,
03024400,"Mackerel (Scomber scombrus, Scomber australasicus, Scomber japonicus)",current,
03024600,Cobia (Rachycentron canadum),current,
07011000,Seed,current,
27111100,Natural gas,current,
27111900,Other,current,
27111400,"Ethylene, propylene, butylene and butadiene",current,
28012000,Iodine,current,
28011000,Chlorine,current,
28048000,Arsenic,current,
28043000,Nitrogen,current,
28049000,Selenium,current,
28044000,Oxygen,current,
28041000,Hydrogen,current,
26209100,"Containing antimony, beryllium, cadmium, chromium or their mixtures",current,
12113000,Coca leaf,current,
12115000,Ephedra,current,
12116000,Bark of African cherry (Prunus africana),current,
12114000,Poppy straw,current,
12112000,Ginseng roots,current,
08024200,Shelled,current,
08024100,In shell,current,
08023100,In shell,current,
08023200,Shelled,current,
13021300,Of hops,current,
13021200,Of liquorice,current,
13021400,Of ephedra,current,
13021100,Opium,current,
07051100,Cabbage lettuce (head lettuce),current,
07051900,Other,current,
09023000,"Black tea (fermented) and partly fermented tea, in immediate packings of a content not exceeding 3 kg",current,
09022000,Other green tea (not fermented),current,
09021000,Green tea (not fermented) in immediate packings of a content not exceeding 3 kg,current,
09024000,Other black tea (fermented) and other partly fermented tea,current,
12072900,Other,current,
12072100,Seed,current,
26211000,Ash and residues from the incineration of municipal waste,current,
26219000,Other,current,
28333000,Alums,current,
28334000,Peroxosulphates (persulphates),current,
28263000,Sodium hexafluoroaluminate (synthetic cryolite),current,
03032400,"Catfish (Pangasius spp., Silurus spp., Clarias spp., Ictalurus spp.)",current,
03032500,"Carp (Cyprinus spp., Carassius spp., Ctenopharyngodon idellus, Hypophthalmichthys spp., Cirrhinus spp., Mylopharyngodon piceus, Catla catla, Labeo spp.,Osteochilus hasselti, Leptobarbus hoeveni, Megalobrama spp.)",current,
03032600,Eels (Anguilla spp.),current,
03032900,Other,current,
03032300,Tilapias (Oreochromis spp.),current,
01059400,Fowls of the species Gallus domesticus,current,
27011100,Anthracite,current,
27011900,Other coal,current,
08131000,Apricots,current,
08133000,Apples,current,
08132000,Prunes,current,
29026000,Ethylbenzene,current,
29025000,Styrene,current,
29023000,Toluene,current,
29029000,Other,current,
29022000,Benzene,current,
29027000,Cumene,current,
02099000,Other,current,
28352600,Other phosphates of calcium,current,
28352400,Of potassium,current,
28352200,Of mono- or disodium,current,
28352500,Calcium hydrogenorthophosphate (dicalcium phosphate),current,
09081200,Crushed or ground,current,
09081100,Neither crushed nor ground,current,
01061300,Camels and other camelids (Camelidae),current,
01061900,Other,current,
01061100,Primates,current,
01061200,"Whales, dolphins and porpoises (mammals of the order Cetacea); manatees and dugongs (mammals of the order Sirenia); seals, sea lions and walruses (mammals of the suborder Pinnipedia)",current,
17021100,"Containing by weight 99 % or more lactose, expressed as anhydrous lactose, calculated on the dry matter",current,
17021900,Other,current,
27109900,Other,current,
03057900,Other,current,
03057200,"Fish heads, tails and maws",current,
12024100,In shell,current,
12024200,"Shelled, whether or not broken",current,
12023000,Seed,current,
05040000,"Guts, bladders and stomachs of animals (other than fish), whole and pieces thereof, fresh, chilled, frozen, salted, in brine, dried or smoked",current,
05010000,"Human hair, unworked, whether or not washed or scoured; waste of human hair",current,
05100000,"Ambergris, castoreum, civet and musk; cantharides; bile, whether or not dried; glands and other animal products used in the preparation of pharmaceutical products, fresh, chilled, frozen or otherwise provisionally preserved",current,
04109000,Other,current,
28445000,Spent (irradiated) fuel elements (cartridges) of nuclear reactors (Euratom),current,
09041200,Crushed or ground,current,
09041100,Neither crushed nor ground,current,
18031000,Not defatted,current,
18032000,Wholly or partly defatted,current,
01063200,"Psittaciformes (including parrots, parakeets, macaws and cockatoos)",current,
01063300,Ostriches; emus (Dromaius novaehollandiae),current,
01063100,Birds of prey,current,
20091200,"Not frozen, of a Brix value not exceeding 20",current,
08101000,Strawberries,current,
08105000,Kiwifruit,current,
08106000,Durians,current,
08107000,Persimmons,current,
14042000,Cotton linters,current,
14049000,Other,current,
28273100,Of magnesium,current,
28273500,Of nickel,current,
28273200,Of aluminium,current,
10089000,Other cereals,current,
10084000,Fonio (Digitaria spp.),current,
10083000,Canary seed,current,
10085000,Quinoa (Chenopodium quinoa),current,
10081000,Buckwheat,current,
10086000,Triticale,current,
03048400,Swordfish (Xiphias gladius),current,
03048600,"Herrings (Clupea harengus, Clupea pallasii)",current,
03048100,"Pacific salmon (Oncorhynchus nerka, Oncorhynchus gorbuscha, Oncorhynchus keta, Oncorhynchus tschawytscha, Oncorhynchus kisutch, Oncorhynchus masou and Oncorhynchus rhodurus), Atlantic salmon (Salmo salar) and Danube salmon (Hucho hucho)",current,
03048500,Toothfish (Dissostichus spp.),current,
03048700,"Tunas (of the genus Thunnus), skipjack tuna (stripe-bellied bonito) (Katsuwonus pelamis)",current,
02109300,Of reptiles (including snakes and turtles),current,
02109100,Of primates,current,
03082200,Frozen,current,
03082100,"Live, fresh or chilled",current,
03082900,Other,current,
09061900,Other,current,
09061100,Cinnamon (Cinnamomum zeylanicum Blume),current,
07115900,Other,current,
07115100,Mushrooms of the genus Agaricus,current,
28070000,Sulphuric acid; oleum,current,
28080000,Nitric acid; sulphonitric acids,current,
28451000,Heavy water (deuterium oxide) (Euratom),current,
28454000,Helium-3,current,
28452000,Boron enriched in boron-10 and its compounds,current,
28453000,Lithium enriched in lithium-6 and its compounds,current,
29021900,Other,current,
29021100,Cyclohexane,current,
28030000,Carbon (carbon blacks and other forms of carbon not elsewhere specified or included),current,
28020000,"Sulphur, sublimed or precipitated; colloidal sulphur",current,
15099000,Other,current,
15092000,Extra virgin olive oil,current,
15094000,Other virgin olive oils,current,
15093000,Virgin olive oil,current,
27022000,Agglomerated lignite,current,
27021000,"Lignite, whether or not pulverised, but not agglomerated",current,
25261000,"Not crushed, not powdered",current,
25262000,Crushed or powdered,current,
09093200,Crushed or ground,current,
09093100,Neither crushed nor ground,current,
19012000,Mixes and doughs for the preparation of bakers' wares of heading 1905,current,
19011000,"Preparations suitable for infants or young children, put up for retail sale",current,
18040000,"Cocoa butter, fat and oil",current,
18020000,"Cocoa shells, husks, skins and other cocoa waste",current,
18050000,"Cocoa powder, not containing added sugar or other sweetening matter",current,
18010000,"Cocoa beans, whole or broken, raw or roasted",current,
07039000,Leeks and other alliaceous vegetables,current,
07032000,Garlic,current,
25221000,Quicklime,current,
25222000,Slaked lime,current,
25223000,Hydraulic lime,current,
29012400,"Buta-1,3-diene and isoprene",current,
29012300,Butene (butylene) and isomers thereof,current,
29012100,Ethylene,current,
29012900,Other,current,
29012200,Propene (propylene),current,
03055200,"Tilapias (Oreochromis spp.), catfish (Pangasius spp., Silurus spp., Clarias spp., Ictalurus spp.), carp (Cyprinus spp., Carassius spp., Ctenopharyngodon idellus, Hypophthalmichthys spp., Cirrhinus spp., Mylopharyngodon piceus, Catla catla, Labeo spp., Osteochilus hasselti, Leptobarbus hoeveni, Megalobrama spp.), eels (Anguilla spp.), Nile perch (Lates niloticus) and snakeheads (Channa spp.)",current,
03011100,Freshwater fish,current,
03011900,Other,current,
05069000,Other,current,
05061000,Ossein and bones treated with acid,current,
07141000,Manioc (cassava),current,
07143000,Yams (Dioscorea spp.),current,
07144000,Taro (Colocasia spp.),current,
07145000,Yautia (Xanthosoma spp.),current,
14011000,Bamboos,current,
14012000,Rattans,current,
14019000,Other,current,
26020000,"Manganese ores and concentrates, including ferruginous manganese ores and concentrates with a manganese content of 20 % or more, calculated on the dry weight",current,
26030000,Copper ores and concentrates,current,
26070000,Lead ores and concentrates,current,
26080000,Zinc ores and concentrates,current,
26180000,Granulated slag (slag sand) from the manufacture of iron or steel,current,
26090000,Tin ores and concentrates,current,
26060000,Aluminium ores and concentrates,current,
26140000,Titanium ores and concentrates,current,
26050000,Cobalt ores and concentrates,current,
26110000,Tungsten ores and concentrates,current,
26100000,Chromium ores and concentrates,current,
26040000,Nickel ores and concentrates,current,
12081000,Of soya beans,current,
12089000,Other,current,
03061500,Norway lobsters (Nephrops norvegicus),current,
08012200,Shelled,current,
08012100,In shell,current,
08011100,Desiccated,current,
08011900,Other,current,
08011200,In the inner shell (endocarp),current,
03075900,Other,current,
03075100,"Live, fresh or chilled",current,
03075200,Frozen,current,
03099000,Other,current,
03091000,Of fish,current,
28364000,Potassium carbonates,current,
28363000,Sodium hydrogencarbonate (sodium bicarbonate),current,
28365000,Calcium carbonate,current,
28366000,Barium carbonate,current,
28362000,Disodium carbonate,current,
03027400,Eels (Anguilla spp.),current,
03027100,Tilapias (Oreochromis spp.),current,
03027200,"Catfish (Pangasius spp., Silurus spp., Clarias spp., Ictalurus spp.)",current,
03027900,Other,current,
03027300,"Carp (Cyprinus spp., Carassius spp., Ctenopharyngodon idellus, Hypophthalmichthys spp., Cirrhinus spp., Mylopharyngodon piceus, Catla catla, Labeo spp., Osteochilus hasselti, Leptobarbus hoeveni, Megalobrama spp.)",current,
03025200,Haddock (Melanogrammus aeglefinus),current,
03025300,Coalfish (Pollachius virens),current,
03025600,"Blue whiting (Micromesistius poutassou, Micromesistius australis)",current,
03025500,Alaska Pollock (Theragra chalcogramma),current,
11081200,Maize (corn) starch,current,
11081100,Wheat starch,current,
11081300,Potato starch,current,
11081400,Manioc (cassava) starch,current,
28191000,Chromium trioxide,current,
25061000,Quartz,current,
25062000,Quartzite,current,
16055500,Octopus,current,
16055400,Cuttlefish and squid,current,
16055200,"Scallops, including queen scallops",current,
16055900,Other,current,
16055600,"Clams, cockles and arkshells",current,
16055800,"Snails, other than sea snails",current,
16055100,Oysters,current,
16055700,Abalone,current,
08025200,Shelled,current,
08025100,In shell,current,
07095100,Mushrooms of the genus Agaricus,current,
07095600,Truffles (Tuber spp.),current,
07095500,"Matsutake (Tricholoma matsutake, Tricholoma magnivelare, Tricholoma anatolicum, Tricholoma dulciolens, Tricholoma caligatum)",current,
07095300,Mushrooms of the genus Cantharellus,current,
07095900,Other,current,
07095400,Shiitake (Lentinus edodes),current,
07095200,Mushrooms of the genus Boletus,current,
10082100,Seed,current,
10082900,Other,current,
12011000,Seed,current,
12019000,Other,current,
11082000,Inulin,current,
10031000,Seed,current,
10039000,Other,current,
28433000,Gold compounds,current,
03031200,"Other Pacific salmon (Oncorhynchus gorbuscha, Oncorhynchus keta, Oncorhynchus tschawytscha, Oncorhynchus kisutch, Oncorhynchus masou and Oncorhynchus rhodurus)",current,
03031100,Sockeye salmon (red salmon) (Oncorhynchus nerka),current,
03031300,Atlantic salmon (Salmo salar) and Danube salmon (Hucho hucho),current,
03031900,Other,current,
17019100,Containing added flavouring or colouring matter,current,
02021000,Carcases and half-carcases,current,
13023100,Agar-agar,current,
13023900,Other,current,
28091000,Diphosphorus pentaoxide,current,
28092000,Phosphoric acid and polyphosphoric acids,current,
28331100,Disodium sulphate,current,
28331900,Other,current,
15101000,Crude olive pomace oil,current,
15109000,Other,current,
21042000,Homogenised composite food preparations,current,
21041000,Soups and broths and preparations therefor,current,
03044500,Swordfish (Xiphias gladius),current,
03044100,"Pacific salmon (Oncorhynchus nerka, Oncorhynchus gorbuscha, Oncorhynchus keta, Oncorhynchus tschawytscha, Oncorhynchus kisutch, Oncorhynchus masou and Oncorhynchus rhodurus), Atlantic salmon (Salmo salar) and Danube salmon (Hucho hucho)",current,
03044600,Toothfish (Dissostichus spp.),current,
03044800,Rays and skates (Rajidae),current,
03044300,"Flat fish (Pleuronectidae, Bothidae, Cynoglossidae, Soleidae, Scophthalmidae and Citharidae)",current,
09082200,Crushed or ground,current,
09082100,Neither crushed nor ground,current,
09101100,Neither crushed nor ground,current,
09101200,Crushed or ground,current,
19030000,"Tapioca and substitutes therefor prepared from starch, in the form of flakes, grains, pearls, siftings or similar forms",current,
28164000,"Oxides, hydroxides and peroxides, of strontium or barium",current,
28161000,Hydroxide and peroxide of magnesium,current,
28403000,Peroxoborates (perborates),current,
15151100,Crude oil,current,
28131000,Carbon disulphide,current,
28061000,Hydrogen chloride (hydrochloric acid),current,
28062000,Chlorosulphuric acid,current,
25087000,Chamotte or dinas earths,current,
25083000,Fireclay,current,
25081000,Bentonite,current,
25085000,"Andalusite, kyanite and sillimanite",current,
25086000,Mullite,current,
25084000,Other clays,current,
25232900,Other,current,
25232100,"White cement, whether or not artificially coloured",current,
26151000,Zirconium ores and concentrates,current,
26159000,Other,current,
03047200,Haddock (Melanogrammus aeglefinus),current,
03047300,Coalfish (Pollachius virens),current,
03047500,Alaska Pollock (Theragra chalcogramma),current,
19043000,Bulgur wheat,current,
03021900,Other,current,
03021300,"Pacific salmon (Oncorhynchus nerka, Oncorhynchus gorbuscha, Oncorhynchus keta, Oncorhynchus tschawytscha, Oncorhynchus kisutch, Oncorhynchus masou and Oncorhynchus rhodurus)",current,
03021400,Atlantic salmon (Salmo salar) and Danube salmon (Hucho hucho),current,
03046100,Tilapias (Oreochromis spp.),current,
03046900,Other,current,
03046200,"Catfish (Pangasius spp., Silurus spp., Clarias spp., Ictalurus spp.)",current,
03046300,Nile perch (Lates niloticus),current,
12030000,Copra,current,
12130000,"Cereal straw and husks, unprepared, whether or not chopped, ground, pressed or in the form of pellets",current,
28170000,Zinc oxide; zinc peroxide,current,
28230000,Titanium oxides,current,
28220000,Cobalt oxides and hydroxides; commercial cobalt oxides,current,
20057000,Olives,current,
20056000,Asparagus,current,
20058000,Sweetcorn (Zea mays var. saccharata),current,
20054000,Peas (Pisum sativum),current,
20051000,Homogenised vegetables,current,
07102200,"Beans (Vigna spp., Phaseolus spp.)",current,
07102100,Peas (Pisum sativum),current,
07102900,Other,current,
03049100,Swordfish (Xiphias gladius),current,
03049700,Rays and skates (Rajidae),current,
03049200,Toothfish (Dissostichus spp.),current,
27112900,Other,current,
27112100,Natural gas,current,
28042100,Argon,current,
02044100,Carcases and half-carcases,current,
08084000,Quinces,current,
15060000,"Other animal fats and oils and their fractions, whether or not refined, but not chemically modified",current,
15200000,"Glycerol, crude; glycerol waters and glycerol lyes",current,
28183000,Aluminium hydroxide,current,
28182000,"Aluminium oxide, other than artificial corundum",current,
28353100,Sodium triphosphate (sodium tripolyphosphate),current,
28353900,Other,current,
27149000,Other,current,
27141000,Bituminous or oil-shale and tar sands,current,
03078700,Other abalone (Haliotis spp.),current,
03078400,Frozen stromboid conchs (Strombus spp.),current,
03078200,"Live, fresh or chilled stromboid conchs (Strombus spp.)",current,
03078800,Other stromboid conchs (Strombus spp.),current,
03078300,Frozen abalone (Haliotis spp.),current,
03078100,"Live, fresh or chilled abalone (Haliotis spp.)",current,
25169000,Other monumental or building stone,current,
25162000,Sandstone,current,
21031000,Soya sauce,current,
21032000,Tomato ketchup and other tomato sauces,current,
28261200,Of aluminium,current,
28112200,Silicon dioxide,current,
28112100,Carbon dioxide,current,
07089000,Other leguminous vegetables,current,
07082000,"Beans (Vigna spp., Phaseolus spp.)",current,
07081000,Peas (Pisum sativum),current,
02013000,Boneless,current,
02011000,Carcases and half-carcases,current,
28153000,Peroxides of sodium or potassium,current,
28152000,Potassium hydroxide (caustic potash),current,
03043900,Other,current,
03043300,Nile perch (Lates niloticus),current,
03043100,Tilapias (Oreochromis spp.),current,
03043200,"Catfish (Pangasius spp., Silurus spp., Clarias spp., Ictalurus spp.)",current,
10019900,Other,current,
25202000,Plasters,current,
25201000,Gypsum; anhydrite,current,
28432100,Silver nitrate,current,
28432900,Other,current,
10079000,Other,current,
26203000,Containing mainly copper,current,
26204000,Containing mainly aluminium,current,
26206000,"Containing arsenic, mercury, thallium or their mixtures, of a kind used for the extraction of arsenic or those metals or for the manufacture of their chemical compounds",current,
07133400,Bambara beans (Vigna subterranea or Voandzeia subterranea),current,
07133100,Beans of the species Vigna mungo (L.) Hepper or Vigna radiata (L.) Wilczek,current,
07133900,Other,current,
07133500,Cow peas (Vigna unguiculata),current,
07133200,Small red (Adzuki) beans (Phaseolus or Vigna angularis),current,
08026200,Shelled,current,
08026100,In shell,current,
07123100,Mushrooms of the genus Agaricus,current,
07123300,Jelly fungi (Tremella spp.),current,
07123900,Other,current,
07123200,Wood ears (Auricularia spp.),current,
07123400,Shiitake (Lentinus edodes),current,
03029200,Shark fins,current,
03029900,Other,current,
03029100,"Livers, roes and milt",current,
04072100,Of fowls of the species Gallus domesticus,current,
05079000,Other,current,
05071000,Ivory; ivory powder and waste,current,
24039100,Homogenised or reconstituted tobacco,current,
23066000,Of palm nuts or kernels,current,
23062000,Of linseed,current,
23065000,Of coconut or copra,current,
23063000,Of sunflower seeds,current,
23061000,Of cotton seeds,current,
12122100,Fit for human consumption,current,
12122900,Other,current,
25181000,"Dolomite, not calcined or sintered",current,
25182000,Calcined or sintered dolomite,current,
10049000,Other,current,
10041000,Seed,current,
09083200,Crushed or ground,current,
09083100,Neither crushed nor ground,current,
03077100,"Live, fresh or chilled",current,
03077900,Other,current,
26202900,Other,current,
26202100,Leaded gasoline sludges and leaded anti-knock compound sludges,current,
25292200,Containing by weight more than 97 % of calcium fluoride,current,
25292100,Containing by weight 97 % or less of calcium fluoride,current,
02062100,Tongues,current,
02062200,Livers,current,
21011100,"Extracts, essences and concentrates",current,
28341000,Nitrites,current,
28271000,Ammonium chloride,current,
28272000,Calcium chloride,current,
28276000,Iodides and iodide oxides,current,
03081200,Frozen,current,
03081100,"Live, fresh or chilled",current,
03081900,Other,current,
08052900,Other,current,
08052200,Clementines,current,
06024000,"Roses, grafted or not",current,
06023000,"Rhododendrons and azaleas, grafted or not",current,
26011100,Non-agglomerated,current,
26011200,Agglomerated,current,
20092100,Of a Brix value not exceeding 20,current,
07061000,Carrots and turnips,current,
22029100,Non-alcoholic beer,current,
22021000,"Waters, including mineral waters and aerated waters, containing added sugar or other sweetening matter or flavoured",current,
25293000,Leucite; nepheline and nepheline syenite,current,
25291000,Feldspar,current,
04090000,Natural honey,current,
24041100,Containing tobacco or reconstituted tobacco,current,
24041200,"Other, containing nicotine",current,
20059100,Bamboo shoots,current,
28311000,Of sodium,current,
28319000,Other,current,
28417000,Molybdates,current,
28415000,Other chromates and dichromates; peroxochromates,current,
28418000,Tungstates (wolframates),current,
28413000,Sodium dichromate,current,
09092200,Crushed or ground,current,
09092100,Neither crushed nor ground,current,
17031000,Cane molasses,current,
17039000,Other,current,
27131100,Not calcined,current,
27131200,Calcined,current,
25051000,Silica sands and quartz sands,current,
25059000,Other,current,
51053100,Of Kashmir (cashmere) goats,current,
44013900,Other,current,
07042000,Brussels sprouts,current,
57022000,Floor coverings of coconut fibres (coir),current,
90272000,Chromatographs and electrophoresis instruments,current,
29182200,"o-Acetylsalicylic acid, its salts and esters",current,
71041000,Piezoelectric quartz,current,
83024200,"Other, suitable for furniture",current,
85395100,Light-emitting diode (LED) modules,current,
70023100,Of fused quartz or other fused silica,current,
52062300,"Measuring less than 232,56 decitex but not less than 192,31 decitex (exceeding 43 metric number but not exceeding 52 metric number)",current,
85351000,Fuses,current,
44123900,"Other, with both outer plies of coniferous wood",current,
81029400,"Unwrought molybdenum, including bars and rods obtained simply by sintering",current,
37019100,For colour photography (polychrome),current,
54024800,"Other, of polypropylene",current,
55142200,"3-thread or 4-thread twill, including cross twill, of polyester staple fibres",current,
84221900,Other,current,
52053300,"Measuring per single yarn less than 232,56 decitex but not less than 192,31 decitex (exceeding 43 metric number but not exceeding 52 metric number per single yarn)",current,
84149000,Parts,current,
84147000,Gas-tight biological safety cabinets,current,
68138900,Other,current,
52054300,"Measuring per single yarn less than 232,56 decitex but not less than 192,31 decitex (exceeding 43 metric number but not exceeding 52 metric number per single yarn)",current,
84603100,Numerically controlled,current,
07134000,Lentils,current,
31025000,Sodium nitrate,current,
53092900,Other,current,
72122000,Electrolytically plated or coated with zinc,current,
84841000,Gaskets and similar joints of metal sheeting combined with other material or of two or more layers of metal,current,
20089100,Palm hearts,current,
84678100,Chainsaws,current,
52115200,"3-thread or 4-thread twill, including cross twill",current,
94029000,Other,current,
84451900,Other,current,
44031100,Coniferous,current,
49052000,In book form,current,
85401200,Monochrome,current,
62123000,Corselettes,current,
84158200,"Other, incorporating a refrigerating unit",current,
30049000,Other,current,
44189200,Cellular wood panels,current,
25191000,Natural magnesium carbonate (magnesite),current,
29333400,Other fentanyls and their derivatives,current,
83091000,Crown corks,current,
32149000,Other,current,
83081000,"Hooks, eyes and eyelets",current,
96031000,"Brooms and brushes, consisting of twigs or other vegetable materials bound together, with or without handles",current,
29039300,Pentachlorobenzene (ISO),current,
38061000,Rosin and resin acids,current,
29151200,Salts of formic acid,current,
58023000,Tufted textile fabrics,current,
88052100,Air combat simulators and parts thereof,current,
58013100,Uncut weft pile fabrics,current,
74102200,Of copper alloys,current,
83082000,Tubular or bifurcated rivets,current,
85167200,Toasters,current,
63063000,Sails,current,
48204000,Manifold business forms and interleaved carbon sets,current,
84806000,Moulds for mineral materials,current,
29181300,Salts and esters of tartaric acid,current,
85269200,Radio remote control apparatus,current,
48195000,"Other packing containers, including record sleeves",current,
59041000,Linoleum,current,
30044100,Containing ephedrine or its salts,current,
49119900,Other,current,
44199000,Other,current,
91081100,With mechanical display only or with a device to which a mechanical display can be incorporated,current,
54033100,"Of viscose rayon, untwisted or with a twist not exceeding 120 turns per metre",current,
29319000,Other,current,
85258300,"Other, night vision goods as specified in subheading note 3 to this chapter",current,
96159000,Other,current,
02064900,Other,current,
81082000,Unwrought titanium; powders,current,
48202000,Exercise books,current,
86071200,Other bogies and bissel-bogies,current,
37071000,Sensitising emulsions,current,
55122100,Unbleached or bleached,current,
29391900,Other,current,
32091000,Based on acrylic or vinyl polymers,current,
56050000,"Metallised yarn, whether or not gimped, being textile yarn, or strip or the like of heading 5404 or 5405, combined with metal in the form of thread, strip or powder or covered with metal",current,
38254100,Halogenated,current,
84295900,Other,current,
76110000,"Aluminium reservoirs, tanks, vats and similar containers, for any material (other than compressed or liquefied gas), of a capacity exceeding 300 litres, whether or not lined or heat-insulated, but not fitted with mechanical or thermal equipment",current,
69101000,Of porcelain or china,current,
52115900,Other fabrics,current,
18063100,Filled,current,
61072200,Of man-made fibres,current,
44061100,Coniferous,current,
73051200,"Other, longitudinally welded",current,
29151100,Formic acid,current,
56072100,Binder or baler twine,current,
40169200,Erasers,current,
32041700,Pigments and preparations based thereon,current,
52105100,Plain weave,current,
95082100,Roller coasters,current,
84682000,Other gas-operated machinery and apparatus,current,
53091900,Other,current,
34024900,Other,current,
29043300,Lithium perfluorooctane sulphonate,current,
29333600,4-Anilino-N-phenethylpiperidine (ANPP),current,
28201000,Manganese dioxide,current,
29414000,Chloramphenicol and its derivatives; salts thereof,current,
84513000,Ironing machines and presses (including fusing presses),current,
63062900,Of other textile materials,current,
84462900,Other,current,
07094000,Celery other than celeriac,current,
84463000,"For weaving fabrics of a width exceeding 30 cm, shuttleless type",current,
44092200,Of tropical wood,current,
84336000,"Machines for cleaning, sorting or grading eggs, fruit or other agricultural produce",current,
85013400,Of an output exceeding 375 kW,current,
85415900,Other,current,
29161200,Esters of acrylic acid,current,
91111000,Cases of precious metal or of metal clad with precious metal,current,
55052000,Of artificial fibres,current,
29362900,Other vitamins and their derivatives,current,
38221200,For Zika and other diseases transmitted by mosquitoes of the genus Aedes,current,
29181100,"Lactic acid, its salts and esters",current,
60011000,Long pile fabrics,current,
29153200,Vinyl acetate,current,
76051900,Other,current,
84451200,Combing machines,current,
84303900,Other,current,
80030000,"Tin bars, rods, profiles and wire",current,
32050000,Colour lakes; preparations as specified in note 3 to this chapter based on colour lakes,current,
41139000,Other,current,
36061000,Liquid or liquefied-gas fuels in containers of a kind used for filling or refilling cigarette or similar lighters and of a capacity not exceeding 300 cm3,current,
74071000,Of refined copper,current,
71179000,Other,current,
29329300,Piperonal,current,
29339200,Azinphos-methyl (ISO),current,
58063100,Of cotton,current,
60063200,Dyed,current,
92089000,Other,current,
55169100,Unbleached or bleached,current,
38251000,Municipal waste,current,
84669400,For machines of heading 8462 or 8463,current,
02063000,"Of swine, fresh or chilled",current,
60064200,Dyed,current,
55112000,"Of synthetic staple fibres, containing less than 85 % by weight of such fibres",current,
08045000,"Guavas, mangoes and mangosteens",current,
06031400,Chrysanthemums,current,
30034300,Containing norephedrine or its salts,current,
55062000,Of polyesters,current,
55161300,Of yarns of different colours,current,
39205100,Of poly(methyl methacrylate),current,
54082400,Printed,current,
70032000,Wired sheets,current,
81033000,Waste and scrap,current,
40149000,Other,current,
54081000,Woven fabrics obtained from high-tenacity yarn of viscose rayon,current,
52042000,Put up for retail sale,current,
93012000,Rocket launchers; flame-throwers; grenade launchers; torpedo tubes and similar projectors,current,
29041000,"Derivatives containing only sulpho groups, their salts and ethyl esters",current,
93040000,"Other arms (for example, spring, air or gas guns and pistols, truncheons), excluding those of heading 9307",current,
38021000,Activated carbon,current,
95082500,Water rides,current,
84384000,Brewery machinery,current,
95065100,"Lawn-tennis rackets, whether or not strung",current,
39239000,Other,current,
03071200,Frozen,current,
62111100,Men's or boys',current,
61046200,Of cotton,current,
84253900,Other,current,
84772000,Extruders,current,
23040000,"Oilcake and other solid residues, whether or not ground or in the form of pellets, resulting from the extraction of soya-bean oil",current,
29221100,Monoethanolamine and its salts,current,
84158100,Incorporating a refrigerating unit and a valve for reversal of the cooling/heat cycle (reversible heat pumps),current,
36010000,Propellent powders,current,
94015900,Other,current,
25172000,"Macadam of slag, dross or similar industrial waste, whether or not incorporating the materials cited in subheading 251710",current,
84515000,"Machines for reeling, unreeling, folding, cutting or pinking textile fabrics",current,
82042000,"Interchangeable spanner sockets, with or without handles",current,
47062000,Pulps of fibres derived from recovered (waste and scrap) paper or paperboard,current,
68152000,Articles of peat,current,
90148000,Other instruments and appliances,current,
84118100,Of a power not exceeding 5000 kW,current,
94021000,"Dentists', barbers' or similar chairs and parts thereof",current,
10021000,Seed,current,
29036100,Methyl bromide (bromomethane),current,
74101200,Of copper alloys,current,
08043000,Pineapples,current,
68159900,Other,current,
88040000,Parachutes (including dirigible parachutes and paragliders) and rotochutes; parts thereof and accessories thereto,current,
44034200,Teak,current,
61071100,Of cotton,current,
29335500,"Loprazolam (INN), mecloqualone (INN), methaqualone (INN) and zipeprol (INN); salts thereof",current,
62151000,Of silk or silk waste,current,
29311000,Tetramethyl lead and tetraethyl lead,current,
90079200,For projectors,current,
39053000,"Poly(vinyl alcohol), whether or not containing unhydrolysed acetate groups",current,
90183900,Other,current,
85098000,Other appliances,current,
74130000,"Stranded wire, cables, plaited bands and the like, of copper, not electrically insulated",current,
49021000,Appearing at least four times a week,current,
30032000,"Other, containing antibiotics",current,
29321200,2-Furaldehyde (furfuraldehyde),current,
85063000,Mercuric oxide,current,
55152900,Other,current,
55092200,Multiple (folded) or cabled yarn,current,
90132000,"Lasers, other than laser diodes",current,
75022000,Nickel alloys,current,
40121900,Other,current,
72271000,Of high-speed steel,current,
61169900,Of other textile materials,current,
74092100,In coils,current,
25174900,Other,current,
75071200,Of nickel alloys,current,
85211000,Magnetic tape-type,current,
52051300,"Measuring less than 232,56 decitex but not less than 192,31 decitex (exceeding 43 metric number but not exceeding 52 metric number)",current,
31051000,Goods of this chapter in tablets or similar forms or in packages of a gross weight not exceeding 10 kg,current,
72288000,Hollow drill bars and rods,current,
30066000,"Chemical contraceptive preparations based on hormones, on other products of heading 2937 or on spermicides",current,
84059000,Parts,current,
84254200,"Other jacks and hoists, hydraulic",current,
84625900,Other,current,
33072000,Personal deodorants and antiperspirants,current,
73011000,Sheet piling,current,
29314300,Diethyl ethylphosphonate,current,
44149000,Other,current,
86031000,Powered from an external source of electricity,current,
36033000,Percussion caps,current,
16041100,Salmon,current,
39209400,Of phenolic resins,current,
48022000,"Paper and paperboard of a kind used as a base for photosensitive, heat-sensitive or electrosensitive paper or paperboard",current,
61046300,Of synthetic fibres,current,
40169100,Floor coverings and mats,current,
29071200,Cresols and their salts,current,
36034000,Detonating caps,current,
90223000,X-ray tubes,current,
62045300,Of synthetic fibres,current,
52082300,"3-thread or 4-thread twill, including cross twill",current,
90303100,"Multimeters, without a recording device",current,
52054400,"Measuring per single yarn less than 192,31 decitex but not less than 125 decitex (exceeding 52 metric number but not exceeding 80 metric number per single yarn)",current,
37019900,Other,current,
29034300,"Fluoromethane (HFC-41), 1,2-difluoroethane (HFC-152) and 1,1-difluoroethane (HFC-152a)",current,
15211000,Vegetable waxes,current,
32151900,Other,current,
29234000,Didecyldimethylammonium perfluorooctane sulphonate,current,
73182400,Cotters and cotter pins,current,
41131000,Of goats or kids,current,
90069100,For cameras,current,
90269000,Parts and accessories,current,
29214300,Toluidines and their derivatives; salts thereof,current,
84649000,Other,current,
84221100,Of the household type,current,
54026300,Of polypropylene,current,
85271200,Pocket-size radio cassette players,current,
71069200,Semi-manufactured,current,
28371900,Other,current,
84212100,For filtering or purifying water,current,
85198900,Other,current,
40151200,"Of a kind used for medical, surgical, dental or veterinary purposes",current,
84659200,"Planing, milling or moulding (by cutting) machines",current,
29121100,Methanal (formaldehyde),current,
85272900,Other,current,
55061000,Of nylon or other polyamides,current,
38086900,Other,current,
85241200,Of organic light-emitting diodes (OLED),current,
61122000,Ski suits,current,
29224100,Lysine and its esters; salts thereof,current,
60062400,Printed,current,
85152100,Fully or partly automatic,current,
74031200,Wire-bars,current,
70102000,"Stoppers, lids and other closures",current,
86011000,Powered from an external source of electricity,current,
38279000,Other,current,
38276800,"Other, not included in the subheadings above, containing substances of subheadings 290341 to 290348",current,
74032200,Copper-tin base alloys (bronze),current,
73158200,"Other, welded link",current,
86012000,Powered by electric accumulators,current,
16056900,Other,current,
31053000,Diammonium hydrogenorthophosphate (diammonium phosphate),current,
61034300,Of synthetic fibres,current,
85416000,Mounted piezo-electric crystals,current,
84595900,Other,current,
57029100,Of wool or fine animal hair,current,
83079000,Of other base metal,current,
73181100,Coach screws,current,
25041000,In powder or in flakes,current,
54083100,Unbleached or bleached,current,
56022900,Of other textile materials,current,
28151100,Solid,current,
64011000,Footwear incorporating a protective metal toecap,current,
95082400,Motion simulators and moving theatres,current,
47050000,Wood pulp obtained by a combination of mechanical and chemical pulping processes,current,
61032300,Of synthetic fibres,current,
23064100,Of low erucic acid rape or colza seeds,current,
81124900,Other,current,
29089200,"4,6-Dinitro-o-cresol (DNOC (ISO)) and its salts",current,
72261100,Grain-oriented,current,
71131900,"Of other precious metal, whether or not plated or clad with precious metal",current,
29337200,Clobazam (INN) and methyprylon (INN),current,
85364900,Other,current,
84146000,Hoods having a maximum horizontal side not exceeding 120 cm,current,
37024200,"Of a width exceeding 610 mm and of a length exceeding 200 m, other than for colour photography",current,
74091900,Other,current,
82089000,Other,current,
84304100,Self-propelled,current,
91069000,Other,current,
29153600,Dinoseb (ISO) acetate,current,
96019000,Other,current,
84383000,Machinery for sugar manufacture,current,
87114000,With internal combustion piston engine of a cylinder capacity exceeding 500 cm3 but not exceeding 800 cm3,current,
85221000,Pick-up cartridges,current,
90063000,"Cameras specially designed for underwater use, for aerial survey or for medical or surgical examination of internal organs; comparison cameras for forensic or criminological purposes",current,
29224300,Anthranilic acid and its salts,current,
90319000,Parts and accessories,current,
71104900,Other,current,
55101200,Multiple (folded) or cabled yarn,current,
96131000,"Pocket lighters, gas fuelled, non-refillable",current,
29223900,Other,current,
97052100,Human specimens and parts thereof,current,
90278100,Mass spectrometers,current,
91029900,Other,current,
38086200,"In packings of a net weight content exceeding 300 g but not exceeding 7,5 kg",current,
44124900,"Other, with both outer plies of coniferous wood",current,
84485900,Other,current,
85115000,Other generators,current,
29214900,Other,current,
93059900,Other,current,
38019000,Other,current,
09012100,Not decaffeinated,current,
91051100,Electrically operated,current,
55161400,Printed,current,
88069300,With maximum take-off weight more than 7 kg but not more than 25 kg,current,
55096100,Mixed mainly or solely with wool or fine animal hair,current,
85409100,Of cathode ray tubes,current,
51012900,Other,current,
61045200,Of cotton,current,
29071300,"Octylphenol, nonylphenol and their isomers; salts thereof",current,
13012000,Gum Arabic,current,
84014000,Parts of nuclear reactors (Euratom),current,
10011100,Seed,current,
88069200,With maximum take-off weight more than 250 g but not more than 7 kg,current,
25210000,"Limestone flux; limestone and other calcareous stone, of a kind used for the manufacture of lime or cement",current,
65070000,"Headbands, linings, covers, hat foundations, hat frames, peaks and chinstraps, for headgear",current,
89052000,Floating or submersible drilling or production platforms,current,
32099000,Other,current,
91091000,Electrically operated,current,
53031000,"Jute and other textile bast fibres, raw or retted",current,
52094900,Other fabrics,current,
29221900,Other,current,
59061000,Adhesive tape of a width not exceeding 20 cm,current,
29031200,Dichloromethane (methylene chloride),current,
40115000,Of a kind used on bicycles,current,
68041000,"Millstones and grindstones for milling, grinding or pulping",current,
90179000,Parts and accessories,current,
85183000,"Headphones and earphones, whether or not combined with a microphone, and sets consisting of a microphone and one or more loudspeakers",current,
39153000,Of polymers of vinyl chloride,current,
85181000,Microphones and stands therefor,current,
29061200,"Cyclohexanol, methylcyclohexanols and dimethylcyclohexanols",current,
87035000,"Other vehicles, with both compression-ignition internal combustion piston engine (diesel or semi-diesel) and electric motor as motors for propulsion, other than those capable of being charged by plugging to external source of electric power",current,
09011200,Decaffeinated,current,
52085200,"Plain weave, weighing more than 100 g/m2",current,
62089100,Of cotton,current,
54073000,Fabrics specified in note 9 to Section XI,current,
84723000,"Machines for sorting or folding mail or for inserting mail in envelopes or bands, machines for opening, closing or sealing mail and machines for affixing or cancelling postage stamps",current,
88052900,Other,current,
52101100,Plain weave,current,
29104000,"Dieldrin (ISO, INN)",current,
84819000,Parts,current,
84071000,Aircraft engines,current,
54025100,Of nylon or other polyamides,current,
25301000,"Vermiculite, perlite and chlorites, unexpanded",current,
85301000,Equipment for railways or tramways,current,
52051100,"Measuring 714,29 decitex or more (not exceeding 14 metric number)",current,
39211900,Of other plastics,current,
54023100,"Of nylon or other polyamides, measuring per single yarn not more than 50 tex",current,
29124200,Ethylvanillin (3-ethoxy-4-hydroxybenzaldehyde),current,
90181400,Scintigraphic apparatus,current,
52094200,Denim,current,
27081000,Pitch,current,
84471100,With cylinder diameter not exceeding 165 mm,current,
68149000,Other,current,
30024200,Vaccines for veterinary medicine,current,
92051000,Brass-wind instruments,current,
28111200,Hydrogen cyanide (hydrocyanic acid),current,
85394100,Arc lamps,current,
31039000,Other,current,
40029100,Latex,current,
37039000,Other,current,
60063400,Printed,current,
85023100,Wind-powered,current,
90279000,Microtomes; parts and accessories,current,
85367000,"Connectors for optical fibres, optical fibre bundles or cables",current,
90106000,Projection screens,current,
61179000,Parts,current,
40111000,Of a kind used on motor cars (including station wagons and racing cars),current,
96085000,Sets of articles from two or more of the foregoing subheadings,current,
03054200,"Herrings (Clupea harengus, Clupea pallasii)",current,
70196100,Closed woven fabrics of rovings,current,
61159500,Of cotton,current,
29011000,Saturated,current,
84523000,Sewing machine needles,current,
40139000,Other,current,
52083900,Other fabrics,current,
43022000,"Heads, tails, paws and other pieces or cuttings, not assembled",current,
12129200,Locust beans (carob),current,
54021100,Of aramids,current,
52053200,"Measuring per single yarn less than 714,29 decitex but not less than 232,56 decitex (exceeding 14 metric number but not exceeding 43 metric number per single yarn)",current,
91109000,Other,current,
75089000,Other,current,
29372900,Other,current,
84804100,Injection or compression types,current,
52095900,Other fabrics,current,
83026000,Automatic door closers,current,
48196000,"Box files, letter trays, storage boxes and similar articles, of a kind used in offices, shops or the like",current,
29094400,Other monoalkylethers of ethylene glycol or of diethylene glycol,current,
52081300,"3-thread or 4-thread twill, including cross twill",current,
74151000,"Nails and tacks, drawing pins, staples and similar articles",current,
22071000,Undenatured ethyl alcohol of an alcoholic strength by volume of 80 % vol or higher,current,
87037000,"Other vehicles, with both compression-ignition internal combustion piston engine (diesel or semi-diesel) and electric motor as motors for propulsion, capable of being charged by plugging to external source of electric power",current,
60063300,Of yarns of different colours,current,
29252100,Chlordimeform (ISO),current,
32041600,Reactive dyes and preparations based thereon,current,
90111000,Stereoscopic microscopes,current,
74094000,Of copper-nickel base alloys (cupro-nickel) or copper-nickel-zinc base alloys (nickel silver),current,
52103900,Other fabrics,current,
29349200,Other fentanyls and their derivatives,current,
55144300,Other woven fabrics of polyester staple fibres,current,
24021000,"Cigars, cheroots and cigarillos, containing tobacco",current,
71151000,"Catalysts in the form of wire cloth or grill, of platinum",current,
29043500,Other salts of perfluorooctane sulphonic acid,current,
82014000,"Axes, billhooks and similar hewing tools",current,
85391000,Sealed beam lamp units,current,
40118000,"Of a kind used on construction, mining or industrial handling vehicles and machines",current,
52054100,"Measuring per single yarn 714,29 decitex or more (not exceeding 14 metric number per single yarn)",current,
29211400,"2-(N,N-Diisopropylamino)ethylchloride hydrochloride",current,
85177900,Other,current,
73239200,"Of cast iron, enamelled",current,
85352100,"For a voltage of less than 72,5 kV",current,
29202400,Triethyl phosphite,current,
08072000,Papaws (papayas),current,
03054300,"Trout (Salmo trutta, Oncorhynchus mykiss, Oncorhynchus clarki, Oncorhynchus aguabonita, Oncorhynchus gilae, Oncorhynchus apache and Oncorhynchus chrysogaster)",current,
28291100,Of sodium,current,
31049000,Other,current,
90301000,Instruments and apparatus for measuring or detecting ionising radiation,current,
52052300,"Measuring less than 232,56 decitex but not less than 192,31 decitex (exceeding 43 metric number but not exceeding 52 metric number)",current,
86071100,Driving bogies and bissel-bogies,current,
39206900,Of other polyesters,current,
85407100,Magnetrons,current,
85118000,Other equipment,current,
70091000,Rear-view mirrors for vehicles,current,
57029900,Of other textile materials,current,
85279100,Combined with sound recording or reproducing apparatus,current,
85322900,Other,current,
72102000,"Plated or coated with lead, including terne-plate",current,
29031500,"Ethylene dichloride (ISO) (1,2-dichloroethane)",current,
44189900,Other,current,
39121100,Non-plasticised,current,
84663000,Dividing heads and other special attachments for machines,current,
52054700,"Measuring per single yarn less than 106,38 decitex but not less than 83,33 decitex (exceeding 94 metric number but not exceeding 120 metric number per single yarn)",current,
37025600,Of a width exceeding 35 mm,current,
83023000,"Other mountings, fittings and similar articles suitable for motor vehicles",current,
63049900,"Not knitted or crocheted, of other textile materials",current,
75012000,Nickel oxide sinters and other intermediate products of nickel metallurgy,current,
50010000,Silkworm cocoons suitable for reeling,current,
73052000,Casing of a kind used in drilling for oil or gas,current,
84323100,"No-till direct seeders, planters and transplanters",current,
52061100,"Measuring 714,29 decitex or more (not exceeding 14 metric number)",current,
83062100,Plated with precious metal,current,
62129000,Other,current,
84314100,"Buckets, shovels, grabs and grips",current,
89061000,Warships,current,
32041200,"Acid dyes, whether or not premetallised, and preparations based thereon; mordant dyes and preparations based thereon",current,
52052100,"Measuring 714,29 decitex or more (not exceeding 14 metric number)",current,
29312000,Tributyltin compounds,current,
54074300,Of yarns of different colours,current,
29035900,Other,current,
84145100,"Table, floor, wall, window, ceiling or roof fans, with a self-contained electric motor of an output not exceeding 125 W",current,
30044900,Other,current,
84752900,Other,current,
73051900,Other,current,
90031100,Of plastics,current,
55144100,"Of polyester staple fibres, plain weave",current,
48025400,Weighing less than 40 g/m2,current,
07114000,Cucumbers and gherkins,current,
29371100,"Somatotropin, its derivatives and structural analogues",current,
27132000,Petroleum bitumen,current,
84453000,Textile doubling or twisting machines,current,
40082900,Other,current,
54041200,"Other, of polypropylene",current,
84131900,Other,current,
61071900,Of other textile materials,current,
55164400,Printed,current,
29396100,Ergometrine (INN) and its salts,current,
32121000,Stamping foils,current,
71022900,Other,current,
85412100,With a dissipation rate of less than 1 W,current,
61171000,"Shawls, scarves, mufflers, mantillas, veils and the like",current,
39111000,"Petroleum resins, coumarone, indene or coumarone-indene resins and polyterpenes",current,
29152100,Acetic acid,current,
54034200,Of cellulose acetate,current,
66032000,"Umbrella frames, including frames mounted on shafts (sticks)",current,
48236100,Of bamboo,current,
51111100,Of a weight not exceeding 300 g/m2,current,
72101100,"Of a thickness of 0,5 mm or more",current,
55095100,Mixed mainly or solely with artificial staple fibres,current,
38276500,"Other, not included in the subheadings above, containing 20 % or more by mass of difluoromethane (HFC-32) and 20 % or more by mass of pentafluoroethane (HFC-125)",current,
29314600,"2,4,6-Tripropyl-1,3,5,2,4,6-trioxatriphosphinane 2,4,6-trioxide",current,
84751000,"Machines for assembling electric or electronic lamps, tubes or valves or flashbulbs, in glass envelopes",current,
84425000,"Plates, cylinders and other printing components; plates, cylinders and lithographic stones, prepared for printing purposes (for example, planed, grained or polished)",current,
55163300,Of yarns of different colours,current,
84602400,"Other, numerically controlled",current,
68029200,Other calcareous stone,current,
84399900,Other,current,
90105000,Other apparatus and equipment for photographic (including cinematographic) laboratories; negatoscopes,current,
37024100,"Of a width exceeding 610 mm and of a length exceeding 200 m, for colour photography (polychrome)",current,
85412900,Other,current,
84021200,Watertube boilers with a steam production not exceeding 45 tonnes per hour,current,
72052900,Other,current,
38241000,Prepared binders for foundry moulds or cores,current,
55095900,Other,current,
49089000,Other,current,
84101300,Of a power exceeding 10000 kW,current,
61121100,Of cotton,current,
33074900,Other,current,
03054100,"Pacific salmon (Oncorhynchus nerka, Oncorhynchus gorbuscha, Oncorhynchus keta, Oncorhynchus tschawytscha, Oncorhynchus kisutch, Oncorhynchus masou and Oncorhynchus rhodurus), Atlantic salmon (Salmo salar) and Danube salmon (Hucho hucho)",current,
74192000,"Cast, moulded, stamped or forged, but not further worked",current,
55096900,Other,current,
90013000,Contact lenses,current,
70171000,Of fused quartz or other fused silica,current,
54074200,Dyed,current,
09071000,Neither crushed nor ground,current,
03045100,"Tilapias (Oreochromis spp.), catfish (Pangasius spp., Silurus spp., Clarias spp., Ictalurus spp.), carp (Cyprinus spp., Carassius spp., Ctenopharyngodon idellus, Hypophthalmichthys spp., Cirrhinus spp., Mylopharyngodon piceus, Catla catla, Labeo spp., Osteochilus hasselti, Leptobarbus hoeveni, Megalobrama spp.), eels (Anguilla spp.), Nile perch (Lates niloticus) and snakeheads (Channa spp.)",current,
83112000,"Cored wire of base metal, for electric arc-welding",current,
45011000,"Natural cork, raw or simply prepared",current,
57023900,Of other textile materials,current,
38271200,Containing hydrobromofluorocarbons (HBFCs),current,
81041100,"Containing at least 99,8 % by weight of magnesium",current,
51052100,Combed wool in fragments,current,
90282000,Liquid meters,current,
68151900,Other,current,
32062000,Pigments and preparations based on chromium compounds,current,
63062200,Of synthetic fibres,current,
29202300,Trimethyl phosphite,current,
29261000,Acrylonitrile,current,
41022100,Pickled,current,
44041000,Coniferous,current,
40151900,Other,current,
85087000,Parts,current,
29036200,"Ethylene dibromide (ISO) (1,2-dibromoethane)",current,
57049000,Other,current,
84283100,Specially designed for underground use,current,
84542000,Ingot moulds and ladles,current,
90101000,Apparatus and equipment for automatically developing photographic (including cinematographic) film or paper in rolls or for automatically exposing developed film to rolls of photographic paper,current,
40022000,Butadiene rubber (BR),current,
84522100,Automatic units,current,
85451900,Other,current,
29089100,Dinoseb (ISO) and its salts,current,
30043200,"Containing corticosteroid hormones, their derivatives or structural analogues",current,
94017100,Upholstered,current,
55164200,Dyed,current,
71042900,Other,current,
74072900,Other,current,
84313900,Other,current,
44061200,Non-coniferous,current,
30034200,Containing pseudoephedrine (INN) or its salts,current,
54077300,Of yarns of different colours,current,
84702100,Incorporating a printing device,current,
29362500,Vitamin B6 and its derivatives,current,
64032000,"Footwear with outer soles of leather, and uppers which consist of leather straps across the instep and around the big toe",current,
39229000,Other,current,
08022100,In shell,current,
91021900,Other,current,
44092100,Of bamboo,current,
25140000,"Slate, whether or not roughly trimmed or merely cut, by sawing or otherwise, into blocks or slabs of a rectangular (including square) shape",current,
85255000,Transmission apparatus,current,
71171900,Other,current,
39071000,Polyacetals,current,
09012200,Decaffeinated,current,
44188200,Cross-laminated timber (CLT or X-lam),current,
70161000,"Glass cubes and other glass smallwares, whether or not on a backing, for mosaics or similar decorative purposes",current,
72104900,Other,current,
28332700,Of barium,current,
28391100,Sodium metasilicates,current,
84581900,Other,current,
84798200,"Mixing, kneading, crushing, grinding, screening, sifting, homogenising, emulsifying or stirring machines",current,
09042200,Crushed or ground,current,
97019900,Other,current,
61071200,Of man-made fibres,current,
29233000,Tetraethylammonium perfluorooctane sulphonate,current,
68010000,"Setts, curbstones and flagstones, of natural stone (except slate)",current,
37023900,Other,current,
81125100,Unwrought; powders,current,
72042900,Other,current,
84241000,"Fire extinguishers, whether or not charged",current,
25152000,Ecaussine and other calcareous monumental or building stone; alabaster,current,
61072900,Of other textile materials,current,
70196600,Open woven fabrics of a width exceeding 30 cm,current,
32041100,Disperse dyes and preparations based thereon,current,
72142000,"Containing indentations, ribs, grooves or other deformations produced during the rolling process or twisted after rolling",current,
79031000,Zinc dust,current,
39031900,Other,current,
70053000,Wired glass,current,
70033000,Profiles,current,
55121100,Unbleached or bleached,current,
39207100,Of regenerated cellulose,current,
70131000,Of glass ceramics,current,
52063200,"Measuring per single yarn less than 714,29 decitex but not less than 232,56 decitex (exceeding 14 metric number but not exceeding 43 metric number per single yarn)",current,
23050000,"Oilcake and other solid residues, whether or not ground or in the form of pellets, resulting from the extraction of groundnut oil",current,
46021100,Of bamboo,current,
41051000,In the wet state (including wet-blue),current,
92099400,Parts and accessories for the musical instruments of heading 9207,current,
95045000,"Video game consoles and machines, other than those of subheading 950430",current,
43021100,Of mink,current,
29034200,Difluoromethane (HFC-32),current,
84362100,Poultry incubators and brooders,current,
91040000,"Instrument panel clocks and clocks of a similar type for vehicles, aircraft, spacecraft or vessels",current,
84659500,Drilling or morticing machines,current,
60069000,Other,current,
29202100,Dimethyl phosphite,current,
52094300,"Other fabrics of 3-thread or 4-thread twill, including cross twill",current,
52115100,Plain weave,current,
85322100,Tantalum,current,
29362700,Vitamin C and its derivatives,current,
84531000,"Machinery for preparing, tanning or working hides, skins or leather",current,
40026000,Isoprene rubber (IR),current,
94016900,Other,current,
88069100,With maximum take-off weight not more than 250 g,current,
85429000,Parts,current,
63080000,"Sets consisting of woven fabric and yarn, whether or not with accessories, for making up into rugs, tapestries, embroidered tablecloths or serviettes, or similar textile articles, put up in packings for retail sale",current,
85414200,Photovoltaic cells not assembled in modules or made up into panels,current,
84762100,Incorporating heating or refrigerating devices,current,
29306000,"2-(N,N-Diethylamino)ethanethiol",current,
48059100,Weighing 150 g/m2 or less,current,
63024000,"Table linen, knitted or crocheted",current,
44039900,Other,current,
84773000,Blow-moulding machines,current,
82011000,Spades and shovels,current,
62102000,"Other garments, of the type described in heading 6201",current,
91061000,Time-registers; time-recorders,current,
54079300,Of yarns of different colours,current,
85164000,Electric smoothing irons,current,
38190000,"Hydraulic brake fluids and other prepared liquids for hydraulic transmission, not containing or containing less than 70 % by weight of petroleum oils or oils obtained from bituminous minerals",current,
52052700,"Measuring less than 106,38 decitex but not less than 83,33 decitex (exceeding 94 metric number but not exceeding 120 metric number)",current,
63023100,Of cotton,current,
55134100,"Of polyester staple fibres, plain weave",current,
63052000,Of cotton,current,
44191200,Chopsticks,current,
52052600,"Measuring less than 125 decitex but not less than 106,38 decitex (exceeding 80 metric number but not exceeding 94 metric number)",current,
88072000,Under-carriages and parts thereof,current,
38151100,With nickel or nickel compounds as the active substance,current,
41151000,"Composition leather with a basis of leather or leather fibre, in slabs, sheets or strip, whether or not in rolls",current,
29329500,Tetrahydrocannabinols (all isomers),current,
58090000,"Woven fabrics of metal thread and woven fabrics of metallised yarn of heading 5605, of a kind used in apparel, as furnishing fabrics or for similar purposes, not elsewhere specified or included",current,
72083700,"Of a thickness of 4,75 mm or more but not exceeding 10 mm",current,
51122000,"Other, mixed mainly or solely with man-made filaments",current,
85287300,"Other, monochrome",current,
03069100,"Rock lobster and other sea crawfish (Palinurus spp., Panulirus spp., Jasus spp.)",current,
41142000,Patent leather and patent laminated leather; metallised leather,current,
58081000,"Braids, in the piece",current,
29062900,Other,current,
96062100,"Of plastics, not covered with textile material",current,
40101200,Reinforced only with textile materials,current,
84314200,Bulldozer or angledozer blades,current,
84112100,Of a power not exceeding 1100 kW,current,
92099200,Parts and accessories for the musical instruments of heading 9202,current,
31029000,"Other, including mixtures not specified in the foregoing subheadings",current,
84864000,Machines and apparatus specified in note 11(C) to this chapter,current,
23025000,Of leguminous plants,current,
73053900,Other,current,
90328100,Hydraulic or pneumatic,current,
51011900,Other,current,
85434000,Electronic cigarettes and similar personal electric vaporizing devices,current,
21023000,Prepared baking powders,current,
52092100,Plain weave,current,
31043000,Potassium sulphate,current,
84713000,"Portable automatic data-processing machines, weighing not more than 10 kg, consisting of at least a central processing unit, a keyboard and a display",current,
68051000,On a base of woven textile fabric only,current,
54075100,Unbleached or bleached,current,
29173200,Dioctyl orthophthalates,current,
44185000,Shingles and shakes,current,
38099300,Of a kind used in the leather or like industries,current,
81122200,Waste and scrap,current,
96089900,Other,current,
39076100,Having a viscosity number of 78 ml/g or higher,current,
82119100,Table knives having fixed blades,current,
29103000,"1-Chloro-2,3-epoxypropane (epichlorohydrin)",current,
02074300,"Fatty livers, fresh or chilled",current,
39189000,Of other plastics,current,
54078400,Printed,current,
96062200,"Of base metal, not covered with textile material",current,
48101300,In rolls,current,
89033100,"Of a length not exceeding 7,5 m",current,
52083300,"3-thread or 4-thread twill, including cross twill",current,
84483300,"Spindles, spindle flyers, spinning rings and ring travellers",current,
29333100,Pyridine and its salts,current,
63031200,Of synthetic fibres,current,
62143000,Of synthetic fibres,current,
84099100,Suitable for use solely or principally with spark-ignition internal combustion piston engines,current,
39089000,Other,current,
16054000,Other crustaceans,current,
52061400,"Measuring less than 192,31 decitex but not less than 125 decitex (exceeding 52 metric number but not exceeding 80 metric number)",current,
84594100,Numerically controlled,current,
73143100,Plated or coated with zinc,current,
93039000,Other,current,
84715000,"Processing units other than those of subheading 847141 or 847149, whether or not containing in the same housing one or two of the following types of unit: storage units, input units, output units",current,
29054100,"2-Ethyl-2-(hydroxymethyl)propane-1,3-diol (trimethylolpropane)",current,
72092500,Of a thickness of 3 mm or more,current,
74093100,In coils,current,
53071000,Single,current,
82013000,"Mattocks, picks, hoes and rakes",current,
62171000,Accessories,current,
76152000,Sanitary ware and parts thereof,current,
85284900,Other,current,
62064000,Of man-made fibres,current,
58021000,"Terry towelling and similar woven terry fabrics, of cotton",current,
84386000,"Machinery for the preparation of fruits, nuts or vegetables",current,
52053100,"Measuring per single yarn 714,29 decitex or more (not exceeding 14 metric number per single yarn)",current,
54060000,"Man-made filament yarn (other than sewing thread), put up for retail sale",current,
29242300,2-Acetamidobenzoic acid (N-acetylanthranilic acid) and its salts,current,
84624900,Other,current,
91129000,Parts,current,
84807100,Injection or compression types,current,
55021000,Of cellulose acetate,current,
38271300,Containing carbon tetrachloride,current,
12141000,Lucerne (alfalfa) meal and pellets,current,
76169100,"Cloth, grill, netting and fencing, of aluminium wire",current,
49060000,"Plans and drawings for architectural, engineering, industrial, commercial, topographical or similar purposes, being originals drawn by hand; handwritten texts; photographic reproductions on sensitised paper and carbon copies of the foregoing",current,
44183000,Posts and beams other than products of subheadings 441881 to 441889,current,
75040000,Nickel powders and flakes,current,
44184000,Shuttering for concrete constructional work,current,
38253000,Clinical waste,current,
13019000,Other,current,
39013000,Ethylene-vinyl acetate copolymers,current,
84591000,Way-type unit head machines,current,
68129100,"Clothing, clothing accessories, footwear and headgear",current,
85017200,Of an output exceeding 50 W,current,
71069100,Unwrought,current,
87164000,Other trailers and semi-trailers,current,
30069100,Appliances identifiable for ostomy use,current,
85241100,Of liquid crystals,current,
12101000,"Hop cones, neither ground nor powdered nor in the form of pellets",current,
55129100,Unbleached or bleached,current,
28111100,Hydrogen fluoride (hydrofluoric acid),current,
52113200,"3-thread or 4-thread twill, including cross twill",current,
85171100,Line telephone sets with cordless handsets,current,
28421000,"Double or complex silicates, including aluminosilicates whether or not chemically defined",current,
97039000,Other,current,
72106900,Other,current,
92081000,Musical boxes,current,
70191300,"Other yarn, slivers",current,
69073000,"Mosaic cubes and the like, other than those of subheading 690740",current,
84461000,For weaving fabrics of a width not exceeding 30 cm,current,
01023100,Pure-bred breeding animals,current,
84191100,Instantaneous gas water heaters,current,
48051100,Semi-chemical fluting paper,current,
28046100,"Containing by weight not less than 99,99 % of silicon",current,
88069400,With maximum take-off weight more than 25 kg but not more than 150 kg,current,
51012100,Shorn wool,current,
84283200,"Other, bucket type",current,
31026000,Double salts and mixtures of calcium nitrate and ammonium nitrate,current,
29362600,Vitamin B12 and its derivatives,current,
91019900,Other,current,
48193000,"Sacks and bags, having a base of a width of 40 cm or more",current,
85177100,Aerials and aerial reflectors of all kinds; parts suitable for use therewith,current,
29291000,Isocyanates,current,
29122100,Benzaldehyde,current,
04062000,"Grated or powdered cheese, of all kinds",current,
29221500,Triethanolamine,current,
91144000,Plates and bridges,current,
52095100,Plain weave,current,
54034900,Other,current,
29355000,Other perfluorooctane sulphonamides,current,
84454000,Textile winding (including weft-winding) or reeling machines,current,
41032000,Of reptiles,current,
08022200,Shelled,current,
38221100,For malaria,current,
25252000,Mica powder,current,
90248000,Other machines and appliances,current,
25253000,Mica waste,current,
80020000,Tin waste and scrap,current,
73229000,Other,current,
85151100,Soldering irons and guns,current,
06031100,Roses,current,
25020000,Unroasted iron pyrites,current,
61042300,Of synthetic fibres,current,
06031500,Lilies (Lilium spp.),current,
16041600,Anchovies,current,
61149000,Of other textile materials,current,
29142200,Cyclohexanone and methylcyclohexanones,current,
61033300,Of synthetic fibres,current,
39022000,Polyisobutylene,current,
84593900,Other,current,
85171300,Smartphones,current,
61152100,"Of synthetic fibres, measuring per single yarn less than 67 decitex",current,
84287000,Industrial robots,current,
47020000,"Chemical wood pulp, dissolving grades",current,
84479000,Other,current,
58089000,Other,current,
62019000,Of other textile materials,current,
38275900,Other,current,
32041900,"Other, including mixtures of colouring matter of two or more of the subheadings 320411 to 320419",current,
61169300,Of synthetic fibres,current,
25112000,Natural barium carbonate (witherite),current,
81121200,Unwrought; powders,current,
73042400,"Other, of stainless steel",current,
61159400,Of wool or fine animal hair,current,
40030000,"Reclaimed rubber in primary forms or in plates, sheets or strip",current,
09096200,Crushed or ground,current,
44124200,"Other, with at least one outer ply of non-coniferous wood",current,
08029200,"Pine nuts, shelled",current,
42060000,"Articles of gut (other than silkworm gut), of goldbeater's skin, of bladders or of tendons",current,
54077200,Dyed,current,
55163400,Printed,current,
63021000,"Bed linen, knitted or crocheted",current,
03033300,Sole (Solea spp.),current,
16043100,Caviar,current,
29031400,Carbon tetrachloride,current,
90281000,Gas meters,current,
85163300,Hand-drying apparatus,current,
56041000,"Rubber thread and cord, textile covered",current,
84335200,Other threshing machinery,current,
91059900,Other,current,
29315300,O-(3-chloropropyl) O-[4-nitro-3-(trifluoromethyl)phenyl] methylphosphonothionate,current,
40103400,"Endless transmission belts of trapezoidal cross-section (V-belts), other than V-ribbed, of an outside circumference exceeding 180 cm but not exceeding 240 cm",current,
29212100,Ethylenediamine and its salts,current,
29395900,Other,current,
73262000,Articles of iron or steel wire,current,
84333000,Other haymaking machinery,current,
34039100,"Preparations for the treatment of textile materials, leather, furskins or other materials",current,
68151300,Other articles of carbon fibres,current,
57032100,Turf,current,
82057000,"Vices, clamps and the like",current,
84254100,Built-in jacking systems of a type used in garages,current,
30021300,"Immunological products, unmixed, not put up in measured doses or in forms or packings for retail sale",current,
90309000,Parts and accessories,current,
90151000,Rangefinders,current,
90089000,Parts and accessories,current,
25132000,"Emery, natural corundum, natural garnet and other natural abrasives",current,
84762900,Other,current,
30051000,Adhesive dressings and other articles having an adhesive layer,current,
30044200,Containing pseudoephedrine (INN) or its salts,current,
30031000,"Containing penicillins or derivatives thereof, with a penicillanic acid structure, or streptomycins or their derivatives",current,
61051000,Of cotton,current,
50071000,Fabrics of noil silk,current,
59019000,Other,current,
84622400,Numerically controlled panel benders,current,
29202200,Diethyl phosphite,current,
29145000,Ketone-phenols and ketones with other oxygen function,current,
67030000,"Human hair, dressed, thinned, bleached or otherwise worked; wool or other animal hair or other textile materials, prepared for use in making wigs or the like",current,
48229000,Other,current,
11072000,Roasted,current,
72027000,Ferro-molybdenum,current,
93051000,Of revolvers or pistols,current,
38121000,Prepared rubber accelerators,current,
25090000,Chalk,current,
69031000,"Containing, by weight, more than 50 % of free carbon",current,
96092000,"Pencil leads, black or coloured",current,
71129900,Other,current,
61044200,Of cotton,current,
84212300,Oil or petrol filters for internal combustion engines,current,
29396200,Ergotamine (INN) and its salts,current,
38244000,"Prepared additives for cements, mortars or concretes",current,
84291900,Other,current,
85258200,"Other, radiation-hardened or radiation-tolerant goods as specified in subheading note 2 to this chapter",current,
30033100,Containing insulin,current,
86050000,"Railway or tramway passenger coaches, not self-propelled; luggage vans, post office coaches and other special purpose railway or tramway coaches, not self-propelled (excluding those of heading 8604)",current,
84431500,"Letterpress printing machinery, other than reel fed, excluding flexographic printing",current,
33079000,Other,current,
91081200,With opto-electronic display only,current,
29126000,Paraformaldehyde,current,
54031000,High-tenacity yarn of viscose rayon,current,
84703000,Other calculating machines,current,
52112000,Bleached,current,
29072100,Resorcinol and its salts,current,
47069100,Mechanical,current,
55103000,"Other yarn, mixed mainly or solely with cotton",current,
85339000,Parts,current,
87013000,Track-laying tractors,current,
84601900,Other,current,
33061000,Dentifrices,current,
61044900,Of other textile materials,current,
86063000,"Self-discharging vans and wagons, other than those of subheading 860610",current,
59011000,"Textile fabrics coated with gum or amylaceous substances, of a kind used for the outer covers of books or the like",current,
59069100,Knitted or crocheted,current,
48234000,"Rolls, sheets and dials, printed for self-recording apparatus",current,
84481900,Other,current,
29181200,Tartaric acid,current,
85102000,Hair clippers,current,
52114100,Plain weave,current,
66020000,"Walking sticks, seat-sticks, whips, riding-crops and the like",current,
84519000,Parts,current,
97021000,Of an age exceeding 100 years,current,
38231200,Oleic acid,current,
28470000,"Hydrogen peroxide, whether or not solidified with urea",current,
37025400,"Of a width exceeding 16 mm but not exceeding 35 mm and of a length not exceeding 30 m, other than for slides",current,
55019000,Other,current,
29089900,Other,current,
29032300,Tetrachloroethylene (perchloroethylene),current,
95065900,Other,current,
62072200,Of man-made fibres,current,
40024900,Other,current,
95079000,Other,current,
85322300,"Ceramic dielectric, single layer",current,
55111000,"Of synthetic staple fibres, containing 85 % or more by weight of such fibres",current,
69091900,Other,current,
84119100,Of turbojets or turbopropellers,current,
26179000,Other,current,
85279900,Other,current,
85333900,Other,current,
84798100,"For treating metal, including electric wire coil-winders",current,
30041000,"Containing penicillins or derivatives thereof, with a penicillanic acid structure, or streptomycins or their derivatives",current,
48131000,In the form of booklets or tubes,current,
55144200,"3-thread or 4-thread twill, including cross twill, of polyester staple fibres",current,
54024500,"Other, of nylon or other polyamides",current,
29034100,Trifluoromethane (HFC-23),current,
61072100,Of cotton,current,
60054200,Dyed,current,
83059000,"Other, including parts",current,
61044400,Of artificial fibres,current,
61033900,Of other textile materials,current,
03022300,Sole (Solea spp.),current,
84659600,"Splitting, slicing or paring machines",current,
29302000,Thiocarbamates and dithiocarbamates,current,
71090000,"Base metals or silver, clad with gold, not further worked than semi-manufactured",current,
39044000,Other vinyl chloride copolymers,current,
47031100,Coniferous,current,
23033000,Brewing or distilling dregs and waste,current,
40059900,Other,current,
29094300,Monobutyl ethers of ethylene glycol or of diethylene glycol,current,
84721000,Duplicating machines,current,
72201100,"Of a thickness of 4,75 mm or more",current,
74182000,Sanitary ware and parts thereof,current,
72143000,"Other, of free-cutting steel",current,
44069200,Non-coniferous,current,
44123400,"Other, with at least one outer ply of non-coniferous wood not specified under subheading 441233",current,
84399100,Of machinery for making pulp of fibrous cellulosic material,current,
95084000,Travelling theatres,current,
40061000,Camel-back strips for retreading rubber tyres,current,
62122000,Girdles and panty girdles,current,
95062900,Other,current,
70196300,"Closed woven fabrics, plain weave, of yarns, not coated or laminated",current,
94037000,Furniture of plastics,current,
29381000,Rutoside (rutin) and its derivatives,current,
70197300,Other open fabrics,current,
86073000,"Hooks and other coupling devices, buffers, and parts thereof",current,
52084300,"3-thread or 4-thread twill, including cross twill",current,
81122900,Other,current,
91082000,With automatic winding,current,
62052000,Of cotton,current,
69049000,Other,current,
01051200,Turkeys,current,
29032100,Vinyl chloride (chloroethylene),current,
45039000,Other,current,
57023200,Of man-made textile materials,current,
74082900,Other,current,
62144000,Of artificial fibres,current,
87115000,With internal combustion piston engine of a cylinder capacity exceeding 800 cm3,current,
85112000,Ignition magnetos; magneto-dynamos; magnetic flywheels,current,
48089000,Other,current,
87024000,With only electric motor for propulsion,current,
71103100,Unwrought or in powder form,current,
08121000,Cherries,current,
84212200,For filtering or purifying beverages other than water,current,
29051300,Butan-1-ol (n-butyl alcohol),current,
42010000,"Saddlery and harness for any animal (including traces, leads, knee pads, muzzles, saddle-cloths, saddlebags, dog coats and the like), of any material",current,
38099200,Of a kind used in the paper or like industries,current,
96035000,"Other brushes constituting parts of machines, appliances or vehicles",current,
85354000,"Lightning arresters, voltage limiters and surge suppressors",current,
47061000,Cotton linters pulp,current,
62139000,Of other textile materials,current,
85081900,Other,current,
33059000,Other,current,
84305000,"Other machinery, self-propelled",current,
70023200,Of other glass having a linear coefficient of expansion not exceeding 5 × 10–6 per Kelvin within a temperature range of 0 °C to 300 °C,current,
58012300,Other weft pile fabrics,current,
03038300,Toothfish (Dissostichus spp.),current,
84391000,Machinery for making pulp of fibrous cellulosic material,current,
54026200,Of polyesters,current,
39033000,Acrylonitrile-butadiene-styrene (ABS) copolymers,current,
85171800,Other,current,
95062100,Sailboards,current,
39093900,Other,current,
72141000,Forged,current,
71023900,Other,current,
90071000,Cameras,current,
41033000,Of swine,current,
61152900,Of other textile materials,current,
61043900,Of other textile materials,current,
55132900,Other woven fabrics,current,
73101000,Of a capacity of 50 l or more,current,
90222100,"For medical, surgical, dental or veterinary uses",current,
52091900,Other fabrics,current,
90058000,Other instruments,current,
62041300,Of synthetic fibres,current,
03033400,Turbots (Psetta maxima),current,
90213100,Artificial joints,current,
34052000,"Polishes, creams and similar preparations, for the maintenance of wooden furniture, floors or other woodwork",current,
74099000,Of other copper alloys,current,
52062500,Measuring less than 125 decitex (exceeding 80 metric number),current,
82054000,Screwdrivers,current,
28491000,Of calcium,current,
87119000,Other,current,
56072900,Other,current,
33062000,Yarn used to clean between the teeth (dental floss),current,
44187900,Other,current,
84138200,Liquid elevators,current,
29146200,Coenzyme Q10 (ubidecarenone (INN)),current,
84312000,Of machinery of heading 8427,current,
87054000,Concrete-mixer lorries,current,
97052900,Other,current,
23012000,"Flours, meals and pellets, of fish or of crustaceans, molluscs or other aquatic invertebrates",current,
29362300,Vitamin B2 and its derivatives,current,
83051000,Fittings for loose-leaf binders or files,current,
39203000,Of polymers of styrene,current,
29212900,Other,current,
58012600,Chenille fabrics,current,
54033200,"Of viscose rayon, with a twist exceeding 120 turns per metre",current,
04071100,Of fowls of the species Gallus domesticus,current,
29091100,Diethyl ether,current,
85271300,Other apparatus combined with sound recording or reproducing apparatus,current,
48102200,Lightweight coated paper,current,
83113000,"Coated rods and cored wire, of base metal, for soldering, brazing or welding by flame",current,
67029000,Of other materials,current,
84623900,Other,current,
29051200,Propan-1-ol (propyl alcohol) and propan-2-ol (isopropyl alcohol),current,
29262000,1-Cyanoguanidine (dicyandiamide),current,
86029000,Other,current,
74092900,Other,current,
29052200,Acyclic terpene alcohols,current,
38111900,Other,current,
29231000,Choline and its salts,current,
07132000,Chickpeas (garbanzos),current,
55094100,Single yarn,current,
41120000,"Leather further prepared after tanning or crusting, including parchment-dressed leather, of sheep or lamb, without wool on, whether or not split, other than leather of heading 4114",current,
29372300,Oestrogens and progestogens,current,
82122000,"Safety razor blades, including razor blade blanks in strips",current,
42023100,With outer surface of leather or of composition leather,current,
84389000,Parts,current,
07099100,Globe artichokes,current,
84679100,Of chainsaws,current,
60053500,Fabrics specified in subheading note 1 to this chapter,current,
84659300,"Grinding, sanding or polishing machines",current,
74153300,Screws; bolts and nuts,current,
36031000,Safety fuses,current,
89031900,Other,current,
81052000,Cobalt mattes and other intermediate products of cobalt metallurgy; unwrought cobalt; powders,current,
36032000,Detonating cords,current,
91012100,With automatic winding,current,
48203000,"Binders (other than book covers), folders and file covers",current,
29125000,Cyclic polymers of aldehydes,current,
79012000,Zinc alloys,current,
48209000,Other,current,
83061000,"Bells, gongs and the like",current,
83040000,"Filing cabinets, card-index cabinets, paper trays, paper rests, pen trays, office-stamp stands and similar office or desk equipment, of base metal, other than office furniture of heading 9403",current,
29214500,"1-Naphthylamine (α-naphthylamine), 2-naphthylamine (β-naphthylamine) and their derivatives; salts thereof",current,
67041100,Complete wigs,current,
72191100,Of a thickness exceeding 10 mm,current,
55049000,Other,current,
85141100,Hot isostatic presses,current,
56089000,Other,current,
53021000,"True hemp, raw or retted",current,
81121900,Other,current,
84679900,Other,current,
69029000,Other,current,
30033900,Other,current,
40069000,Other,current,
72021900,Other,current,
20011000,Cucumbers and gherkins,current,
42033000,Belts and bandoliers,current,
40121200,Of a kind used on buses or lorries,current,
29379000,Other,current,
59112000,"Bolting cloth, whether or not made up",current,
37025500,Of a width exceeding 16 mm but not exceeding 35 mm and of a length exceeding 30 m,current,
84051000,"Producer gas or water gas generators, with or without their purifiers; acetylene gas generators and similar water process gas generators, with or without their purifiers",current,
53050000,"Coconut, abaca (Manila hemp or Musa textilis Nee), ramie and other vegetable textile fibres, not elsewhere specified or included, raw or processed but not spun; tow, noils and waste of these fibres (including yarn waste and garnetted stock)",current,
56090000,"Articles of yarn, strip or the like of heading 5404 or 5405, twine, cordage, rope or cables, not elsewhere specified or included",current,
60052100,Unbleached or bleached,current,
29420000,Other organic compounds,current,
55162200,Dyed,current,
70191400,Mechanically bonded mats,current,
84371000,"Machines for cleaning, sorting or grading seed, grain or dried leguminous vegetables",current,
29182100,Salicylic acid and its salts,current,
84293000,Scrapers,current,
84193900,Other,current,
86069900,Other,current,
70199000,Other,current,
71012200,Worked,current,
60062300,Of yarns of different colours,current,
29333200,Piperidine and its salts,current,
85404000,"Data/graphic display tubes, monochrome; data/graphic display tubes, colour, with a phosphor dot screen pitch smaller than 0,4 mm",current,
40012200,Technically specified natural rubber (TSNR),current,
51032000,Other waste of wool or of fine animal hair,current,
68151200,Fabrics of carbon fibres,current,
71123000,Ash containing precious metal or precious-metal compounds,current,
96122000,Ink-pads,current,
02042100,Carcases and half-carcases,current,
90051000,Binoculars,current,
84385000,Machinery for the preparation of meat or poultry,current,
29161500,"Oleic, linoleic or linolenic acids, their salts and esters",current,
76130000,Aluminium containers for compressed or liquefied gas,current,
95059000,Other,current,
88062400,With maximum take-off weight more than 25 kg but not more than 150 kg,current,
84552200,Cold,current,
84121000,Reaction engines other than turbojets,current,
91112000,"Cases of base metal, whether or not gold- or silver-plated",current,
07093000,Aubergines (eggplants),current,
09096100,Neither crushed nor ground,current,
31054000,Ammonium dihydrogenorthophosphate (monoammonium phosphate) and mixtures thereof with diammonium hydrogenorthophosphate (diammonium phosphate),current,
90221900,For other uses,current,
61083100,Of cotton,current,
85042100,Having a power handling capacity not exceeding 650 kVA,current,
90308900,Other,current,
82032000,"Pliers (including cutting pliers), pincers, tweezers and similar tools",current,
44011100,Coniferous,current,
84641000,Sawing machines,current,
72082600,"Of a thickness of 3 mm or more but less than 4,75 mm",current,
29152400,Acetic anhydride,current,
61043200,Of cotton,current,
73130000,"Barbed wire of iron or steel; twisted hoop or single flat wire, barbed or not, and loosely twisted double wire, of a kind used for fencing, of iron or steel",current,
84632000,Thread-rolling machines,current,
29394400,Norephedrine and its salts,current,
74153900,Other,current,
48172000,"Letter cards, plain postcards and correspondence cards",current,
55169200,Dyed,current,
52111900,Other fabrics,current,
82041200,Adjustable,current,
72106100,Plated or coated with aluminium-zinc alloys,current,
84049000,Parts,current,
37025300,"Of a width exceeding 16 mm but not exceeding 35 mm and of a length not exceeding 30 m, for slides",current,
29032200,Trichloroethylene,current,
96071900,Other,current,
84349000,Parts,current,
84775100,For moulding or retreading pneumatic tyres or for moulding or otherwise forming inner tubes,current,
73211200,For liquid fuel,current,
39014000,"Ethylene-alpha-olefin copolymers, having a specific gravity of less than 0,94",current,
38248900,Containing short-chain chlorinated paraffins,current,
29183000,"Carboxylic acids with aldehyde or ketone function but without other oxygen function, their anhydrides, halides, peroxides, peroxyacids and their derivatives",current,
90029000,Other,current,
60019100,Of cotton,current,
39059100,Copolymers,current,
29369000,"Other, including natural concentrates",current,
29054900,Other,current,
97012200,Mosaics,current,
28291900,Other,current,
34024100,Cationic,current,
44079200,Of beech (Fagus spp.),current,
61044100,Of wool or fine animal hair,current,
29154000,"Mono-, di- or trichloroacetic acids, their salts and esters",current,
34053000,"Polishes and similar preparations for coachwork, other than metal polishes",current,
82082000,For woodworking,current,
29121200,Ethanal (acetaldehyde),current,
61152200,"Of synthetic fibres, measuring per single yarn 67 decitex or more",current,
84264100,On tyres,current,
84471200,With cylinder diameter exceeding 165 mm,current,
29314200,Dimethyl propylphosphonate,current,
61082200,Of man-made fibres,current,
28249000,Other,current,
29034400,"Pentafluoroethane (HFC-125), 1,1,1-trifluoroethane (HFC-143a) and 1,1,2-trifluoroethane (HFC-143)",current,
84321000,Ploughs,current,
85287100,Not designed to incorporate a video display or screen,current,
62079100,Of cotton,current,
84459000,Other,current,
91029100,Electrically operated,current,
44013200,Wood briquettes,current,
84514000,"Washing, bleaching or dyeing machines",current,
90312000,Test benches,current,
85419000,Parts,current,
84269900,Other,current,
84424000,"Parts of the foregoing machinery, apparatus or equipment",current,
46021200,Of rattan,current,
63101000,Sorted,current,
71081200,Other unwrought forms,current,
85261000,Radar apparatus,current,
29239000,Other,current,
85472000,Insulating fittings of plastics,current,
84072900,Other,current,
79040000,"Zinc bars, rods, profiles and wire",current,
29143100,Phenylacetone (phenylpropan-2-one),current,
54025200,Of polyesters,current,
85066000,Air-zinc,current,
40025100,Latex,current,
63042000,Bed nets specified in subheading note 1 to this chapter,current,
84462100,Power looms,current,
08092100,Sour cherries (Prunus cerasus),current,
90221200,Computed tomography apparatus,current,
90322000,Manostats,current,
82021000,Handsaws,current,
29224400,Tilidine (INN) and its salts,current,
85414300,Photovoltaic cells assembled in modules or made up into panels,current,
53072000,Multiple (folded) or cabled,current,
84792000,Machinery for the extraction or preparation of animal or fixed vegetable or microbial fats or oils,current,
91139000,Other,current,
29396900,Other,current,
72091500,Of a thickness of 3 mm or more,current,
84822000,"Tapered roller bearings, including cone and tapered roller assemblies",current,
63090000,Worn clothing and other worn articles,current,
58022000,"Terry towelling and similar woven terry fabrics, of other textile materials",current,
84595100,Numerically controlled,current,
84222000,Machinery for cleaning or drying bottles or other containers,current,
92060000,"Percussion musical instruments (for example, drums, xylophones, cymbals, castanets, maracas)",current,
03022200,Plaice (Pleuronectes platessa),current,
51053900,Other,current,
84622600,"Other numerically controlled bending, folding, straightening or flattening machines",current,
48169000,Other,current,
12077000,Melon seeds,current,
39251000,"Reservoirs, tanks, vats and similar containers, of a capacity exceeding 300 litres",current,
31028000,Mixtures of urea and ammonium nitrate in aqueous or ammoniacal solution,current,
84863000,Machines and apparatus for the manufacture of flat panel displays,current,
94041000,Mattress supports,current,
55144900,Other woven fabrics,current,
47042900,Non-coniferous,current,
39232100,Of polymers of ethylene,current,
48052500,Weighing more than 150 g/m2,current,
38231100,Stearic acid,current,
63026000,"Toilet linen and kitchen linen, of terry towelling or similar terry fabrics, of cotton",current,
51121100,Of a weight not exceeding 200 g/m2,current,
09062000,Crushed or ground,current,
73042300,Other drill pipe,current,
61091000,Of cotton,current,
83025000,"Hat-racks, hat-pegs, brackets and similar fixtures",current,
89032100,"Of a length not exceeding 7,5 m",current,
54082300,Of yarns of different colours,current,
37013000,"Other plates and film, with any side exceeding 255 mm",current,
32041500,Vat dyes (including those usable in that state as pigments) and preparations based thereon,current,
71131100,"Of silver, whether or not plated or clad with other precious metal",current,
48053000,Sulphite wrapping paper,current,
84412000,"Machines for making bags, sacks or envelopes",current,
54075300,Of yarns of different colours,current,
76090000,"Aluminium tube or pipe fittings (for example, couplings, elbows, sleeves)",current,
62044300,Of synthetic fibres,current,
84284000,Escalators and moving walkways,current,
29051700,"Dodecan-1-ol (lauryl alcohol), hexadecan-1-ol (cetyl alcohol) and octadecan-1-ol (stearyl alcohol)",current,
83017000,Keys presented separately,current,
53029000,Other,current,
29141300,4-Methylpentan-2-one (methyl isobutyl ketone),current,
52063500,Measuring per single yarn less than 125 decitex (exceeding 80 metric number per single yarn),current,
29333300,"Alfentanil (INN), anileridine (INN), bezitramide (INN), bromazepam (INN), carfentanil (INN), difenoxin (INN), diphenoxylate (INN), dipipanone (INN), fentanyl (INN), ketobemidone (INN), methylphenidate (INN), pentazocine (INN), pethidine (INN), pethidine (INN) intermediate A, phencyclidine (INN) (PCP), phenoperidine (INN), pipradrol (INN), piritramide (INN), propiram (INN), remifentanil (INN) and trimeperidine (INN); salts thereof",current,
54021900,Other,current,
84602200,"Centreless grinding machines, numerically controlled",current,
29142900,Other,current,
72082500,"Of a thickness of 4,75 mm or more",current,
71104100,Unwrought or in powder form,current,
28492000,Of silicon,current,
55064000,Of polypropylene,current,
29034500,"1,1,1,2-Tetrafluoroethane (HFC-134a) and 1,1,2,2-tetrafluoroethane (HFC-134)",current,
32064100,Ultramarine and preparations based thereon,current,
70182000,Glass microspheres not exceeding 1 mm in diameter,current,
41132000,Of swine,current,
84213200,"Catalytic converters or particulate filters, whether or not combined, for purifying or filtering exhaust gases from internal combustion engines",current,
29321300,Furfuryl alcohol and tetrahydrofurfuryl alcohol,current,
40103100,"Endless transmission belts of trapezoidal cross-section (V-belts), V-ribbed, of an outside circumference exceeding 60 cm but not exceeding 180 cm",current,
29061100,Menthol,current,
42023900,Other,current,
84619000,Other,current,
38200000,Anti-freezing preparations and prepared de-icing fluids,current,
29037300,"Dichlorofluoroethanes (HCFC-141, 141b)",current,
54077100,Unbleached or bleached,current,
28351000,Phosphinates (hypophosphites) and phosphonates (phosphites),current,
60052300,Of yarns of different colours,current,
84304900,Other,current,
85235200,Smart cards,current,
72169900,Other,current,
90065900,Other,current,
52113100,Plain weave,current,
29394500,"Levometamfetamine, metamfetamine (INN), metamfetamine racemate and their salts",current,
91012900,Other,current,
78011000,Refined lead,current,
62149000,Of other textile materials,current,
85409900,Other,current,
84512100,Each of a dry linen capacity not exceeding 10 kg,current,
03045300,"Fish of the families Bregmacerotidae, Euclichthyidae, Gadidae, Macrouridae, Melanonidae, Merlucciidae, Moridae and Muraenolepididae",current,
29199000,Other,current,
72012000,"Non-alloy pig iron containing by weight more than 0,5 % of phosphorus",current,
84522900,Other,current,
39072100,Bis(polyoxyethylene) methylphosphonate,current,
31055900,Other,current,
70099100,Unframed,current,
81039100,Crucibles,current,
85018000,Photovoltaic AC generators,current,
60054400,Printed,current,
62062000,Of wool or fine animal hair,current,
83011000,Padlocks,current,
54041900,Other,current,
73061100,"Welded, of stainless steel",current,
71022100,"Unworked or simply sawn, cleaved or bruted",current,
26012000,Roasted iron pyrites,current,
29094100,"2,2′-Oxydiethanol (diethylene glycol, digol)",current,
72162100,L sections,current,
26171000,Antimony ores and concentrates,current,
83062900,Other,current,
29122900,Other,current,
52105900,Other fabrics,current,
29353000,N-Ethyl-N-(2-hydroxyethyl) perfluorooctane sulphonamide,current,
38276900,Other,current,
32071000,"Prepared pigments, prepared opacifiers, prepared colours and similar preparations",current,
29031900,Other,current,
54033900,Other,current,
95044000,Playing cards,current,
39023000,Propylene copolymers,current,
29354000,N-(2-Hydroxyethyl)-N-methylperfluorooctane sulphonamide,current,
29032900,Other,current,
29263000,"Fenproporex (INN) and its salts; methadone (INN) intermediate (4-cyano-2-dimethylamino-4,4-diphenylbutane)",current,
87100000,"Tanks and other armoured fighting vehicles, motorised, whether or not fitted with weapons, and parts of such vehicles",current,
84652000,Machining centres,current,
90311000,Machines for balancing mechanical parts,current,
29314100,Dimethyl methylphosphonate,current,
85176100,Base stations,current,
39211200,Of polymers of vinyl chloride,current,
38255000,"Wastes of metal-pickling liquors, hydraulic fluids, brake fluids and anti-freeze fluids",current,
84801000,Moulding boxes for metal foundry,current,
71103900,Other,current,
96032100,"Toothbrushes, including dental-plate brushes",current,
85182200,"Multiple loudspeakers, mounted in the same enclosure",current,
61046100,Of wool or fine animal hair,current,
51111900,Other,current,
90182000,Ultraviolet or infra-red ray apparatus,current,
82119400,Blades,current,
85013200,Of an output exceeding 750 W but not exceeding 75 kW,current,
39264000,Statuettes and other ornamental articles,current,
73182900,Other,current,
84483100,Card clothing,current,
84623300,Numerically controlled shearing machines,current,
63064000,Pneumatic mattresses,current,
85086000,Other vacuum cleaners,current,
30045000,"Other, containing vitamins or other products of heading 2936",current,
29182300,Other esters of salicylic acid and their salts,current,
85401100,Colour,current,
85432000,Signal generators,current,
55163200,Dyed,current,
29037800,Other perhalogenated derivatives,current,
16056100,Sea cucumbers,current,
90149000,Parts and accessories,current,
29173300,Dinonyl or didecyl orthophthalates,current,
38276400,"Other, not included in the subheadings above, containing 30 % or more by mass of 1,1,1,2-tetrafluoroethane (HFC-134a) but not containing unsaturated fluorinated derivatives of acyclic hydrocarbons (HFOs)",current,
84414000,"Machines for moulding articles in paper pulp, paper or paperboard",current,
55109000,Other yarn,current,
44188100,Glue-laminated timber (glulam),current,
76042100,Hollow profiles,current,
44029000,Other,current,
28241000,"Lead monoxide (litharge, massicot)",current,
88021100,Of an unladen weight not exceeding 2000 kg,current,
73218200,For liquid fuel,current,
03019500,Southern bluefin tuna (Thunnus maccoyii),current,
81019400,"Unwrought tungsten, including bars and rods obtained simply by sintering",current,
74031100,Cathodes and sections of cathodes,current,
90329000,Parts and accessories,current,
89031100,"Fitted or designed to be fitted with a motor, unladen (net) weight (excluding the motor) not exceeding 100 kg",current,
74032100,Copper-zinc base alloys (brass),current,
39052100,In aqueous dispersion,current,
25111000,Natural barium sulphate (barytes),current,
73239900,Other,current,
30034100,Containing ephedrine or its salts,current,
52079000,Other,current,
54023200,"Of nylon or other polyamides, measuring per single yarn more than 50 tex",current,
63011000,Electric blankets,current,
62112000,Ski suits,current,
84134000,Concrete pumps,current,
90181100,Electrocardiographs,current,
52083100,"Plain weave, weighing not more than 100 g/m2",current,
95082300,Dodge’em cars,current,
95063100,"Clubs, complete",current,
61089900,Of other textile materials,current,
29394900,Other,current,
84264900,Other,current,
96100000,"Slates and boards, with writing or drawing surfaces, whether or not framed",current,
90154000,Photogrammetrical surveying instruments and appliances,current,
96050000,"Travel sets for personal toilet, sewing or shoe or clothes cleaning",current,
52061200,"Measuring less than 714,29 decitex but not less than 232,56 decitex (exceeding 14 metric number but not exceeding 43 metric number)",current,
71021000,Unsorted,current,
39262000,"Articles of apparel and clothing accessories (including gloves, mittens and mitts)",current,
62082200,Of man-made fibres,current,
38248200,"Containing polychlorinated biphenyls (PCBs), polychlorinated terphenyls (PCTs) or polybrominated biphenyls (PBBs)",current,
38112900,Other,current,
84825000,"Other cylindrical roller bearings, including cage and roller assemblies",current,
29308000,"Aldicarb (ISO), Captafol (ISO) and methamidophos (ISO)",current,
25151200,"Merely cut, by sawing or otherwise, into blocks or slabs of a rectangular (including square) shape",current,
41022900,Other,current,
07104000,Sweetcorn,current,
76052900,Other,current,
52041900,Other,current,
97052200,Extinct or endangered species and parts thereof,current,
84123100,Linear acting (cylinders),current,
87142000,Of carriages for disabled persons,current,
84851000,By metal deposit,current,
10059000,Other,current,
60039000,Other,current,
32064200,Lithopone and other pigments and preparations based on zinc sulphide,current,
91011900,Other,current,
84743200,Machines for mixing mineral substances with bitumen,current,
44170000,"Tools, tool bodies, tool handles, broom or brush bodies and handles, of wood; boot or shoe lasts and trees, of wood",current,
55033000,Acrylic or modacrylic,current,
03035700,Swordfish (Xiphias gladius),current,
44201900,Other,current,
95066200,Inflatable,current,
96162000,Powder-puffs and pads for the application of cosmetics or toilet preparations,current,
82055100,Household tools,current,
33013000,Resinoids,current,
03045500,Toothfish (Dissostichus spp.),current,
69051000,Roofing tiles,current,
39032000,Styrene-acrylonitrile (SAN) copolymers,current,
58013600,Chenille fabrics,current,
30043900,Other,current,
29147900,Other,current,
84335100,Combine harvester-threshers,current,
29241100,Meprobamate (INN),current,
25161200,"Merely cut, by sawing or otherwise, into blocks or slabs of a rectangular (including square) shape",current,
44039700,Of poplar and aspen (Populus spp.),current,
41019000,"Other, including butts, bends and bellies",current,
84789000,Parts,current,
96011000,Worked ivory and articles of ivory,current,
68053000,On a base of other materials,current,
84565000,Water-jet cutting machines,current,
84702900,Other,current,
54083400,Printed,current,
29171100,"Oxalic acid, its salts and esters",current,
37021000,For X-ray,current,
29182900,Other,current,
25251000,Crude mica and mica rifted into sheets or splittings,current,
84011000,Nuclear reactors (Euratom),current,
89031200,Not designed for use with a motor and unladen (net) weight not exceeding 100 kg,current,
52051200,"Measuring less than 714,29 decitex but not less than 232,56 decitex (exceeding 14 metric number but not exceeding 43 metric number)",current,
72126000,Clad,current,
81029600,Wire,current,
90085000,"Projectors, enlargers and reducers",current,
52054200,"Measuring per single yarn less than 714,29 decitex but not less than 232,56 decitex (exceeding 14 metric number but not exceeding 43 metric number per single yarn)",current,
82081000,For metalworking,current,
85182100,"Single loudspeakers, mounted in their enclosures",current,
90066100,Discharge lamp (electronic) flashlight apparatus,current,
80011000,"Tin, not alloyed",current,
64034000,"Other footwear, incorporating a protective metal toecap",current,
90069900,Other,current,
03028300,Toothfish (Dissostichus spp.),current,
29202900,Other,current,
39211400,Of regenerated cellulose,current,
90314100,For inspecting semiconductor wafers or devices (including integrated circuits) or for inspecting photomasks or reticles used in manufacturing semiconductor devices (including integrated circuits),current,
40023900,Other,current,
01069000,Other,current,
48191000,"Cartons, boxes and cases, of corrugated paper or paperboard",current,
73251000,Of non-malleable cast iron,current,
84559000,Other parts,current,
72259900,Other,current,
58012200,Cut corduroy,current,
52081900,Other fabrics,current,
67049000,Of other materials,current,
51021100,Of Kashmir (cashmere) goats,current,
48099000,Other,current,
82022000,Bandsaw blades,current,
73218900,"Other, including appliances for solid fuel",current,
91051900,Other,current,
58013200,Cut corduroy,current,
16021000,Homogenised preparations,current,
83063000,"Photograph, picture or similar frames; mirrors",current,
70021000,Balls,current,
70179000,Other,current,
48044200,Bleached uniformly throughout the mass and of which more than 95 % by weight of the total fibre content consists of wood fibres obtained by a chemical process,current,
69131000,Of porcelain or china,current,
74062000,Powders of lamellar structure; flakes,current,
44013100,Wood pellets,current,
84828000,"Other, including combined ball/roller bearings",current,
60062200,Dyed,current,
44014100,Sawdust,current,
68138100,Brake linings and pads,current,
38271100,"Containing chlorofluorocarbons (CFCs), whether or not containing hydrochlorofluorocarbons (HCFCs), perfluorocarbons (PFCs) or hydrofluorocarbons (HFCs)",current,
36050000,"Matches, other than pyrotechnic articles of heading 3604",current,
38221900,Other,current,
84678900,Other,current,
29329900,Other,current,
85042300,Having a power handling capacity exceeding 10000 kVA,current,
29121900,Other,current,
85171400,Other telephones for cellular networks or for other wireless networks,current,
40121300,Of a kind used on aircraft,current,
29251100,Saccharin and its salts,current,
55031100,Of aramids,current,
95061900,Other,current,
29333500,3-Quinuclidinol,current,
01031000,Pure-bred breeding animals,current,
91052100,Electrically operated,current,
73249000,"Other, including parts",current,
40059100,"Plates, sheets and strip",current,
55169400,Printed,current,
94016100,Upholstered,current,
39073000,Epoxide resins,current,
86080000,"Railway or tramway track fixtures and fittings; mechanical (including electromechanical) signalling, safety or traffic control equipment for railways, tramways, roads, inland waterways, parking facilities, port installations or airfields; parts of the foregoing",current,
90215000,"Pacemakers for stimulating heart muscles, excluding parts and accessories",current,
44187400,"Other, for mosaic floors",current,
74050000,Master alloys of copper,current,
60031000,Of wool or fine animal hair,current,
32073000,Liquid lustres and similar preparations,current,
82053000,"Planes, chisels, gouges and similar cutting tools for working wood",current,
40141000,Sheath contraceptives,current,
06039000,Other,current,
72269200,Not further worked than cold-rolled (cold-reduced),current,
52091200,"3-thread or 4-thread twill, including cross twill",current,
79050000,"Zinc plates, sheets, strip and foil",current,
29153100,Ethyl acetate,current,
93020000,"Revolvers and pistols, other than those of heading 9303 or 9304",current,
73042200,Drill pipe of stainless steel,current,
29329400,Safrole,current,
61044300,Of synthetic fibres,current,
74081100,Of which the maximum cross-sectional dimension exceeds 6 mm,current,
30064000,Dental cements and other dental fillings; bone reconstruction cements,current,
08041000,Dates,current,
69059000,Other,current,
93070000,"Swords, cutlasses, bayonets, lances and similar arms and parts thereof and scabbards and sheaths therefor",current,
53039000,Other,current,
63053900,Other,current,
02064100,Livers,current,
60061000,Of wool or fine animal hair,current,
16056200,Sea urchins,current,
82083000,For kitchen appliances or for machines used by the food industry,current,
68091900,Other,current,
74152100,Washers (including spring washers),current,
84689000,Parts,current,
84186100,Heat pumps other than air conditioning machines of heading 8415,current,
48120000,"Filter blocks, slabs and plates, of paper pulp",current,
53011000,"Flax, raw or retted",current,
52064400,"Measuring per single yarn less than 192,31 decitex but not less than 125 decitex (exceeding 52 metric number but not exceeding 80 metric number per single yarn)",current,
48026200,In sheets with one side not exceeding 435 mm and the other side not exceeding 297 mm in the unfolded state,current,
84807900,Other,current,
84594900,Other,current,
32151100,Black,current,
51022000,Coarse animal hair,current,
32129000,Other,current,
74093900,Other,current,
92093000,Musical instrument strings,current,
38062000,"Salts of rosin, of resin acids or of derivatives of rosin or resin acids, other than salts of rosin adducts",current,
85279200,Not combined with sound recording or reproducing apparatus but combined with a clock,current,
38254900,Other,current,
61061000,Of cotton,current,
80012000,Tin alloys,current,
85249200,Of organic light-emitting diodes (OLED),current,
63049100,Knitted or crocheted,current,
39121200,Plasticised,current,
28212000,Earth colours,current,
38085900,Other,current,
03053100,"Tilapias (Oreochromis spp.), catfish (Pangasius spp., Silurus spp., Clarias spp., Ictalurus spp.), carp (Cyprinus spp., Carassius spp., Ctenopharyngodon idellus, Hypophthalmichthys spp., Cirrhinus spp., Mylopharyngodon piceus, Catla catla, Labeo spp., Osteochilus hasselti, Leptobarbus hoeveni, Megalobrama spp.), eels (Anguilla spp.), Nile perch (Lates niloticus) and snakeheads (Channa spp.)",current,
69072200,"Of a water absorption coefficient by weight exceeding 0,5 % but not exceeding 10 %",current,
31022900,Other,current,
29315100,Methylphosphonic dichloride,current,
28399000,Other,current,
29335400,Other derivatives of malonylurea (barbituric acid); salts thereof,current,
75081000,"Cloth, grill and netting, of nickel wire",current,
81083000,Waste and scrap,current,
48059200,Weighing more than 150 g/m2 but less than 225 g/m2,current,
93019000,Other,current,
44125200,"Other, with at least one outer ply of non-coniferous wood",current,
96040000,Hand sieves and hand riddles,current,
39206300,Of unsaturated polyesters,current,
90129000,Parts and accessories,current,
81093100,Containing less than 1 part hafnium to 500 parts zirconium by weight,current,
48010000,"Newsprint, in rolls or sheets",current,
84131100,"Pumps for dispensing fuel or lubricants, of the type used in filling stations or in garages",current,
85064000,Silver oxide,current,
73141900,Other,current,
93031000,Muzzle-loading firearms,current,
70191900,Other,current,
90222900,For other uses,current,
39221000,"Baths, shower-baths, sinks and washbasins",current,
38248700,"Containing perfluorooctane sulphonic acid, its salts, perfluorooctane sulphonamides, or perfluorooctane sulphonyl fluoride",current,
68080000,"Panels, boards, tiles, blocks and similar articles of vegetable fibre, of straw or of shavings, chips, particles, sawdust or other waste of wood, agglomerated with cement, plaster or other mineral binders",current,
69041000,Building bricks,current,
68021000,"Tiles, cubes and similar articles, whether or not rectangular (including square), the largest face of which is capable of being enclosed in a square the side of which is less than 7 cm; artificially coloured granules, chippings and powder",current,
39209300,Of amino-resins,current,
29081100,Pentachlorophenol (ISO),current,
23011000,"Flours, meals and pellets, of meat or meat offal; greaves",current,
84541000,Converters,current,
07097000,"Spinach, New Zealand spinach and orache spinach (garden spinach)",current,
71031000,Unworked or simply sawn or roughly shaped,current,
74061000,Powders of non-lamellar structure,current,
30021500,"Immunological products, put up in measured doses or in forms or packings for retail sale",current,
29141200,Butanone (methyl ethyl ketone),current,
29241200,"Fluoroacetamide (ISO), monocrotophos (ISO) and phosphamidon (ISO)",current,
44042000,Non-coniferous,current,
54034100,Of viscose rayon,current,
84529000,"Furniture, bases and covers for sewing machines and parts thereof; other parts of sewing machines",current,
39123100,Carboxymethylcellulose and its salts,current,
60064300,Of yarns of different colours,current,
60053800,"Other, of yarns of different colours",current,
85111000,Sparking plugs,current,
72159000,Other,current,
94013100,Of wood,current,
72251100,Grain-oriented,current,
16052900,Other,current,
29049100,Trichloronitromethane (chloropicrin),current,
54025300,Of polypropylene,current,
94014100,Of wood,current,
68109100,Prefabricated structural components for building or civil engineering,current,
72262000,Of high-speed steel,current,
84041000,Auxiliary plant for use with boilers of heading 8402 or 8403,current,
51130000,Woven fabrics of coarse animal hair or of horsehair,current,
93059100,Of military weapons of heading 9301,current,
73024000,Fish-plates and sole plates,current,
85162100,Storage heating radiators,current,
61034100,Of wool or fine animal hair,current,
53013000,Flax tow and waste,current,
72029300,Ferro-niobium,current,
73081000,Bridges and bridge-sections,current,
70119000,Other,current,
03063400,Norway lobsters (Nephrops norvegicus),current,
07052100,Witloof chicory (Cichorium intybus var. foliosum),current,
85144000,Other equipment for the heat treatment of materials by induction or dielectric loss,current,
87011000,Single axle tractors,current,
73062100,"Welded, of stainless steel",current,
84324200,Fertiliser distributors,current,
52062200,"Measuring less than 714,29 decitex but not less than 232,56 decitex (exceeding 14 metric number but not exceeding 43 metric number)",current,
90214000,"Hearing aids, excluding parts and accessories",current,
40113000,Of a kind used on aircraft,current,
29232000,Lecithins and other phosphoaminolipids,current,
84501900,Other,current,
73231000,"Iron or steel wool; pot scourers and scouring or polishing pads, gloves and the like",current,
30042000,"Other, containing antibiotics",current,
69091200,Articles having a hardness equivalent to 9 or more on the Mohs scale,current,
26201100,Hard zinc spelter,current,
63069000,Other,current,
84603900,Other,current,
29161300,Methacrylic acid and its salts,current,
43018000,"Other furskins, whole, with or without head, tail or paws",current,
87049000,Other,current,
91081900,Other,current,
67021000,Of plastics,current,
84869000,Parts and accessories,current,
55034000,Of polypropylene,current,
36020000,"Prepared explosives, other than propellent powders",current,
38123100,"Mixtures of oligomers of 2,2,4-trimethyl-1,2-dihydroquinoline (TMQ)",current,
58110000,"Quilted textile products in the piece, composed of one or more layers of textile materials assembled with padding by stitching or otherwise, other than embroidery of heading 5810",current,
82100000,"Hand-operated mechanical appliances, weighing 10 kg or less, used in the preparation, conditioning or serving of food or drink",current,
73182200,Other washers,current,
29336100,Melamine,current,
84798300,Cold isostatic presses,current,
25173000,Tarred macadam,current,
85241900,Other,current,
42022900,Other,current,
73129000,Other,current,
73051100,Longitudinally submerged arc welded,current,
88073000,"Other parts of aeroplanes, helicopters or unmanned aircraft",current,
84602300,"Other cylindrical grinding machines, numerically controlled",current,
84823000,Spherical roller bearings,current,
44011200,Non-coniferous,current,
16041700,Eels,current,
56074100,Binder or baler twine,current,
70072900,Other,current,
48101900,Other,current,
29038100,"1,2,3,4,5,6-Hexachlorocyclohexane (HCH (ISO)), including lindane (ISO, INN)",current,
03035600,Cobia (Rachycentron canadum),current,
83100000,"Sign-plates, nameplates, address-plates and similar plates, numbers, letters and other symbols, of base metal, excluding those of heading 9405",current,
61079900,Of other textile materials,current,
85045000,Other inductors,current,
78019100,Containing by weight antimony as the principal other element,current,
43039000,Other,current,
81092100,Containing less than 1 part hafnium to 500 parts zirconium by weight,current,
70099200,Framed,current,
37024400,Of a width exceeding 105 mm but not exceeding 610 mm,current,
48063000,Tracing papers,current,
39081000,"Polyamide-6, -11, -12, -6,6, -6,9, -6,10 or -6,12",current,
34031100,"Preparations for the treatment of textile materials, leather, furskins or other materials",current,
52062400,"Measuring less than 192,31 decitex but not less than 125 decitex (exceeding 52 metric number but not exceeding 80 metric number)",current,
54074100,Unbleached or bleached,current,
33053000,Hair lacquers,current,
44039400,"Of beech (Fagus spp.), other",current,
29130000,"Halogenated, sulphonated, nitrated or nitrosated derivatives of products of heading 2912",current,
85414100,Light-emitting diodes (LED),current,
84306100,Tamping or compacting machinery,current,
91019100,Electrically operated,current,
29225000,"Amino-alcohol-phenols, amino-acid-phenols and other amino-compounds with oxygen function",current,
75021000,"Nickel, not alloyed",current,
90021100,"For cameras, projectors or photographic enlargers or reducers",current,
85415100,Semiconductor-based transducers,current,
28444400,Radioactive residues,current,
81109000,Other,current,
29151300,Esters of formic acid,current,
63049300,"Not knitted or crocheted, of synthetic fibres",current,
90308200,For measuring or checking semiconductor wafers or devices (including integrated circuits),current,
32029000,Other,current,
54024600,"Other, of polyesters, partially oriented",current,
54083300,Of yarns of different colours,current,
29332100,Hydantoin and its derivatives,current,
32042000,Synthetic organic products of a kind used as fluorescent brightening agents,current,
44031200,Non-coniferous,current,
43016000,"Of fox, whole, with or without head, tail or paws",current,
60052400,Printed,current,
84132000,"Handpumps, other than those of subheading 841311 or 841319",current,
85193000,Turntables (record-decks),current,
85471000,Insulating fittings of ceramics,current,
32049000,Other,current,
55163100,Unbleached or bleached,current,
48116000,"Paper and paperboard, coated, impregnated or covered with wax, paraffin wax, stearin, oil or glycerol",current,
74122000,Of copper alloys,current,
38248400,"Containing aldrin (ISO), camphechlor (ISO) (toxaphene), chlordane (ISO), chlordecone (ISO), DDT (ISO) (clofenotane (INN), 1,1,1-trichloro-2,2-bis(p-chlorophenyl)ethane), dieldrin (ISO, INN), endosulfan (ISO), endrin (ISO), heptachlor (ISO) or mirex (ISO)",current,
29161100,Acrylic acid and its salts,current,
48052400,Weighing 150 g/m2 or less,current,
51033000,Waste of coarse animal hair,current,
55161100,Unbleached or bleached,current,
39046100,Polytetrafluoroethylene,current,
29038300,Mirex (ISO),current,
52061500,Measuring less than 125 decitex (exceeding 80 metric number),current,
84622500,Numerically controlled roll forming machines,current,
16043200,Caviar substitutes,current,
85043200,Having a power handling capacity exceeding 1 kVA but not exceeding 16 kVA,current,
55134900,Other woven fabrics,current,
29242500,Alachlor (ISO),current,
84251100,Powered by electric motor,current,
39241000,Tableware and kitchenware,current,
85331000,"Fixed carbon resistors, composition or film types",current,
23064900,Other,current,
44039600,"Of birch (Betula spp.), other",current,
31056000,Mineral or chemical fertilisers containing the two fertilising elements phosphorus and potassium,current,
40052000,Solutions; dispersions other than those of subheading 400510,current,
72132000,"Other, of free-cutting steel",current,
74102100,Of refined copper,current,
63029100,Of cotton,current,
40170000,"Hard rubber (for example, ebonite) in all forms, including waste and scrap; articles of hard rubber",current,
68042100,Of agglomerated synthetic or natural diamond,current,
68141000,"Plates, sheets and strips of agglomerated or reconstituted mica, whether or not on a support",current,
55113000,Of artificial staple fibres,current,
61089100,Of cotton,current,
85461000,Of glass,current,
55161200,Dyed,current,
58064000,Fabrics consisting of warp without weft assembled by means of an adhesive (bolducs),current,
40011000,"Natural rubber latex, whether or not prevulcanised",current,
40021100,Latex,current,
39173100,"Flexible tubes, pipes and hoses, having a minimum burst pressure of 27,6 MPa",current,
37031000,In rolls of a width exceeding 610 mm,current,
28322000,Other sulphites,current,
84254900,Other,current,
90152000,Theodolites and tachymeters (tacheometers),current,
95081000,Travelling circuses and travelling menageries,current,
71070000,"Base metals clad with silver, not further worked than semi-manufactured",current,
48114900,Other,current,
29034600,"1,1,1,2,3,3,3-Heptafluoropropane (HFC-227ea), 1,1,1,2,2,3-hexafluoropropane (HFC-236cb), 1,1,1,2,3,3-hexafluoropropane (HFC-236ea) and 1,1,1,3,3,3-hexafluoropropane (HFC-236fa)",current,
84431200,"Offset printing machinery, sheet fed, office type (using sheets with one side not exceeding 22 cm and the other side not exceeding 36 cm in the unfolded state)",current,
29043400,Potassium perfluorooctane sulphonate,current,
87053000,Fire fighting vehicles,current,
64021900,Other,current,
51011100,Shorn wool,current,
90299000,Parts and accessories,current,
28372000,Complex cyanides,current,
84379000,Parts,current,
29053200,"Propylene glycol (propane-1,2-diol)",current,
28332200,Of aluminium,current,
29264000,alpha-Phenylacetoacetonitrile,current,
29211300,"2-(N,N-Diethylamino)ethylchloride hydrochloride",current,
84111100,Of a thrust not exceeding 25 kN,current,
60053900,"Other, printed",current,
84705000,Cash registers,current,
30065000,First-aid boxes and kits,current,
44109000,Other,current,
29391100,"Concentrates of poppy straw; buprenorphine (INN), codeine, dihydrocodeine (INN), ethylmorphine, etorphine (INN), heroin, hydrocodone (INN), hydromorphone (INN), morphine, nicomorphine (INN), oxycodone (INN), oxymorphone (INN), pholcodine (INN), thebacon (INN) and thebaine; salts thereof",current,
29173400,Other esters of orthophthalic acid,current,
29171400,Maleic anhydride,current,
54078200,Dyed,current,
71171100,Cuff links and studs,current,
40103300,"Endless transmission belts of trapezoidal cross-section (V-belts), V-ribbed, of an outside circumference exceeding 180 cm but not exceeding 240 cm",current,
29221700,Methyldiethanolamine and ethyldiethanolamine,current,
52102100,Plain weave,current,
85413000,"Thyristors, diacs and triacs, other than photosensitive devices",current,
55102000,"Other yarn, mixed mainly or solely with wool or fine animal hair",current,
76069100,"Of aluminium, not alloyed",current,
83021000,Hinges,current,
85411000,"Diodes, other than photosensitive or light-emitting diodes (LED)",current,
85323000,Variable or adjustable (pre-set) capacitors,current,
85322400,"Ceramic dielectric, multilayer",current,
63025100,Of cotton,current,
83012000,Locks of a kind used for motor vehicles,current,
29037200,Dichlorotrifluoroethanes (HCFC-123),current,
84418000,Other machinery,current,
85271900,Other,current,
29038200,"Aldrin (ISO), chlordane (ISO) and heptachlor (ISO)",current,
72192400,Of a thickness of less than 3 mm,current,
60063100,Unbleached or bleached,current,
55099900,Other,current,
01051400,Geese,current,
37024300,Of a width exceeding 610 mm and of a length not exceeding 200 m,current,
16056300,Jellyfish,current,
78041100,"Sheets, strip and foil of a thickness (excluding any backing) not exceeding 0,2 mm",current,
22019000,Other,current,
84592900,Other,current,
91101900,Rough movements,current,
53109000,Other,current,
85109000,Parts,current,
10011900,Other,current,
08013200,Shelled,current,
94038900,Other,current,
33049100,"Powders, whether or not compressed",current,
02043000,"Carcases and half-carcases of lamb, frozen",current,
90019000,Other,current,
68042300,Of natural stone,current,
61032900,Of other textile materials,current,
84795000,"Industrial robots, not elsewhere specified or included",current,
34060000,"Candles, tapers and the like",current,
85406000,Other cathode ray tubes,current,
82015000,Secateurs and similar one-handed pruners and shears (including poultry shears),current,
53012900,Other,current,
29141100,Acetone,current,
40093200,With fittings,current,
03045200,Salmonidae,current,
29072900,Other,current,
94059900,Other,current,
48055000,Felt paper and paperboard,current,
29043600,Perfluorooctane sulphonyl fluoride,current,
29095000,"Ether-phenols, ether-alcohol-phenols and their halogenated, sulphonated, nitrated or nitrosated derivatives",current,
84509000,Parts,current,
29221600,Diethanolammonium perfluorooctane sulphonate,current,
40094200,With fittings,current,
01012100,Pure-bred breeding animals,current,
87149500,Saddles,current,
84431100,"Offset printing machinery, reel fed",current,
12093000,Seeds of herbaceous plants cultivated principally for their flowers,current,
84042000,Condensers for steam or other vapour power units,current,
29054300,Mannitol,current,
84191900,Other,current,
81123900,Other,current,
90119000,Parts and accessories,current,
96132000,"Pocket lighters, gas fuelled, refillable",current,
73181900,Other,current,
54023900,Other,current,
29034800,"1,1,1,3,3-Pentafluorobutane (HFC-365mfc) and 1,1,1,2,2,3,4,5,5,5-decafluoropentane (HFC-43-10mee)",current,
73029000,Other,current,
65020000,"Hat-shapes, plaited or made by assembling strips of any material, neither blocked to shape, nor with made brims, nor lined, nor trimmed",current,
28369200,Strontium carbonate,current,
73158100,Stud-link,current,
73069000,Other,current,
82111000,Sets of assorted articles,current,
54079100,Unbleached or bleached,current,
52104100,Plain weave,current,
52101900,Other fabrics,current,
32041400,Direct dyes and preparations based thereon,current,
87162000,Self-loading or self-unloading trailers and semi-trailers for agricultural purposes,current,
30069300,"Placebos and blinded (or double-blinded) clinical trial kits for a recognised clinical trial, put up in measured doses",current,
62081100,Of man-made fibres,current,
33051000,Shampoos,current,
29109000,Other,current,
42031000,Articles of apparel,current,
29335200,Malonylurea (barbituric acid) and its salts,current,
73218100,For gas fuel or for both gas and other fuels,current,
62072100,Of cotton,current,
85499900,Other,current,
09052000,Crushed or ground,current,
76031000,Powders of non-lamellar structure,current,
38252000,Sewage sludge,current,
83022000,Castors,current,
08029100,"Pine nuts, in shell",current,
52051400,"Measuring less than 192,31 decitex but not less than 125 decitex (exceeding 52 metric number but not exceeding 80 metric number)",current,
30024900,Other,current,
85185000,Electric sound amplifier sets,current,
40012900,Other,current,
90212900,Other,current,
28051200,Calcium,current,
38272000,"Containing bromochlorodifluoromethane (Halon-1211), bromotrifluoromethane (Halon-1301) or dibromotetrafluoroethanes (Halon-2402)",current,
91022100,With automatic winding,current,
73141400,"Other woven cloth, of stainless steel",current,
60049000,Other,current,
58013300,Other weft pile fabrics,current,
97012100,"Paintings, drawings and pastels",current,
44101900,Other,current,
94039100,Of wood,current,
28416900,Other,current,
84169000,Parts,current,
82033000,Metal-cutting shears and similar tools,current,
09030000,Maté,current,
11051000,"Flour, meal and powder",current,
29191000,"Tris(2,3-dibromopropyl) phosphate",current,
68159100,"Containing magnesite, magnesia in the form of periclase, dolomite including in the form of dolime, or chromite",current,
84719000,Other,current,
08054000,Grapefruit and pomelos,current,
27082000,Pitch coke,current,
81092900,Other,current,
84211200,Clothes dryers,current,
43013000,"Of lamb, the following: Astrakhan, Broadtail, Caracul, Persian and similar lamb, Indian, Chinese, Mongolian or Tibetan lamb, whole, with or without head, tail or paws",current,
39263000,"Fittings for furniture, coachwork or the like",current,
91132000,"Of base metal, whether or not gold- or silver-plated",current,
71081100,Powder,current,
29054500,Glycerol,current,
96062900,Other,current,
73151200,Other chain,current,
29221800,"2-(N,N-Diisopropylamino)ethanol",current,
70151000,Glasses for corrective spectacles,current,
40121100,Of a kind used on motor cars (including station wagons and racing cars),current,
28274100,Of copper,current,
71011000,Natural pearls,current,
73242900,Other,current,
94011000,Seats of a kind used for aircraft,current,
28275100,Bromides of sodium or of potassium,current,
39091000,Urea resins; thiourea resins,current,
09072000,Crushed or ground,current,
29315200,Propylphosphonic dichloride,current,
29214400,Diphenylamine and its derivatives; salts thereof,current,
81041900,Other,current,
42029900,Other,current,
54082100,Unbleached or bleached,current,
73059000,Other,current,
40013000,"Balata, gutta-percha, guayule, chicle and similar natural gums",current,
84101200,Of a power exceeding 1000 kW but not exceeding 10000 kW,current,
29303000,"Thiuram mono-, di- or tetrasulphides",current,
29224200,Glutamic acid and its salts,current,
91039000,Other,current,
62103000,"Other garments, of the type described in heading 6202",current,
84311000,Of machinery of heading 8425,current,
85165000,Microwave ovens,current,
55131900,Other woven fabrics,current,
60032000,Of cotton,current,
84743900,Other,current,
29337100,6-Hexanelactam (epsilon-caprolactam),current,
33041000,Lip make-up preparations,current,
44160000,"Casks, barrels, vats, tubs and other coopers' products and parts thereof, of wood, including staves",current,
97051000,"Collections and collectors’ pieces of archaeological, ethnographic or historical interest",current,
84569000,Other,current,
84279000,Other trucks,current,
55011900,Other,current,
91052900,Other,current,
25151100,Crude or roughly trimmed,current,
84824000,"Needle roller bearings, including cage and needle roller assemblies",current,
52064100,"Measuring per single yarn 714,29 decitex or more (not exceeding 14 metric number per single yarn)",current,
61034200,Of cotton,current,
57041000,"Tiles, having a maximum surface area of 0,3 m2",current,
84671900,Other,current,
63072000,Life jackets and lifebelts,current,
52111100,Plain weave,current,
57024200,Of man-made textile materials,current,
50030000,"Silk waste (including cocoons unsuitable for reeling, yarn waste and garnetted stock)",current,
74010000,Copper mattes; cement copper (precipitated copper),current,
73143900,Other,current,
06031200,Carnations,current,
42022100,With outer surface of leather or of composition leather,current,
24031100,Water-pipe tobacco specified in subheading note 1 to this chapter,current,
29203000,Endosulfan (ISO),current,
81019600,Wire,current,
63022100,Of cotton,current,
48115100,"Bleached, weighing more than 150 g/m2",current,
63039100,Of cotton,current,
84483200,"Of machines for preparing textile fibres, other than card clothing",current,
61169200,Of cotton,current,
65069100,Of rubber or of plastics,current,
05029000,Other,current,
85229000,Other,current,
49059000,Other,current,
85329000,Parts,current,
72166900,Other,current,
20055100,"Beans, shelled",current,
01064100,Bees,current,
74031300,Billets,current,
71141100,"Of silver, whether or not plated or clad with other precious metal",current,
55141200,"3-thread or 4-thread twill, including cross twill, of polyester staple fibres",current,
95042000,Articles and accessories for billiards of all kinds,current,
38086100,In packings of a net weight content not exceeding 300 g,current,
67010000,"Skins and other parts of birds with their feathers or down, feathers, parts of feathers, down and articles thereof (other than goods of heading 0505 and worked quills and scapes)",current,
29362400,D- or DL-Pantothenic acid (vitamin B5) and its derivatives,current,
82141000,"Paperknives, letter openers, erasing knives, pencil sharpeners and blades therefor",current,
62089900,Of other textile materials,current,
84209900,Other,current,
85332900,Other,current,
30044300,Containing norephedrine or its salts,current,
61033100,Of wool or fine animal hair,current,
84171000,"Furnaces and ovens for the roasting, melting or other heat treatment of ores, pyrites or of metals",current,
29362100,Vitamins A and their derivatives,current,
84334000,"Straw or fodder balers, including pick-up balers",current,
48119000,"Other paper, paperboard, cellulose wadding and webs of cellulose fibres",current,
29152900,Other,current,
62082100,Of cotton,current,
60029000,Other,current,
15019000,Other,current,
62029000,Of other textile materials,current,
49090000,"Printed or illustrated postcards; printed cards bearing personal greetings, messages or announcements, whether or not illustrated, with or without envelopes or trimmings",current,
29221200,Diethanolamine and its salts,current,
90031900,Of other materials,current,
96151900,Other,current,
32131000,Colours in sets,current,
29371900,Other,current,
97040000,"Postage or revenue stamps, stamp-postmarks, first-day covers, postal stationery (stamped paper), and the like, used or unused, other than those of heading 4907",current,
84029000,Parts,current,
73079100,Flanges,current,
73041100,Of stainless steel,current,
08140000,"Peel of citrus fruit or melons (including watermelons), fresh, frozen, dried or provisionally preserved in brine, in sulphur water or in other preservative solutions",current,
03056100,"Herrings (Clupea harengus, Clupea pallasii)",current,
33073000,Perfumed bath salts and other bath preparations,current,
82034000,"Pipe-cutters, bolt croppers, perforating punches and similar tools",current,
71189000,Other,current,
69060000,"Ceramic pipes, conduits, guttering and pipe fittings",current,
82084000,"For agricultural, horticultural or forestry machines",current,
75062000,Of nickel alloys,current,
91101200,"Incomplete movements, assembled",current,
39209100,Of poly(vinyl butyral),current,
56022100,Of wool or fine animal hair,current,
85119000,Parts,current,
87111000,With internal combustion piston engine of a cylinder capacity not exceeding 50 cm3,current,
84159000,Parts,current,
44034100,"Dark red meranti, light red meranti and meranti bakau",current,
08092900,Other,current,
85219000,Other,current,
02075300,"Fatty livers, fresh or chilled",current,
49011000,"In single sheets, whether or not folded",current,
29397200,"Cocaine, ecgonine; salts, esters and other derivatives thereof",current,
90159000,Parts and accessories,current,
48045100,Unbleached,current,
52084200,"Plain weave, weighing more than 100 g/m2",current,
85258100,High-speed goods as specified in subheading note 1 to this chapter,current,
72105000,Plated or coated with chromium oxides or with chromium and chromium oxides,current,
52064300,"Measuring per single yarn less than 232,56 decitex but not less than 192,31 decitex (exceeding 43 metric number but not exceeding 52 metric number per single yarn)",current,
61169100,Of wool or fine animal hair,current,
51054000,"Coarse animal hair, carded or combed",current,
24013000,Tobacco refuse,current,
84597000,Other threading or tapping machines,current,
61045900,Of other textile materials,current,
82031000,"Files, rasps and similar tools",current,
85286200,Capable of directly connecting to and designed for use with an automatic data processing machine of heading 8471,current,
84339000,Parts,current,
81042000,Waste and scrap,current,
03039900,Other,current,
72029100,Ferro-titanium and ferro-silico-titanium,current,
30025100,Cell therapy products,current,
38237000,Industrial fatty alcohols,current,
42034000,Other clothing accessories,current,
29161600,Binapacryl (ISO),current,
62053000,Of man-made fibres,current,
84393000,Machinery for finishing paper or paperboard,current,
03019300,"Carp (Cyprinus spp., Carassius spp., Ctenopharyngodon idellus, Hypophthalmichthys spp., Cirrhinus spp., Mylopharyngodon piceus, Catla catla, Labeo spp., Osteochilus hasselti, Leptobarbus hoeveni, Megalobrama spp.)",current,
84013000,"Fuel elements (cartridges), non-irradiated (Euratom)",current,
70159000,Other,current,
39173200,"Other, not reinforced or otherwise combined with other materials, without fittings",current,
84781000,Machinery,current,
70191200,Rovings,current,
59080000,"Textile wicks, woven, plaited or knitted, for lamps, stoves, lighters, candles or the like; incandescent gas mantles and tubular knitted gas-mantle fabric therefor, whether or not impregnated",current,
82060000,"Tools of two or more of headings 8202 to 8205, put up in sets for retail sale",current,
81099900,Other,current,
44050000,Wood wool; wood flour,current,
07136000,Pigeon peas (Cajanus cajan),current,
75011000,Nickel mattes,current,
29037400,"Chlorodifluoroethanes (HCFC-142, 142b)",current,
84774000,Vacuum-moulding machines and other thermoforming machines,current,
84322100,Disc harrows,current,
70197100,Veils (thin sheets),current,
82051000,"Drilling, threading or tapping tools",current,
72069000,Other,current,
28521000,Chemically defined,current,
71141900,"Of other precious metal, whether or not plated or clad with precious metal",current,
91031000,Electrically operated,current,
48026900,Other,current,
29124900,Other,current,
52091100,Plain weave,current,
38040000,"Residual lyes from the manufacture of wood pulp, whether or not concentrated, desugared or chemically treated, including lignin sulphonates, but excluding tall oil of heading 3803",current,
54079200,Dyed,current,
52063400,"Measuring per single yarn less than 192,31 decitex but not less than 125 decitex (exceeding 52 metric number but not exceeding 80 metric number per single yarn)",current,
07092000,Asparagus,current,
84659900,Other,current,
84622900,Other,current,
41062100,In the wet state (including wet-blue),current,
55141100,"Of polyester staple fibres, plain weave",current,
95064000,Articles and equipment for table tennis,current,
52094100,Plain weave,current,
55132100,"Of polyester staple fibres, plain weave",current,
51040000,Garnetted stock of wool or of fine or coarse animal hair,current,
73211900,"Other, including appliances for solid fuel",current,
52093200,"3-thread or 4-thread twill, including cross twill",current,
54074400,Printed,current,
38273100,Containing substances of subheadings 290341 to 290348,current,
29155000,"Propionic acid, its salts and esters",current,
60019900,Of other textile materials,current,
84797100,Of a kind used in airports,current,
58012100,Uncut weft pile fabrics,current,
86061000,Tank wagons and the like,current,
41133000,Of reptiles,current,
12071000,Palm nuts and kernels,current,
84302000,Snowploughs and snowblowers,current,
84194000,Distilling or rectifying plant,current,
91122000,Cases,current,
01019000,Other,current,
87131000,Not mechanically propelled,current,
86040000,"Railway or tramway maintenance or service vehicles, whether or not self-propelled (for example, workshops, cranes, ballast tampers, trackliners, testing coaches and track inspection vehicles)",current,
52071000,Containing 85 % or more by weight of cotton,current,
39075000,Alkyd resins,current,
38273900,Other,current,
29171200,"Adipic acid, its salts and esters",current,
62041200,Of cotton,current,
81125200,Waste and scrap,current,
38151200,With precious metal or precious-metal compounds as the active substance,current,
57033100,Turf,current,
54079400,Printed,current,
40101900,Other,current,
72192300,"Of a thickness of 3 mm or more but less than 4,75 mm",current,
84324100,Manure spreaders,current,
85078000,Other accumulators,current,
37032000,"Other, for colour photography (polychrome)",current,
24049900,Other,current,
81099100,Containing less than 1 part hafnium to 500 part zirconium by weight,current,
34049000,Other,current,
69099000,Other,current,
85069000,Parts,current,
38249200,Polyglycol esters of methylphosphonic acid,current,
84741000,"Sorting, screening, separating or washing machines",current,
34054000,Scouring pastes and powders and other scouring preparations,current,
93052000,Of shotguns or rifles of heading 9303,current,
39209200,Of polyamides,current,
30069200,Waste pharmaceuticals,current,
94012000,Seats of a kind used for motor vehicles,current,
74112200,Of copper-nickel base alloys (cupro-nickel) or copper-nickel-zinc base alloys (nickel silver),current,
84592100,Numerically controlled,current,
54023300,Of polyesters,current,
52052400,"Measuring less than 192,31 decitex but not less than 125 decitex (exceeding 52 metric number but not exceeding 80 metric number)",current,
28332400,Of nickel,current,
62045100,Of wool or fine animal hair,current,
44032400,"Of fir (Abies spp.) and spruce (Picea spp.), other",current,
85381000,"Boards, panels, consoles, desks, cabinets and other bases for the goods of heading 8537, not equipped with their apparatus",current,
90251900,Other,current,
39051200,In aqueous dispersion,current,
96020000,"Worked vegetable or mineral carving material and articles of these materials; moulded or carved articles of wax, of stearin, of natural gums or natural resins or of modelling pastes, and other moulded or carved articles, not elsewhere specified or included; worked, unhardened gelatin (except gelatin of heading 3503) and articles of unhardened gelatin",current,
74091100,In coils,current,
54041100,Elastomeric,current,
88024000,"Aeroplanes and other aircraft, of an unladen weight exceeding 15000 kg",current,
55164300,Of yarns of different colours,current,
52114300,"Other fabrics of 3-thread or 4-thread twill, including cross twill",current,
29372100,"Cortisone, hydrocortisone, prednisone (dehydrocortisone) and prednisolone (dehydrohydrocortisone)",current,
68022100,"Marble, travertine and alabaster",current,
39161000,Of polymers of ethylene,current,
31010000,"Animal or vegetable fertilisers, whether or not mixed together or chemically treated; fertilisers produced by the mixing or chemical treatment of animal or vegetable products",current,
38275100,Containing trifluoromethane (HFC-23),current,
70111000,For electric lighting,current,
29039100,"Chlorobenzene, o-dichlorobenzene and p-dichlorobenzene",current,
60064400,Printed,current,
39042100,Non-plasticised,current,
73221900,Other,current,
44012100,Coniferous,current,
85249100,Of liquid crystals,current,
83071000,Of iron or steel,current,
03069400,Norway lobsters (Nephrops norvegicus),current,
48171000,Envelopes,current,
55012000,Of polyesters,current,
84369900,Other,current,
54026100,Of nylon or other polyamides,current,
70023900,Other,current,
29242100,Ureines and their derivatives; salts thereof,current,
62082900,Of other textile materials,current,
52054800,"Measuring per single yarn less than 83,33 decitex (exceeding 120 metric number per single yarn)",current,
74031900,Other,current,
72029200,Ferro-vanadium,current,
85232100,Cards incorporating a magnetic stripe,current,
61082100,Of cotton,current,
94038200,Of bamboo,current,
61142000,Of cotton,current,
63041100,Knitted or crocheted,current,
38256900,Other,current,
62063000,Of cotton,current,
81029500,"Bars and rods, other than those obtained simply by sintering, profiles, plates, sheets, strip and foil",current,
84679200,Of pneumatic tools,current,
49040000,"Music, printed or in manuscript, whether or not bound or illustrated",current,
84313100,"Of lifts, skip hoists or escalators",current,
68061000,"Slag-wool, rock-wool and similar mineral wools (including intermixtures thereof), in bulk, sheets or rolls",current,
84433900,Other,current,
39206100,Of polycarbonates,current,
29051100,Methanol (methyl alcohol),current,
33049900,Other,current,
84219100,"Of centrifuges, including centrifugal dryers",current,
93011000,"Artillery weapons (for example, guns, howitzers and mortars)",current,
82119500,Handles of base metal,current,
84802000,Mould bases,current,
62105000,Other women's or girls' garments,current,
73194000,Safety pins and other pins,current,
28141000,Anhydrous ammonia,current,
44130000,"Densified wood, in blocks, plates, strips or profile shapes",current,
28142000,Ammonia in aqueous solution,current,
44071300,"Of S-P-F (spruce (Picea spp.), pine (Pinus spp.) and fir (Abies spp.))",current,
94014900,Other,current,
52093100,Plain weave,current,
49100000,"Calendars of any kind, printed, including calendar blocks",current,
44121000,Of bamboo,current,
60062100,Unbleached or bleached,current,
90303900,"Other, with a recording device",current,
73049000,Other,current,
48051200,Straw fluting paper,current,
40093100,Without fittings,current,
55041000,Of viscose rayon,current,
52085100,"Plain weave, weighing not more than 100 g/m2",current,
38273200,"Other, containing substances of subheadings 290371 to 290375",current,
48061000,Vegetable parchment,current,
38271400,"Containing 1,1,1-trichloroethane (methyl chloroform)",current,
96083000,"Fountain pens, stylograph pens and other pens",current,
88062300,With maximum take-off weight more than 7 kg but not more than 25 kg,current,
93062100,Cartridges,current,
55164100,Unbleached or bleached,current,
97012900,Other,current,
75071100,"Of nickel, not alloyed",current,
61121200,Of synthetic fibres,current,
31031100,Containing by weight 35 % or more of diphosphorus pentaoxide (P2O5),current,
62031100,Of wool or fine animal hair,current,
29241900,Other,current,
94015300,Of rattan,current,
60052200,Dyed,current,
95082600,Water park amusements,current,
39211100,Of polymers of styrene,current,
34024200,Non-ionic,current,
84362900,Other,current,
48221000,Of a kind used for winding textile yarn,current,
96110000,"Date, sealing or numbering stamps, and the like (including devices for printing or embossing labels), designed for operating in the hand; hand-operated composing sticks and hand printing sets incorporating such composing sticks",current,
62033100,Of wool or fine animal hair,current,
28046900,Other,current,
95082900,Other,current,
38276100,"Containing 15 % or more by mass of 1,1,1-trifluoroethane (HFC-143a)",current,
84752100,Machines for making optical fibres and preforms thereof,current,
36035000,Igniters,current,
37025200,Of a width not exceeding 16 mm,current,
16041800,Shark fins,current,
84223000,"Machinery for filling, closing, sealing or labelling bottles, cans, boxes, bags or other containers; machinery for capsuling bottles, jars, tubes and similar containers; machinery for aerating beverages",current,
26169000,Other,current,
33071000,"Pre-shave, shaving or aftershave preparations",current,
55011100,Of aramids,current,
69149000,Other,current,
50020000,Raw silk (not thrown),current,
69074000,Finishing ceramics,current,
62113900,Of other textile materials,current,
66011000,Garden or similar umbrellas,current,
81059000,Other,current,
62114900,Of other textile materials,current,
29337900,Other lactams,current,
55162100,Unbleached or bleached,current,
25249000,Other,current,
72259200,Otherwise plated or coated with zinc,current,
02041000,"Carcases and half-carcases of lamb, fresh or chilled",current,
38101000,"Pickling preparations for metal surfaces; soldering, brazing or welding powders and pastes consisting of metal and other materials",current,
61045300,Of synthetic fibres,current,
69109000,Other,current,
52064500,Measuring per single yarn less than 125 decitex (exceeding 80 metric number per single yarn),current,
82029100,"Straight saw blades, for working metal",current,
41069100,In the wet state (including wet-blue),current,
84482000,Parts and accessories of machines of heading 8444 or of their auxiliary machinery,current,
85021200,Of an output exceeding 75 kVA but not exceeding 375 kVA,current,
12076000,Safflower (Carthamus tinctorius) seeds,current,
71039100,"Rubies, sapphires and emeralds",current,
84688000,Other machinery and apparatus,current,
91059100,Electrically operated,current,
75061000,"Of nickel, not alloyed",current,
47041100,Coniferous,current,
01064900,Other,current,
47042100,Coniferous,current,
51051000,Carded wool,current,
72292000,Of silico-manganese steel,current,
81029900,Other,current,
39052900,Other,current,
85052000,"Electromagnetic couplings, clutches and brakes",current,
61042200,Of cotton,current,
86072900,Other,current,
52103100,Plain weave,current,
72084000,"Not in coils, not further worked than hot-rolled, with patterns in relief",current,
93033000,"Other sporting, hunting or target-shooting rifles",current,
84797900,Other,current,
69072100,"Of a water absorption coefficient by weight not exceeding 0,5 %",current,
90064000,Instant print cameras,current,
41063100,In the wet state (including wet-blue),current,
62093000,Of synthetic fibres,current,
85492100,"Containing primary cells, primary batteries, electric accumulators, mercury-switches, glass from cathode-ray tubes or other activated glass, or electrical or electronic components containing cadmium, mercury, lead or polychlorinated biphenyls (PCBs)",current,
20055900,Other,current,
33069000,Other,current,
03071900,Other,current,
44188900,Other,current,
68079000,Other,current,
40081100,"Plates, sheets and strip",current,
62044400,Of artificial fibres,current,
83052000,Staples in strips,current,
85442000,Coaxial cable and other coaxial electric conductors,current,
54022000,"High tenacity yarn of polyesters, whether or not textured",current,
84099900,Other,current,
53092100,Unbleached or bleached,current,
81029700,Waste and scrap,current,
85153100,Fully or partly automatic,current,
71023100,"Unworked or simply sawn, cleaved or bruted",current,
55063000,Acrylic or modacrylic,current,
34039900,Other,current,
43040000,Artificial fur and articles thereof,current,
73141200,"Endless bands for machinery, of stainless steel",current,
84361000,Machinery for preparing animal feedingstuffs,current,
82016000,"Hedge shears, two-handed pruning shears and similar two-handed shears",current,
67042000,Of human hair,current,
84625100,Numerically controlled,current,
91118000,Other cases,current,
07135000,"Broad beans (Vicia faba var. major) and horse beans (Vicia faba var.equina, Vicia faba var. minor)",current,
28051100,Sodium,current,
72162200,T sections,current,
73145000,Expanded metal,current,
48232000,Filter paper and paperboard,current,
29333700,N-Phenethyl-4-piperidone (NPP),current,
51100000,"Yarn of coarse animal hair or of horsehair (including gimped horsehair yarn), whether or not put up for retail sale",current,
35061000,"Products suitable for use as glues or adhesives, put up for retail sale as glues or adhesives, not exceeding a net weight of 1 kg",current,
29301000,"2-(N,N-Dimethylamino) ethanethiol",current,
73259100,Grinding balls and similar articles for mills,current,
28371100,Of sodium,current,
72272000,Of silico-manganese steel,current,
40131000,"Of a kind used on motor cars (including station wagons and racing cars), buses or lorries",current,
54023400,Of polypropylene,current,
29222100,Aminohydroxynaphthalenesulphonic acids and their salts,current,
60053600,"Other, unbleached or bleached",current,
54024400,Elastomeric,current,
48192000,"Folding cartons, boxes and cases, of non-corrugated paper or paperboard",current,
84551000,Tube mills,current,
82142000,Manicure or pedicure sets and instruments (including nail files),current,
03022400,Turbots (Psetta maxima),current,
69119000,Other,current,
76069200,Of aluminium alloys,current,
84771000,Injection-moulding machines,current,
85431000,Particle accelerators,current,
71049100,Diamonds,current,
29035100,"2,3,3,3-Tetrafluoropropene (HFO-1234yf), 1,3,3,3-tetrafluoropropene (HFO-1234ze) and (Z)-1,1,1,4,4,4-hexafluoro-2-butene (HFO-1336mzz)",current,
29214200,Aniline derivatives and their salts,current,
39042200,Plasticised,current,
26139000,Other,current,
29329600,Carbofuran (ISO),current,
81019700,Waste and scrap,current,
74152900,Other,current,
38256100,Mainly containing organic constituents,current,
36036000,Electric detonators,current,
48081000,"Corrugated paper and paperboard, whether or not perforated",current,
44191900,Other,current,
71102900,Other,current,
84714900,"Other, presented in the form of systems",current,
85182900,Other,current,
70197200,Other closed fabrics,current,
84624200,Numerically controlled,current,
33052000,Preparations for permanent waving or straightening,current,
73160000,"Anchors, grapnels and parts thereof, of iron or steel",current,
75072000,Tube or pipe fittings,current,
85114000,Starter motors and dual purpose starter-generators,current,
83024900,Other,current,
73219000,Parts,current,
48142000,"Wallpaper and similar wallcoverings, consisting of paper coated or covered, on the face side, with a grained, embossed, coloured, design-printed or otherwise decorated layer of plastics",current,
84378000,Other machinery,current,
48054000,Filter paper and paperboard,current,
40091100,Without fittings,current,
73152000,Skid chain,current,
29400000,"Sugars, chemically pure, other than sucrose, lactose, maltose, glucose and fructose; sugar ethers, sugar acetals and sugar esters, and their salts, other than products of heading 2937, 2938 or 2939",current,
85017100,Of an output not exceeding 50 W,current,
58063900,Of other textile materials,current,
52053400,"Measuring per single yarn less than 192,31 decitex but not less than 125 decitex (exceeding 52 metric number but not exceeding 80 metric number per single yarn)",current,
40023100,Isobutene-isoprene (butyl) rubber (IIR),current,
44219100,Of bamboo,current,
52114200,Denim,current,
62111200,Women's or girls',current,
84392000,Machinery for making paper or paperboard,current,
73182100,Spring washers and other lock washers,current,
33074100,Agarbatti and other odoriferous preparations which operate by burning,current,
89079000,Other,current,
44187500,"Other, multilayer",current,
90118000,Other microscopes,current,
29142300,Ionones and methylionones,current,
62179000,Parts,current,
29072300,"4,4′-Isopropylidenediphenol (bisphenol A, diphenylolpropane) and its salts",current,
71159000,Other,current,
72193100,"Of a thickness of 4,75 mm or more",current,
29307000,Bis(2-hydroxyethyl)sulfide (thiodiglycol (INN)),current,
84306900,Other,current,
84068200,Of an output not exceeding 40 MW,current,
29211100,"Methylamine, di- or trimethylamine and their salts",current,
90021900,Other,current,
90291000,"Revolution counters, production counters, taximeters, milometers, pedometers and the like",current,
62142000,Of wool or fine animal hair,current,
52093900,Other fabrics,current,
68151100,Carbon fibres,current,
85103000,Hair-removing appliances,current,
43019000,"Heads, tails, paws and other pieces or cuttings, suitable for furriers' use",current,
74121000,Of refined copper,current,
81123100,Unwrought; waste and scrap; powders,current,
85075000,Nickel-metal hydride,current,
29173700,Dimethyl terephthalate,current,
09051000,Neither crushed nor ground,current,
29329100,Isosafrole,current,
38229000,Other,current,
29039200,"Hexachlorobenzene (ISO) and DDT (ISO) (clofenotane (INN), 1,1,1-trichloro-2,2-bis(p-chlorophenyl)ethane)",current,
44188300,I beams,current,
44039300,"Of beech (Fagus spp.), of which the smallest cross-sectional dimension is 15 cm or more",current,
51013000,Carbonised,current,
52029900,Other,current,
72259100,Electrolytically plated or coated with zinc,current,
73159000,Other parts,current,
82130000,"Scissors, tailors' shears and similar shears, and blades therefor",current,
73239100,"Of cast iron, not enamelled",current,
85451100,Of a kind used for furnaces,current,
96063000,Button moulds and other parts of buttons; button blanks,current,
75052200,Of nickel alloys,current,
58042100,Of man-made fibres,current,
28129000,Other,current,
03033200,Plaice (Pleuronectes platessa),current,
94061000,Of wood,current,
71059000,Other,current,
28529000,Other,current,
72123000,Otherwise plated or coated with zinc,current,
29314800,"3,9-Dimethyl-2,4,8,10-tetraoxa-3,9-diphosphaspiro[5.5] undecane 3,9-dioxide",current,
29042000,Derivatives containing only nitro or only nitroso groups,current,
55069000,Other,current,
82071300,With working part of cermets,current,
63049200,"Not knitted or crocheted, of cotton",current,
68132000,Containing asbestos,current,
52082900,Other fabrics,current,
52111200,"3-thread or 4-thread twill, including cross twill",current,
28401100,Anhydrous,current,
85452000,Brushes,current,
81053000,Waste and scrap,current,
72104100,Corrugated,current,
95061200,Ski-fastenings (ski-bindings),current,
45020000,"Natural cork, debacked or roughly squared, or in rectangular (including square) blocks, plates, sheets or strip (including sharp-edged blanks for corks or stoppers)",current,
72025000,Ferro-silico-chromium,current,
40012100,Smoked sheets,current,
55099100,Mixed mainly or solely with wool or fine animal hair,current,
26131000,Roasted,current,
73053100,Longitudinally welded,current,
30043100,Containing insulin,current,
29061900,Other,current,
90308400,"Other, with a recording device",current,
01051500,Guinea fowls,current,
30036000,"Other, containing antimalarial active principles described in Subheading Note 2 to this Chapter",current,
48045200,Bleached uniformly throughout the mass and of which more than 95 % by weight of the total fibre content consists of wood fibres obtained by a chemical process,current,
90012000,Sheets and plates of polarising material,current,
29054200,Pentaerythritol,current,
29334100,Levorphanol (INN) and its salts,current,
84433100,"Machines which perform two or more of the functions of printing, copying or facsimile transmission, capable of connecting to an automatic data-processing machine or to a network",current,
60053700,"Other, dyed",current,
62104000,Other men's or boys' garments,current,
84021100,Watertube boilers with a steam production exceeding 45 tonnes per hour,current,
29221400,Dextropropoxyphene (INN) and its salts,current,
90141000,Direction finding compasses,current,
68091100,Faced or reinforced with paper or paperboard only,current,
39252000,"Doors, windows and their frames and thresholds for doors",current,
29372200,Halogenated derivatives of corticosteroidal hormones,current,
29153900,Other,current,
90275000,"Other instruments and apparatus using optical radiation (UV, visible, IR)",current,
29394300,Cathine (INN) and its salts,current,
29181600,"Gluconic acid, its salts and esters",current,
84829900,Other,current,
29375000,"Prostaglandins, thromboxanes and leukotrienes, their derivatives and structural analogues",current,
48044900,Other,current,
55092100,Single yarn,current,
85321000,"Fixed capacitors designed for use in 50/60 Hz circuits and having a reactive power handling capacity of not less than 0,5 kvar (power capacitors)",current,
29124100,Vanillin (4-hydroxy-3-methoxybenzaldehyde),current,
90304000,"Other instruments and apparatus, specially designed for telecommunications (for example, cross-talk meters, gain measuring instruments, distortion factor meters, psophometers)",current,
68022900,Other stone,current,
60012900,Of other textile materials,current,
47041900,Non-coniferous,current,
34011100,For toilet use (including medicated products),current,
52092200,"3-thread or 4-thread twill, including cross twill",current,
37011000,For X-ray,current,
85407900,Other,current,
38248600,Containing pentachlorobenzene (ISO) or hexachlorobenzene (ISO),current,
82023100,With working part of steel,current,
57042000,"Tiles, having a maximum surface area exceeding 0,3 m2, but not exceeding 1 m2",current,
70196400,"Closed woven fabrics, plain weave, of yarns, coated or laminated",current,
83119000,Other,current,
84359000,Parts,current,
28211000,Iron oxides and hydroxides,current,
12059000,Other,current,
63061200,Of synthetic fibres,current,
44039100,Of oak (Quercus spp.),current,
42032100,Specially designed for use in sports,current,
85163100,Hairdryers,current,
71110000,"Base metals, silver or gold, clad with platinum, not further worked than semi-manufactured",current,
64051000,With uppers of leather or composition leather,current,
55039000,Other,current,
84659400,Bending or assembling machines,current,
61081900,Of other textile materials,current,
81093900,Other,current,
72151000,"Of free-cutting steel, not further worked than cold-formed or cold-finished",current,
70112000,For cathode-ray tubes,current,
61082900,Of other textile materials,current,
40051000,Compounded with carbon black or silica,current,
30067000,Gel preparations designed to be used in human or veterinary medicine as a lubricant for parts of the body for surgical operations or physical examinations or as a coupling agent between the body and medical instruments,current,
73072100,Flanges,current,
39140000,"Ion-exchangers based on polymers of headings 3901 to 3913, in primary forms",current,
84163000,"Mechanical stokers, including their mechanical grates, mechanical ash dischargers and similar appliances",current,
90022000,Filters,current,
70140000,"Signalling glassware and optical elements of glass (other than those of heading 7015), not optically worked",current,
84451100,Carding machines,current,
74101100,Of refined copper,current,
55091200,Multiple (folded) or cabled yarn,current,
39021000,Polypropylene,current,
66019100,Having a telescopic shaft,current,
75051100,"Of nickel, not alloyed",current,
62045200,Of cotton,current,
89080000,Vessels and other floating structures for breaking up,current,
90303200,"Multimeters, with a recording device",current,
85408100,Receiver or amplifier valves and tubes,current,
57031000,Of wool or fine animal hair,current,
81021000,Powders,current,
29181800,Chlorobenzilate (ISO),current,
95071000,Fishing rods,current,
60012100,Of cotton,current,
71101100,Unwrought or in powder form,current,
84861000,Machines and apparatus for the manufacture of boules or wafers,current,
85447000,Optical fibre cables,current,
29071100,Phenol (hydroxybenzene) and its salts,current,
29270000,"Diazo-, azo- or azoxy-compounds",current,
84852000,By plastics or rubber deposit,current,
84791000,"Machinery for public works, building or the like",current,
72103000,Electrolytically plated or coated with zinc,current,
60034000,Of artificial fibres,current,
29189100,"2,4,5-T (ISO) (2,4,5-trichlorophenoxyacetic acid), its salts and esters",current,
47031900,Non-coniferous,current,
29163200,Benzoyl peroxide and benzoyl chloride,current,
87099000,Parts,current,
82056000,Blowlamps,current,
84511000,Dry-cleaning machines,current,
87039000,Other,current,
87149300,"Hubs, other than coaster braking hubs and hub brakes, and free-wheel sprocket-wheels",current,
76101000,"Doors, windows and their frames and thresholds for doors",current,
24049200,For transdermal application,current,
85284200,Capable of directly connecting to and designed for use with an automatic data processing machine of heading 8471,current,
08071100,Watermelons,current,
85024000,Electric rotary converters,current,
82041100,Non-adjustable,current,
68118200,"Other sheets, panels, tiles and similar articles",current,
71142000,Of base metal clad with precious metal,current,
85015100,Of an output not exceeding 750 W,current,
95063200,Balls,current,
91021100,With mechanical display only,current,
82052000,Hammers and sledge hammers,current,
76121000,Collapsible tubular containers,current,
72181000,Ingots and other primary forms,current,
52113900,Other fabrics,current,
84119900,Other,current,
29395100,Fenetylline (INN) and its salts,current,
73158900,Other,current,
38243000,Non-agglomerated metal carbides mixed together or with metallic binders,current,
29251200,Glutethimide (INN),current,
41039000,Other,current,
28321000,Sodium sulphites,current,
65040000,"Hats and other headgear, plaited or made by assembling strips of any material, whether or not lined or trimmed",current,
30021400,"Immunological products, mixed, not put up in measured doses or in forms or packings for retail sale",current,
55096200,Mixed mainly or solely with cotton,current,
85493900,Other,current,
28332500,Of copper,current,
85308000,Other equipment,current,
84409000,Parts,current,
85309000,Parts,current,
94038300,Of rattan,current,
40040000,"Waste, parings and scrap of rubber (other than hard rubber) and powders and granules obtained therefrom",current,
72039000,Other,current,
32065000,Inorganic products of a kind used as luminophores,current,
52053500,Measuring per single yarn less than 125 decitex (exceeding 80 metric number per single yarn),current,
90181200,Ultrasonic scanning apparatus,current,
84369100,Of poultry-keeping machinery or poultry incubators and brooders,current,
29349100,"Aminorex (INN), brotizolam (INN), clotiazepam (INN), cloxazolam (INN), dextromoramide (INN), haloxazolam (INN), ketazolam (INN), mesocarb (INN), oxazolam (INN), pemoline (INN), phendimetrazine (INN), phenmetrazine (INN) and sufentanil (INN); salts thereof",current,
64031900,Other,current,
32021000,Synthetic organic tanning substances,current,
48084000,"Kraft paper, creped or crinkled, whether or not embossed or perforated",current,
48205000,Albums for samples or for collections,current,
90328900,Other,current,
47069200,Chemical,current,
81125900,Other,current,
39173900,Other,current,
29163400,Phenylacetic acid and its salts,current,
84251900,Other,current,
72085400,Of a thickness of less than 3 mm,current,
94059200,Of plastics,current,
96061000,"Press-fasteners, snap-fasteners and press studs and parts therefor",current,
48103900,Other,current,
70172000,Of other glass having a linear coefficient of expansion not exceeding 5 × 10–6 per Kelvin within a temperature range of 0 °C to 300 °C,current,
84303100,Self-propelled,current,
62071100,Of cotton,current,
84351000,Machinery,current,
84224000,Other packing or wrapping machinery (including heat-shrink wrapping machinery),current,
32041300,Basic dyes and preparations based thereon,current,
62152000,Of man-made fibres,current,
48025700,"Other, weighing 40 g/m2 or more but not more than 150 g/m2",current,
84342000,Dairy machinery,current,
62132000,Of cotton,current,
71132000,Of base metal clad with precious metal,current,
71039900,Other,current,
63059000,Of other textile materials,current,
97069000,Other,current,
62159000,Of other textile materials,current,
55162400,Printed,current,
07103000,"Spinach, New Zealand spinach and orache spinach (garden spinach)",current,
84862000,Machines and apparatus for the manufacture of semiconductor devices or of electronic integrated circuits,current,
29146100,Anthraquinone,current,
90079100,For cameras,current,
29321900,Other,current,
49029000,Other,current,
29329200,"1-(1,3-Benzodioxol-5-yl)propan-2-one",current,
29147100,Chlordecone (ISO),current,
39100000,Silicones in primary forms,current,
52062100,"Measuring 714,29 decitex or more (not exceeding 14 metric number)",current,
85176200,"Machines for the reception, conversion and transmission or regeneration of voice, images or other data, including switching and routing apparatus",current,
72023000,Ferro-silico-manganese,current,
47032900,Non-coniferous,current,
84742000,Crushing or grinding machines,current,
60054100,Unbleached or bleached,current,
11090000,"Wheat gluten, whether or not dried",current,
56012900,Other,current,
84633000,Machines for working wire,current,
39043000,Vinyl chloride-vinyl acetate copolymers,current,
38231300,Tall oil fatty acids,current,
72043000,Waste and scrap of tinned iron or steel,current,
97053100,Of an age exceeding 100 years,current,
84286000,"Teleferics, chairlifts, ski-draglines; traction mechanisms for funiculars",current,
05059000,Other,current,
10029000,Other,current,
55095300,Mixed mainly or solely with cotton,current,
64019900,Other,current,
61079100,Of cotton,current,
26161000,Silver ores and concentrates,current,
84612000,Shaping or slotting machines,current,
34011900,Other,current,
40081900,Other,current,
84562000,Operated by ultrasonic processes,current,
03038200,Rays and skates (Rajidae),current,
78041900,Other,current,
69141000,Of porcelain or china,current,
85333100,For a power handling capacity not exceeding 20 W,current,
08028000,Areca nuts,current,
85152900,Other,current,
55142900,Other woven fabrics,current,
70191100,"Chopped strands, of a length of not more than 50 mm",current,
72028000,Ferro-tungsten and ferro-silico-tungsten,current,
39162000,Of polymers of vinyl chloride,current,
55099200,Mixed mainly or solely with cotton,current,
07109000,Mixtures of vegetables,current,
56013000,Textile flock and dust and mill neps,current,
85394900,Other,current,
40103200,"Endless transmission belts of trapezoidal cross-section (V-belts), other than V-ribbed, of an outside circumference exceeding 60 cm but not exceeding 180 cm",current,
72083600,Of a thickness exceeding 10 mm,current,
90302000,Oscilloscopes and oscillographs,current,
40024100,Latex,current,
73144200,Coated with plastics,current,
84341000,Milking machines,current,
55013000,Acrylic or modacrylic,current,
58043000,Handmade lace,current,
91099000,Other,current,
84804900,Other,current,
72022100,Containing by weight more than 55 % of silicon,current,
96170000,"Vacuum flasks and other vacuum vessels, complete; parts thereof other than glass inners",current,
65010000,"Hat-forms, hat bodies and hoods of felt, neither blocked to shape nor with made brims; plateaux and manchons (including slit manchons), of felt",current,
76081000,"Of aluminium, not alloyed",current,
92019000,Other,current,
40025900,Other,current,
62141000,Of silk or silk waste,current,
51052900,Other,current,
12129400,Chicory roots,current,
84431700,Gravure printing machinery,current,
85076000,Lithium-ion,current,
49081000,"Transfers (decalcomanias), vitrifiable",current,
44191100,"Bread boards, chopping boards and similar boards",current,
29105000,Endrin (ISO),current,
39049000,Other,current,
87168000,Other vehicles,current,
58011000,Of wool or fine animal hair,current,
86039000,Other,current,
62044100,Of wool or fine animal hair,current,
29314400,Methylphosphonic acid,current,
71102100,Unwrought or in powder form,current,
12092100,Lucerne (alfalfa) seeds,current,
90221300,"Other, for dental uses",current,
55029000,Other,current,
28289000,Other,current,
10064000,Broken rice,current,
39077000,Poly(lactic acid),current,
72061000,Ingots,current,
72201200,"Of a thickness of less than 4,75 mm",current,
85352900,Other,current,
29092000,"Cyclanic, cyclenic or cycloterpenic ethers and their halogenated, sulphonated, nitrated or nitrosated derivatives",current,
49119100,"Pictures, designs and photographs",current,
62092000,Of cotton,current,
55095200,Mixed mainly or solely with wool or fine animal hair,current,
52029100,Garnetted stock,current,
29314700,"(5-Ethyl-2-methyl-2-oxido-1,3,2-dioxaphosphinan-5-yl) methyl methyl methylphosphonate",current,
87163100,Tanker trailers and tanker semi-trailers,current,
28332100,Of magnesium,current,
38063000,Ester gums,current,
85169000,Parts,current,
25280000,"Natural borates and concentrates thereof (whether or not calcined), but not including borates separated from natural brine; natural boric acid containing not more than 85 % of H3BO3 calculated on the dry weight",current,
72082700,Of a thickness of less than 3 mm,current,
52095200,"3-thread or 4-thread twill, including cross twill",current,
84193400,"Other, for agricultural products",current,
59100000,"Transmission or conveyor belts or belting, of textile material, whether or not impregnated, coated, covered or laminated with plastics, or reinforced with metal or other material",current,
86021000,Diesel-electric locomotives,current,
25102000,Ground,current,
84539000,Parts,current,
72161000,"U, I or H sections, not further worked than hot-rolled, hot-drawn or extruded, of a height of less than 80 mm",current,
75051200,Of nickel alloys,current,
91021200,With opto-electronic display only,current,
85256000,Transmission apparatus incorporating reception apparatus,current,
84261100,Overhead travelling cranes on fixed support,current,
39222000,Lavatory seats and covers,current,
44181100,Of tropical wood,current,
39152000,Of polymers of styrene,current,
56029000,Other,current,
85359000,Other,current,
44021000,Of bamboo,current,
28275900,Other,current,
29362800,Vitamin E and its derivatives,current,
39093100,"Poly(methylene phenyl isocyanate) (crude MDI, polymeric MDI)",current,
85094000,Food grinders and mixers; fruit or vegetable juice extractors,current,
52052200,"Measuring less than 714,29 decitex but not less than 232,56 decitex (exceeding 14 metric number but not exceeding 43 metric number)",current,
84572000,Unit construction machines (single station),current,
47071000,Unbleached kraft paper or paperboard or corrugated paper or paperboard,current,
84849000,Other,current,
73012000,"Angles, shapes and sections",current,
85167100,Coffee or tea makers,current,
84196000,Machinery for liquefying air or other gases,current,
52052800,"Measuring less than 83,33 decitex (exceeding 120 metric number)",current,
95083000,Fairground amusements,current,
29371200,Insulin and its salts,current,
84564000,Operated by plasma arc processes,current,
85492900,Other,current,
83089000,"Other, including parts",current,
40092100,Without fittings,current,
84139100,Of pumps,current,
22072000,"Ethyl alcohol and other spirits, denatured, of any strength",current,
54077400,Printed,current,
90173000,"Micrometers, callipers and gauges",current,
62071900,Of other textile materials,current,
49030000,"Children's picture, drawing or colouring books",current,
72045000,Remelting scrap ingots,current,
29211200,"2-(N,N-Dimethylamino)ethylchloride hydrochloride",current,
29415000,Erythromycin and its derivatives; salts thereof,current,
68114000,Containing asbestos,current,
08071900,Other,current,
29212200,Hexamethylenediamine and its salts,current,
19051000,Crispbread,current,
44071400,Of Hem-fir (Western hemlock (Tsuga heterophylla) and fir (Abies spp.)),current,
85322200,Aluminium electrolytic,current,
29062100,Benzyl alcohol,current,
58042900,Of other textile materials,current,
38130000,Preparations and charges for fire-extinguishers; charged fire-extinguishing grenades,current,
16051000,Crab,current,
84549000,Parts,current,
03056300,Anchovies (Engraulis spp.),current,
29053100,Ethylene glycol (ethanediol),current,
90066900,Other,current,
54033300,Of cellulose acetate,current,
55070000,"Artificial staple fibres, carded, combed or otherwise processed for spinning",current,
72083800,"Of a thickness of 3 mm or more but less than 4,75 mm",current,
47069300,Obtained by a combination of mechanical and chemical processes,current,
85395200,Light-emitting diode (LED) lamps,current,
85462000,Of ceramics,current,
96138000,Other lighters,current,
96139000,Parts,current,
09103000,Turmeric (curcuma),current,
29039400,Hexabromobiphenyls,current,
73144900,Other,current,
32011000,Quebracho extract,current,
85099000,Parts,current,
07101000,Potatoes,current,
34070000,"Modelling pastes, including those put up for children's amusement; preparations known as dental wax or as dental impression compounds, put up in sets, in packings for retail sale or in plates, horseshoe shapes, sticks or similar forms; other preparations for use in dentistry, with a basis of plaster (of calcined gypsum or calcium sulphate)",current,
84263000,Portal or pedestal jib cranes,current,
85493100,"Containing primary cells, primary batteries, electric accumulators, mercury-switches, glass from cathode-ray tubes or other activated glass, or electrical or electronic components containing cadmium, mercury, lead or polychlorinated biphenyls (PCBs)",current,
61043300,Of synthetic fibres,current,
44069100,Coniferous,current,
55014000,Of polypropylene,current,
67041900,Other,current,
29143900,Other,current,
61083200,Of man-made fibres,current,
72111900,Other,current,
94062000,"Modular building units, of steel",current,
71012100,Unworked,current,
54050000,"Artificial monofilament of 67 decitex or more and of which no cross-sectional dimension exceeds 1 mm; strip and the like (for example, artificial straw), of artificial textile materials, of an apparent width not exceeding 5 mm",current,
85322500,Dielectric of paper or plastics,current,
52054600,"Measuring per single yarn less than 125 decitex but not less than 106,38 decitex (exceeding 80 metric number but not exceeding 94 metric number per single yarn)",current,
48115900,Other,current,
29314500,Salt of methylphosphonic acid and (aminoiminomethyl)urea (1: 1),current,
70134200,Of glass having a linear coefficient of expansion not exceeding 5 × 10–6 per Kelvin within a temperature range of 0 °C to 300 °C,current,
79039000,Other,current,
97031000,Of an age exceeding 100 years,current,
25161100,Crude or roughly trimmed,current,
40094100,Without fittings,current,
84139200,Of liquid elevators,current,
29162000,"Cyclanic, cyclenic or cycloterpenic monocarboxylic acids, their anhydrides, halides, peroxides, peroxyacids and their derivatives",current,
32061100,Containing 80 % or more by weight of titanium dioxide calculated on the dry matter,current,
96086000,"Refills for ballpoint pens, comprising the ball point and ink-reservoir",current,
84589900,Other,current,
29411000,Penicillins and their derivatives with a penicillanic acid structure; salts thereof,current,
91022900,Other,current,
84842000,Mechanical seals,current,
29043100,Perfluorooctane sulphonic acid,current,
39112000,"Poly(1,3-phenylene methylphosphonate)",current,
88022000,"Aeroplanes and other aircraft, of an unladen weight not exceeding 2000 kg",current,
74082100,Of copper-zinc base alloys (brass),current,
82023900,"Other, including parts",current,
62160000,"Gloves, mittens and mitts",current,
84061000,Turbines for marine propulsion,current,
88023000,"Aeroplanes and other aircraft, of an unladen weight exceeding 2000 kg but not exceeding 15000 kg",current,
84609000,Other,current,
85121000,Lighting or visual signalling equipment of a kind used on bicycles,current,
68029100,"Marble, travertine and alabaster",current,
84538000,Other machinery,current,
36041000,Fireworks,current,
85122000,Other lighting or visual signalling equipment,current,
05021000,"Pigs', hogs' or boars' bristles and hair and waste thereof",current,
55169300,Of yarns of different colours,current,
29153300,n-Butyl acetate,current,
30034900,Other,current,
71161000,Of natural or cultured pearls,current,
84718000,Other units of automatic data-processing machines,current,
85081100,Of a power not exceeding 1500 W and having a dust bag or other receptacle capacity not exceeding 20 l,current,
30025900,Other,current,
29173500,Phthalic anhydride,current,
85124000,"Windscreen wipers, defrosters and demisters",current,
29394200,Pseudoephedrine (INN) and its salts,current,
62012000,Of wool or fine animal hair,current,
12073000,Castor oil seeds,current,
85258900,Other,current,
68118100,Corrugated sheets,current,
39031100,Expansible,current,
81101000,Unwrought antimony; powders,current,
61041300,Of synthetic fibres,current,
94055000,Non-electrical luminaires and lighting fittings,current,
41152000,"Parings and other waste of leather or of composition leather, not suitable for the manufacture of leather articles; leather dust, powder and flour",current,
38029000,Other,current,
03079200,Frozen,current,
29398000,Other,current,
85249900,Other,current,
81121300,Waste and scrap,current,
61062000,Of man-made fibres,current,
31055100,Containing nitrates and phosphates,current,
62061000,Of silk or silk waste,current,
08091000,Apricots,current,
61045100,Of wool or fine animal hair,current,
84452000,Textile spinning machines,current,
84193500,"Other, for wood, paper pulp, paper or paperboard",current,
97029000,Other,current,
61043100,Of wool or fine animal hair,current,
40103900,Other,current,
62022000,Of wool or fine animal hair,current,
78042000,Powders and flakes,current,
92012000,Grand pianos,current,
40159000,Other,current,
39172900,Of other plastics,current,
48103100,"Bleached uniformly throughout the mass and of which more than 95 % by weight of the total fibre content consists of wood fibres obtained by a chemical process, and weighing 150 g/m2 or less",current,
54075200,Dyed,current,
84123900,Other,current,
72111400,"Other, of a thickness of 4,75 mm or more",current,
84179000,Parts,current,
44032200,"Of pine (Pinus spp.), other",current,
96071100,Fitted with chain scoops of base metal,current,
73241000,"Sinks and washbasins, of stainless steel",current,
44211000,Clothes hangers,current,
29362200,Vitamin B1 and its derivatives,current,
88071000,Propellers and rotors and parts thereof,current,
84512900,Other,current,
29072200,Hydroquinone (quinol) and its salts,current,
48101400,In sheets with one side not exceeding 435 mm and the other side not exceeding 297 mm in the unfolded state,current,
71181000,"Coin (other than gold coin), not being legal tender",current,
90184100,"Dental drill engines, whether or not combined on a single base with other dental equipment",current,
54025900,Other,current,
03035100,"Herrings (Clupea harengus, Clupea pallasii)",current,
40169400,"Boat or dock fenders, whether or not inflatable",current,
48173000,"Boxes, pouches, wallets and writing compendiums, of paper or paperboard, containing an assortment of paper stationery",current,
84328000,Other machinery,current,
52084100,"Plain weave, weighing not more than 100 g/m2",current,
54026900,Other,current,
48111000,"Tarred, bituminised or asphalted paper and paperboard",current,
84329000,Parts,current,
87051000,Crane lorries,current,
85012000,"Universal AC/DC motors of an output exceeding 37,5 W",current,
54078100,Unbleached or bleached,current,
94053100,Designed for use solely with light-emitting diode (LED) light sources,current,
71082000,Monetary,current,
46029000,Other,current,
25241000,Crocidolite,current,
29321400,Sucralose,current,
37012000,Instant print film,current,
72083900,Of a thickness of less than 3 mm,current,
63109000,Other,current,
85131000,Lamps,current,
85479000,Other,current,
44032600,Other,current,
81043000,"Raspings, turnings and granules, graded according to size; powders",current,
55101100,Single yarn,current,
61081100,Of man-made fibres,current,
75052100,"Of nickel, not alloyed",current,
85139000,Parts,current,
91089000,Other,current,
55131200,"3-thread or 4-thread twill, including cross twill, of polyester staple fibres",current,
38085200,"DDT (ISO) (clofenotane (INN)), in packings of a net weight content not exceeding 300 g",current,
85113000,Distributors; ignition coils,current,
08027000,Kola nuts (Cola spp.),current,
63031900,Of other textile materials,current,
48162000,Self-copy paper,current,
68099000,Other articles,current,
54075400,Printed,current,
39092000,Melamine resins,current,
39076900,Other,current,
94018000,Other seats,current,
40169300,"Gaskets, washers and other seals",current,
39249000,Other,current,
84158300,Not incorporating a refrigerating unit,current,
84483900,Other,current,
38013000,Carbonaceous pastes for electrodes and similar pastes for furnace linings,current,
40070000,Vulcanised rubber thread and cord,current,
03052000,"Livers, roes and milt of fish, dried, smoked, salted or in brine",current,
53012100,Broken or scutched,current,
52064200,"Measuring per single yarn less than 714,29 decitex but not less than 232,56 decitex (exceeding 14 metric number but not exceeding 43 metric number per single yarn)",current,
52103200,"3-thread or 4-thread twill, including cross twill",current,
36049000,Other,current,
62043100,Of wool or fine animal hair,current,
12092400,Kentucky blue grass (Poa pratensis L.) seeds,current,
73181300,Screw hooks and screw rings,current,
62041100,Of wool or fine animal hair,current,
63061900,Of other textile materials,current,
29201100,Parathion (ISO) and parathion-methyl (ISO) (methyl-parathion),current,
95066100,Lawn-tennis balls,current,
72112900,Other,current,
84532000,Machinery for making or repairing footwear,current,
62042100,Of wool or fine animal hair,current,
52092900,Other fabrics,current,
76149000,Other,current,
74082200,Of copper-nickel base alloys (cupro-nickel) or copper-nickel-zinc base alloys (nickel silver),current,
39051900,Other,current,
81049000,Other,current,
29315400,Trichlorfon (ISO),current,
69072300,Of a water absorption coefficient by weight exceeding 10 %,current,
73261100,Grinding balls and similar articles for mills,current,
29181500,Salts and esters of citric acid,current,
85441900,Other,current,
30046000,"Other, containing antimalarial active principles described in Subheading Note 2 to this Chapter",current,
90072000,Projectors,current,
61159900,Of other textile materials,current,
85101000,Shavers,current,
74032900,Other copper alloys (other than master alloys of heading 7405),current,
29392000,Alkaloids of cinchona and their derivatives; salts thereof,current,
47032100,Coniferous,current,
79020000,Zinc waste and scrap,current,
29037100,Chlorodifluoromethane (HCFC-22),current,
29242400,Ethinamate (INN),current,
84291100,Track laying,current,
54024700,"Other, of polyesters",current,
72031000,Ferrous products obtained by direct reduction of iron ore,current,
72051000,Granules,current,
29173600,Terephthalic acid and its salts,current,
11061000,Of the dried leguminous vegetables of heading 0713,current,
44189100,Of bamboo,current,
69111000,Tableware and kitchenware,current,
94017900,Other,current,
41063200,In the dry state (crust),current,
55032000,Of polyesters,current,
84709000,Other,current,
85408900,Other,current,
52063100,"Measuring per single yarn 714,29 decitex or more (not exceeding 14 metric number per single yarn)",current,
61033200,Of cotton,current,
58012700,Warp pile fabrics,current,
85499100,"Containing primary cells, primary batteries, electric accumulators, mercury-switches, glass from cathode-ray tubes or other activated glass, or electrical or electronic components containing cadmium, mercury, lead or polychlorinated biphenyls (PCBs)",current,
85043300,Having a power handling capacity exceeding 16 kVA but not exceeding 500 kVA,current,
40103600,"Endless synchronous belts, of an outside circumference exceeding 150 cm but not exceeding 198 cm",current,
95082200,"Carousels, swings and roundabouts",current,
38248500,"Containing 1,2,3,4,5,6-hexachlorocyclohexane (HCH (ISO)), including lindane (ISO, INN)",current,
38119000,Other,current,
28391900,Other,current,
29102000,Methyloxirane (propylene oxide),current,
55142100,"Of polyester staple fibres, plain weave",current,
38069000,Other,current,
44022000,Of shell or nut,current,
73083000,"Doors, windows and their frames and thresholds for doors",current,
38112100,Containing petroleum oils or oils obtained from bituminous minerals,current,
73084000,"Equipment for scaffolding, shuttering, propping or pit-propping",current,
68052000,On a base of paper or paperboard only,current,
07139000,Other,current,
84743100,Concrete or mortar mixers,current,
97019100,"Paintings, drawing and pastels",current,
87052000,Mobile drilling derricks,current,
68043000,Hand sharpening or polishing stones,current,
02042300,Boneless,current,
73144100,Plated or coated with zinc,current,
59070000,"Textile fabrics otherwise impregnated, coated or covered; painted canvas being theatrical scenery, studio backcloths or the like",current,
29034700,"1,1,1,3,3-Pentafluoropropane (HFC-245fa) and 1,1,2,2,3-pentafluoropropane (HFC-245ca)",current,
40114000,Of a kind used on motorcycles,current,
29181400,Citric acid,current,
40122000,Used pneumatic tyres,current,
28461000,Cerium compounds,current,
73242100,"Of cast iron, whether or not enamelled",current,
29341000,Compounds containing an unfused thiazole ring (whether or not hydrogenated) in the structure,current,
11052000,"Flakes, granules and pellets",current,
51099000,Other,current,
54024900,Other,current,
29051900,Other,current,
79011100,"Containing by weight 99,99 % or more of zinc",current,
12129300,Sugar cane,current,
29163100,"Benzoic acid, its salts and esters",current,
84552100,Hot or combination hot and cold,current,
84101100,Of a power not exceeding 1000 kW,current,
06031300,Orchids,current,
84192000,"Medical, surgical or laboratory sterilisers",current,
29393000,Caffeine and its salts,current,
73061900,Other,current,
92099100,Parts and accessories for pianos,current,
52030000,"Cotton, carded or combed",current,
60041000,"Containing by weight 5 % or more of elastomeric yarn, but not containing rubber thread",current,
40091200,With fittings,current,
84501200,"Other machines, with built-in centrifugal drier",current,
52021000,Yarn waste (including thread waste),current,
38221300,For blood-grouping,current,
31022100,Ammonium sulphate,current,
60012200,Of man-made fibres,current,
72041000,Waste and scrap of cast iron,current,
43011000,"Of mink, whole, with or without head, tail or paws",current,
55142300,Other woven fabrics of polyester staple fibres,current,
38248100,Containing oxirane (ethylene oxide),current,
40117000,Of a kind used on agricultural or forestry vehicles and machines,current,
71049900,Other,current,
30039000,Other,current,
69010000,"Bricks, blocks, tiles and other ceramic goods of siliceous fossil meals (for example, kieselguhr, tripolite or diatomite) or of similar siliceous earths",current,
29321100,Tetrahydrofuran,current,
85319000,Parts,current,
51112000,"Other, mixed mainly or solely with man-made filaments",current,
84213100,Intake air filters for internal combustion engines,current,
31031900,Other,current,
33043000,Manicure or pedicure preparations,current,
68118900,Other articles,current,
28323000,Thiosulphates,current,
72026000,Ferro-nickel,current,
48092000,Self-copy paper,current,
29172000,"Cyclanic, cyclenic or cycloterpenic polycarboxylic acids, their anhydrides, halides, peroxides, peroxyacids and their derivatives",current,
28416100,Potassium permanganate,current,
71051000,Of diamonds,current,
40169500,Other inflatable articles,current,
94035000,Wooden furniture of a kind used in the bedroom,current,
03056200,"Cod (Gadus morhua, Gadus ogac, Gadus macrocephalus)",current,
41069200,In the dry state (crust),current,
38274000,Containing methyl bromide (bromomethane) or bromochloromethane,current,
01013000,Asses,current,
03063100,"Rock lobster and other sea crawfish (Palinurus spp., Panulirus spp., Jasus spp.)",current,
48021000,Handmade paper and paperboard,current,
84012000,"Machinery and apparatus for isotopic separation, and parts thereof (Euratom)",current,
29081900,Other,current,
49019900,Other,current,
58062000,"Other woven fabrics, containing by weight 5 % or more of elastomeric yarn or rubber thread",current,
85189000,Parts,current,
32041800,Carotenoid colouring matters and preparations based thereon,current,
40132000,Of a kind used on bicycles,current,
90059000,Parts and accessories (including mountings),current,
55091100,Single yarn,current,
90121000,Microscopes other than optical microscopes; diffraction apparatus,current,
74020000,Unrefined copper; copper anodes for electrolytic refining,current,
62044200,Of cotton,current,
48062000,Greaseproof papers,current,
48194000,"Other sacks and bags, including cones",current,
39139000,Other,current,
90221400,"Other, for medical, surgical or veterinary uses",current,
82019000,"Other hand tools of a kind used in agriculture, horticulture or forestry",current,
84490000,"Machinery for the manufacture or finishing of felt or nonwovens in the piece or in shapes, including machinery for making felt hats; blocks for making hats",current,
91011100,With mechanical display only,current,
70139900,Other,current,
48185000,Articles of apparel and clothing accessories,current,
05111000,Bovine semen,current,
84639000,Other,current,
87046000,Other with only electric motor for propulsion,current,
68101900,Other,current,
35071000,Rennet and concentrates thereof,current,
97053900,Other,current,
30063000,Opacifying preparations for X-ray examinations; diagnostic reagents designed to be administered to the patient,current,
60024000,"Containing by weight 5 % or more of elastomeric yarn, but not containing rubber thread",current,
38248300,"Containing tris(2,3-dibromopropyl) phosphate",current,
01062000,Reptiles (including snakes and turtles),current,
29394100,Ephedrine and its salts,current,
55031900,Other,current,
84261900,Other,current,
53081000,Coir yarn,current,
51121900,Other,current,
82119200,Other knives having fixed blades,current,
29351000,N-Methylperfluorooctane sulphonamide,current,
85016300,Of an output exceeding 375 kVA but not exceeding 750 kVA,current,
90249000,Parts and accessories,current,
84481100,"Dobbies and jacquards; card-reducing, copying, punching or assembling machines for use therewith",current,
55093100,Single yarn,current,
38249100,"Mixtures and preparations consisting mainly of (5-ethyl-2-methyl-2-oxido-1,3,2-dioxaphosphinan-5-yl)methyl methyl methylphosphonate and bis[(5-ethyl-2-methyl-2-oxido-1,3,2-dioxaphosphinan-5-yl)methyl] methylphosphonate",current,
84382000,"Machinery for the manufacture of confectionery, cocoa or chocolate",current,
55131300,Other woven fabrics of polyester staple fibres,current,
74112900,Other,current,
29396300,Lysergic acid and its salts,current,
82159100,Plated with precious metal,current,
40119000,Other,current,
97019200,Mosaics,current,
68069000,Other,current,
03079900,Other,current,
54083200,Dyed,current,
28151200,In aqueous solution (soda lye or liquid soda),current,
52041100,Containing 85 % or more by weight of cotton,current,
62081900,Of other textile materials,current,
94015200,Of bamboo,current,
84768100,Incorporating heating or refrigerating devices,current,
61034900,Of other textile materials,current,
96082000,Felt-tipped and other porous-tipped pens and markers,current,
38276300,"Other, not included in the subheadings above, containing 40 % or more by mass of pentafluoroethane (HFC-125)",current,
29181700,"2,2-Diphenyl-2-hydroxyacetic acid (benzilic acid)",current,
25049000,Other,current,
62072900,Of other textile materials,current,
52061300,"Measuring less than 232,56 decitex but not less than 192,31 decitex (exceeding 43 metric number but not exceeding 52 metric number)",current,
55133100,"Of polyester staple fibres, plain weave",current,
07052900,Other,current,
59049000,Other,current,
61089200,Of man-made fibres,current,
84805000,Moulds for glass,current,
83111000,"Coated electrodes of base metal, for electric arc-welding",current,
39131000,"Alginic acid, its salts and esters",current,
84152000,"Of a kind used for persons, in motor vehicles",current,
91143000,Dials,current,
28342100,Of potassium,current,
39074000,Polycarbonates,current,
87012900,Other,current,
71061000,Powder,current,
34013000,"Organic surface-active products and preparations for washing the skin, in the form of liquid or cream and put up for retail sale, whether or not containing soap",current,
84451300,Drawing or roving machines,current,
73239300,Of stainless steel,current,
64041100,"Sports footwear; tennis shoes, basketball shoes, gym shoes, training shoes and the like",current,
69021000,"Containing, by weight, singly or together, more than 50 % of the elements Mg, Ca or Cr, expressed as MgO, CaO or Cr2O3",current,
84186900,Other,current,
84301000,Piledrivers and pile extractors,current,
34023100,Linear alkylbenzene sulphonic acids and their salts,current,
29055100,Ethchlorvynol (INN),current,
59111000,"Textile fabrics, felt and felt-lined woven fabrics, coated, covered or laminated with rubber, leather or other material, of a kind used for card clothing, and similar fabrics of a kind used for other technical purposes, including narrow fabrics made of velvet impregnated with rubber, for covering weaving spindles (weaving beams)",current,
29214600,"Amfetamine (INN), benzfetamine (INN), dexamfetamine (INN), etilamfetamine (INN), fencamfamin (INN), lefetamine (INN), levamfetamine (INN), mefenorex (INN) and phentermine (INN); salts thereof",current,
44119300,"Of a density exceeding 0,5 g/cm3 but not exceeding 0,8 g/cm3",current,
03056400,"Tilapias (Oreochromis spp.), catfish (Pangasius spp., Silurus spp., Clarias spp., Ictalurus spp.), carp (Cyprinus spp., Carassius spp., Ctenopharyngodon idellus, Hypophthalmichthys spp., Cirrhinus spp., Mylopharyngodon piceus, Catla catla, Labeo spp., Osteochilus hasselti, Leptobarbus hoeveni, Megalobrama spp.), eels (Anguilla spp.), Nile perch (Lates niloticus) and snakeheads (Channa spp.)",current,
84022000,Superheated water boilers,current,
70196500,Open woven fabrics of a width not exceeding 30 cm,current,
29201900,Other,current,
27012000,"Briquettes, ovoids and similar solid fuels manufactured from coal",current,
40092200,With fittings,current,
03079100,"Live, fresh or chilled",current,
29031100,Chloromethane (methyl chloride) and chloroethane (ethyl chloride),current,
48183000,Tablecloths and serviettes,current,
84242000,Spray guns and similar appliances,current,
24029000,Other,current,
84622300,Numerically controlled press brakes,current,
08059000,Other,current,
84681000,Hand-held blow pipes,current,
90273000,"Spectrometers, spectrophotometers and spectrographs using optical radiation (UV, visible, IR)",current,
90039000,Parts,current,
84261200,Mobile lifting frames on tyres and straddle carriers,current,
84431600,Flexographic printing machinery,current,
07122000,Onions,current,
32061900,Other,current,
29043200,Ammonium perfluorooctane sulphonate,current,
59114000,"Filtering or straining cloth of a kind used in oil-presses or the like, including that of human hair",current,
57024900,Of other textile materials,current,
85184000,Audio-frequency electric amplifiers,current,
85043400,Having a power handling capacity exceeding 500 kVA,current,
25302000,"Kieserite, epsomite (natural magnesium sulphates)",current,
61121900,Of other textile materials,current,
76032000,Powders of lamellar structure; flakes,current,
29222900,Other,current,
73239400,"Of iron (other than cast iron) or steel, enamelled",current,
96151100,Of hard rubber or plastics,current,
28369100,Lithium carbonates,current,
60054300,Of yarns of different colours,current,
72052100,Of alloy steel,current,
52084900,Other fabrics,current,
82149000,Other,current,
84073100,Of a cylinder capacity not exceeding 50 cm3,current,
84283300,"Other, belt type",current,
39061000,Poly(methyl methacrylate),current,
35069900,Other,current,
85016200,Of an output exceeding 75 kVA but not exceeding 375 kVA,current,
32139000,Other,current,
29049900,Other,current,
37029800,Of a width exceeding 35 mm,current,
93062900,Other,current,
72111300,"Rolled on four faces or in a closed box pass, of a width exceeding 150 mm and a thickness of not less than 4 mm, not in coils and without patterns in relief",current,
71129200,"Of platinum, including metal clad with platinum but excluding sweepings containing other precious metals",current,
25131000,Pumice stone,current,
60019200,Of man-made fibres,current,
58061000,Woven pile fabrics (including terry towelling and similar terry fabrics) and chenille fabrics,current,
29037500,"Dichloropentafluoropropanes (HCFC-225, 225ca, 225cb)",current,
17025000,Chemically pure fructose,current,
25101000,Unground,current,
28301000,Sodium sulphides,current,
40101100,Reinforced only with metal,current,
29413000,Tetracyclines and their derivatives; salts thereof,current,
44039800,Of eucalyptus (Eucalyptus spp.),current,
73182300,Rivets,current,
40161000,Of cellular rubber,current,
96089100,Pen nibs and nib points,current,
48132000,In rolls of a width not exceeding 5 cm,current,
03028200,Rays and skates (Rajidae),current,
01051300,Ducks,current,
85163200,Other hairdressing apparatus,current,
29110000,"Acetals and hemiacetals, whether or not with other oxygen function, and their halogenated, sulphonated, nitrated or nitrosated derivatives",current,
73221100,Of cast iron,current,
84182900,Other,current,
39261000,Office or school supplies,current,
73023000,"Switch blades, crossing frogs, point rods and other crossing pieces",current,
81032000,"Unwrought tantalum, including bars and rods obtained simply by sintering; powders",current,
03045400,Swordfish (Xiphias gladius),current,
62031200,Of synthetic fibres,current,
29252900,Other,current,
55093200,Multiple (folded) or cabled yarn,current,
73044100,Cold-drawn or cold-rolled (cold-reduced),current,
85332100,For a power handling capacity not exceeding 20 W,current,
29352000,N-Ethylperfluorooctane sulphonamide,current,
84832000,"Bearing housings, incorporating ball or roller bearings",current,
55094200,Multiple (folded) or cabled yarn,current,
71042100,Diamonds,current,
84211100,Cream separators,current,
61143000,Of man-made fibres,current,
39173300,"Other, not reinforced or otherwise combined with other materials, with fittings",current,
38276200,"Other, not included in the subheading above, containing 55 % or more by mass of pentafluoroethane (HFC- 125) but not containing unsaturated fluorinated derivatives of acyclic hydrocarbons (HFOs)",current,
40027000,Ethylene-propylene-non-conjugated diene rubber (EPDM),current,
52063300,"Measuring per single yarn less than 232,56 decitex but not less than 192,31 decitex (exceeding 43 metric number but not exceeding 52 metric number per single yarn)",current,
39253000,"Shutters, blinds (including venetian blinds) and similar articles and parts thereof",current,
94053900,Other,current,
84502000,"Machines, each of a dry linen capacity exceeding 10 kg",current,
29161400,Esters of methacrylic acid,current,
72131000,"Containing indentations, ribs, grooves or other deformations produced during the rolling process",current,
84431400,"Letterpress printing machinery, reel fed, excluding flexographic printing",current,
08013100,In shell,current,
68109900,Other,current,
29419000,Other,current,
72081000,"In coils, not further worked than hot-rolled, with patterns in relief",current,
47072000,"Other paper or paperboard made mainly of bleached chemical pulp, not coloured in the mass",current,
84794000,Rope- or cable-making machines,current,
08044000,Avocados,current,
49019100,"Dictionaries and encyclopaedias, and serial instalments thereof",current,
54071000,Woven fabrics obtained from high-tenacity yarn of nylon or other polyamides or of polyesters,current,
97061000,Of an age exceeding 250 years,current,
47063000,"Other, of bamboo",current,
84423000,"Machinery, apparatus and equipment",current,
76051100,Of which the maximum cross-sectional dimension exceeds 7 mm,current,
79070000,Other articles of zinc,current,
52104900,Other fabrics,current,
71129100,"Of gold, including metal clad with gold but excluding sweepings containing other precious metals",current,
76052100,Of which the maximum cross-sectional dimension exceeds 7 mm,current,
84484200,"Reeds for looms, healds and heald-frames",current,
32110000,Prepared driers,current,
84796000,Evaporative air coolers,current,
82129000,Other parts,current,
85198100,"Using magnetic, optical or semiconductor media",current,
61032200,Of cotton,current,
94043000,Sleeping bags,current,
78020000,Lead waste and scrap,current,
38210000,"Prepared culture media for the development or maintenance of micro-organisms (including viruses and the like) or of plant, human or animal cells",current,
54078300,Of yarns of different colours,current,
84189100,Furniture designed to receive refrigerating or freezing equipment,current,
61083900,Of other textile materials,current,
19021100,Containing eggs,current,
64031200,"Ski-boots, cross-country ski footwear and snowboard boots",current,
28531000,Cyanogen chloride (chlorcyan),current,
90181300,Magnetic resonance imaging apparatus,current,
52102900,Other fabrics,current,
25120000,"Siliceous fossil meals (for example, kieselguhr, tripolite and diatomite) and similar siliceous earths, whether or not calcined, of an apparent specific gravity of 1 or less",current,
45019000,Other,current,
73062900,Other,current,
58050000,"Hand-woven tapestries of the type Gobelins, Flanders, Aubusson, Beauvais and the like, and needle-worked tapestries (for example, petit point, cross stitch), whether or not made up",current,
29101000,Oxirane (ethylene oxide),current,
96084000,Propelling or sliding pencils,current,
44125900,"Other, with both outer plies of coniferous wood",current,
68022300,Granite,current,
81126100,Waste and scrap,current,
12091000,Sugar beet seeds,current,
32012000,Wattle extract,current,
29031300,Chloroform (trichloromethane),current,
34051000,"Polishes, creams and similar preparations, for footwear or leather",current,
84191200,Solar water heaters,current,
39094000,Phenolic resins,current,
34042000,Of poly(oxyethylene) (polyethylene glycol),current,
94013900,Other,current,
84253100,Powered by electric motor,current,
40103500,"Endless synchronous belts, of an outside circumference exceeding 60 cm but not exceeding 150 cm",current,
84244100,Portable sprayers,current,
84292000,Graders and levellers,current,
40028000,Mixtures of any product of heading 4001 with any product of this heading,current,
84484900,Other,current,
87139000,Other,current,
84314300,Parts for boring or sinking machinery of subheading 843041 or 843049,current,
84138100,Pumps,current,
84193300,"Lyophilisation apparatus, freeze drying units and spray dryers",current,
89071000,Inflatable rafts,current,
76161000,"Nails, tacks, staples (other than those of heading 8305), screws, bolts, nuts, screw hooks, rivets, cotters, cotter pins, washers and similar articles",current,
84593100,Numerically controlled,current,
85016400,Of an output exceeding 750 kVA,current,
84413000,"Machines for making cartons, boxes, cases, tubes, drums or similar containers, other than by moulding",current,
84068100,Of an output exceeding 40 MW,current,
96180000,Tailors' dummies and other lay figures; automata and other animated displays used for shop window dressing,current,
26201900,Other,current,
38099100,Of a kind used in the textile or like industries,current,
82119300,Knives having other than fixed blades,current,
30021200,Antisera and other blood fractions,current,
90259000,Parts and accessories,current,
03076000,"Snails, other than sea snails",current,
64022000,Footwear with upper straps or thongs assembled to the sole by means of plugs,current,
88021200,Of an unladen weight exceeding 2000 kg,current,
68071000,In rolls,current,
39041000,"Poly(vinyl chloride), not mixed with any other substances",current,
95073000,Fishing reels,current,
84601200,Numerically controlled,current,
91070000,"Time switches, with clock or watch movement or with synchronous motor",current,
09011100,Not decaffeinated,current,
84714100,"Comprising in the same housing at least a central processing unit and an input and output unit, whether or not combined",current,
84091000,For aircraft engines,current,
61046900,Of other textile materials,current,
85013100,Of an output not exceeding 750 W,current,
33042000,Eye make-up preparations,current,
28281000,Commercial calcium hypochlorite and other calcium hypochlorites,current,
29223100,"Amfepramone (INN), methadone (INN) and normethadone (INN); salts thereof",current,
85414900,Other,current,
69091100,Of porcelain or china,current,
83013000,Locks of a kind used for furniture,current,
25174100,Of marble,current,
91119000,Parts,current,
29214100,Aniline and its salts,current,
84262000,Tower cranes,current,
73151900,Parts,current,
55133900,Other woven fabrics,current,
82024000,Chainsaw blades,current,
83015000,"Clasps and frames with clasps, incorporating locks",current,
38248800,"Containing tetra-, penta-, hexa-, hepta- or octabromodiphenyl ethers",current,
84701000,"Electronic calculators capable of operation without an external source of electric power and pocket-size data-recording, reproducing and displaying machines with calculating functions",current,
85285900,Other,current,
70101000,Ampoules,current,
60064100,Unbleached or bleached,current,
83016000,Parts,current,
03045700,Rays and skates (Rajidae),current,
58013700,Warp pile fabrics,current,
81102000,Waste and scrap,current,
39174000,Fittings,current,
76141000,With steel core,current,
62089200,Of man-made fibres,current,
70191500,Chemically bonded mats,current,
81011000,Powders,current,
57021000,"Kelem, Schumacks, Karamanie and similar hand-woven rugs",current,
86069200,"Open, with non-removable sides of a height exceeding 60 cm",current,
85443000,"Ignition wiring sets and other wiring sets of a kind used in vehicles, aircraft or ships",current,
22043010,In fermentation or with fermentation arrested otherwise than by the addition of alcohol,current,
03063291,Whole,current,
03063299,Other,current,
02045079,Boneless cuts,current,
02045071,Cuts with bone in,current,
15071090,Other,current,
15071010,For technical or industrial uses other than the manufacture of foodstuffs for human consumption,current,
22042290,Other,current,
22042286,Sherry,current,
22042288,Samos and Muscat de Lemnos,current,
22042285,Madeira and Setubal muscatel,current,
28045090,Tellurium,current,
28045010,Boron,current,
23091090,Other,current,
18069019,Other,current,
18069011,Containing alcohol,current,
03038940,Fish of the species Orcynopsis unicolor,current,
03038965,Monkfish (Lophius spp.),current,
03038970,Pink cusk-eel (Genypterus blacodes),current,
03038960,Ray's bream (Brama spp.),current,
03038990,Other,current,
03038950,"Sea bream (Dentex dentex, Pagellus spp.)",current,
03038955,Gilt-head sea bream (Sparus aurata),current,
22082066,Brandy or Weinbrand,current,
22082062,Cognac,current,
22082069,Other,current,
03077210,Striped venus or other species of the family Veneridae,current,
03077290,Other,current,
04041028,"Exceeding 1,5 % but not exceeding 27 %",current,
04041032,Exceeding 27 %,current,
04041026,"Not exceeding 1,5 %",current,
28539090,Other,current,
28539030,Liquid air (whether or not rare gases have been removed); compressed air,current,
28539010,Distilled or conductivity water and water of similar purity,current,
04022911,"Special milk, for infants, in hermetically sealed containers of a net content not exceeding 500 g, of a fat content, by weight, exceeding 10 %",current,
03033110,Lesser or Greenland halibut (Reinhardtius hippoglossoides),current,
03033130,Atlantic halibut (Hippoglossus hippoglossus),current,
03033190,Pacific halibut (Hippoglossus stenolepis),current,
28442051,Ferro-uranium,current,
28442059,Other (Euratom),current,
22089041,Ouzo,current,
10019120,Common wheat and meslin,current,
10019110,Spelt,current,
10019190,Other,current,
15041010,Of a vitamin A content not exceeding 2500 International Units per gram,current,
02076021,Halves or quarters,current,
02076041,"Backs, necks, backs with necks attached, rumps and wing-tips",current,
02076031,"Whole wings, with or without tips",current,
02076081,Other,current,
02076051,Breasts and cuts thereof,current,
02076061,Legs and cuts thereof,current,
02074130,"Plucked and drawn, without heads and feet but with necks, hearts, livers and gizzards, known as 70 % ducks",current,
02074120,"Plucked, bled, gutted but not drawn, with heads and feet, known as 85 % ducks",current,
02074180,"Plucked and drawn, without heads and feet and without necks, hearts, livers and gizzards, known as 63 % ducks, or otherwise presented",current,
11032040,Of maize,current,
11032060,Of wheat,current,
11032050,Of rice,current,
11032025,Of rye or barley,current,
11032090,Other,current,
11032030,Of oats,current,
15131999,Other,current,
15131991,In immediate packings of a net content not exceeding 1 kg,current,
27111297,Other,current,
27111294,Of a purity exceeding 90 % but of less than 99 %,current,
22082016,Brandy de Jerez,current,
22082018,Other,current,
28469040,Lanthanum compounds,current,
28469030,Scandium compounds,current,
28469090,Compounds of mixtures of metals,current,
28469070,"Compounds of europium, holmium, erbium, thulium, ytterbium, lutetium or yttrium",current,
28469060,"Compounds of gadolinium, terbium or dysprosium",current,
28469050,"Compounds of praseodymium, neodymium or samarium",current,
28352910,Of triammonium,current,
28352930,Of trisodium,current,
28352990,Other,current,
20086011,"Of an actual alcoholic strength by mass not exceeding 11,85 % mas",current,
20086019,Other,current,
02068099,Of sheep and goats,current,
02068091,"Of horses, asses, mules and hinnies",current,
22042179,White,current,
22042180,Other,current,
08062090,Other,current,
08062010,Currants,current,
08062030,Sultanas,current,
03048990,Other,current,
03048930,Fish of the genus Euthynnus,current,
03048960,Monkfish (Lophius spp.),current,
04089980,Other,current,
04089920,Unfit for human consumption,current,
07096091,"Of the genus Capsicum, for the manufacture of capsicin or capsicum oleoresin dyes",current,
07096095,For the industrial manufacture of essential oils or resinoids,current,
07096099,Other,current,
27040090,Other,current,
27040030,Coke and semi-coke of lignite,current,
27040010,Coke and semi-coke of coal,current,
13021970,Other,current,
13021905,Vanilla oleoresin,current,
07133310,For sowing,current,
07133390,Other,current,
22089056,Other,current,
22089054,Tequila,current,
22042926,Vallée du Rhône,current,
22042924,Beaujolais,current,
22042932,Piemonte (Piedmont),current,
22042927,Languedoc-Roussillon,current,
22042928,Val de Loire (Loire Valley),current,
22042923,Bourgogne (Burgundy),current,
22042922,Bordeaux,current,
27101231,Aviation spirit,current,
04039051,Not exceeding 3 %,current,
04039059,Exceeding 6 %,current,
04039053,Exceeding 3 % but not exceeding 6 %,current,
03072110,"Scallops, including queen scallops, of the genera Pecten, Chlamys or Placopecten",current,
03072190,Other,current,
20089940,Other,current,
20089938,Tropical fruit,current,
01029020,Pure-bred breeding animals,current,
16041438,Other,current,
16041436,Fillets known as loins,current,
20098997,Juices of tropical fruit,current,
20098996,Cherry juice,current,
20098999,Other,current,
20089391,"Containing added sugar, in immediate packings of a net content exceeding 1 kg",current,
20089399,Not containing added sugar,current,
20089393,"Containing added sugar, in immediate packings of a net content not exceeding 1 kg",current,
20041099,Other,current,
20041091,"In the form of flour, meal or flakes",current,
28443099,Other,current,
28443091,"Of thorium or of uranium depleted in U 235, whether or not mixed together (Euratom), other than thorium salts",current,
16042090,Of other fish,current,
16042040,Of anchovies,current,
16042010,Of salmon,current,
16042030,"Of Salmonidae, other than salmon",current,
16042050,"Of sardines, bonito, mackerel of the species Scomber scombrus and Scomber japonicus, fish of the species Orcynopsis unicolor",current,
16042070,"Of tuna, skipjack tuna or other fish of the genus Euthynnus",current,
03049410,Surimi,current,
03049490,Other,current,
04039091,Not exceeding 3 %,current,
04039099,Exceeding 6 %,current,
04039093,Exceeding 3 % but not exceeding 6 %,current,
03035929,Other,current,
03035921,For the industrial manufacture of products of heading 1604,current,
03028960,Pink cusk-eel (Genypterus blacodes),current,
03028950,Monkfish (Lophius spp.),current,
03028940,Ray's bream (Brama spp.),current,
03028990,Other,current,
03048310,Plaice (Pleuronectes platessa),current,
03048350,Megrim (Lepidorhombus spp.),current,
03048390,Other,current,
03048330,Flounder (Platichthys flesus),current,
28342980,Other,current,
28342940,Of copper,current,
28342920,Of barium; of beryllium; of cadmium; of cobalt; of nickel; of lead,current,
28181019,With 50 % or more of the total weight having a particle size of more than 10 mm,current,
28181011,With less than 50 % of the total weight having a particle size of more than 10 mm,current,
04063039,Exceeding 48 %,current,
04063031,Not exceeding 48 %,current,
07099920,Chard (or white beet) and cardoons,current,
07099960,Sweetcorn,current,
07099990,Other,current,
07099940,Capers,current,
07099950,Fennel,current,
07099910,"Salad vegetables, other than lettuce (Lactuca sativa) and chicory (Cichorium spp.)",current,
11041910,Of wheat,current,
11041950,Of maize,current,
11041930,Of rye,current,
28332920,Of cadmium; of chromium; of zinc,current,
28332960,Of lead,current,
28332980,Other,current,
28332930,Of cobalt; of titanium,current,
20082051,With a sugar content exceeding 17 % by weight,current,
20082059,Other,current,
20079920,Chestnut purée and paste,current,
20079910,"Plum purée and paste and prune purée and paste, in immediate packings of a net content exceeding 100 kg, for industrial processing",current,
08134010,"Peaches, including nectarines",current,
08134065,"Tamarinds, cashew apples, lychees, jackfruit, sapodillo plums, passion fruit, carambola and pitahaya",current,
08134095,Other,current,
08134030,Pears,current,
08134050,Papaws (papayas),current,
21061020,"Containing no milkfats, sucrose, isoglucose, glucose or starch or containing, by weight, less than 1,5 % milkfat, 5 % sucrose or isoglucose, 5 % glucose or starch",current,
21061080,Other,current,
02023010,"Forequarters, whole or cut into a maximum of five pieces, each quarter being in a single block; compensated quarters in two blocks, one of which contains the forequarter, whole or cut into a maximum of five pieces, and the other, the hindquarter, excluding the tenderloin, in one piece",current,
02023050,"Crop, chuck-and-blade and brisket cuts",current,
02023090,Other,current,
03073290,Perna spp.,current,
03073210,Mytilus spp.,current,
02061098,Other,current,
02061095,Thick skirt and thin skirt,current,
22042178,Other,current,
22042162,Piemonte (Piedmont),current,
22042167,Trentino and Alto Adige,current,
22042166,Toscana (Tuscany),current,
22042168,Veneto,current,
22042147,Languedoc-Roussillon,current,
22042146,Vallée du Rhône,current,
22042144,Beaujolais,current,
22042143,Bourgogne (Burgundy),current,
22042171,Navarra,current,
22042142,Bordeaux,current,
22042177,Valdepeñas,current,
22042161,Sicilia,current,
22042176,Rioja,current,
22042174,Penedés,current,
22042169,"Dão, Bairrada and Douro",current,
22042148,Val de Loire (Loire Valley),current,
12060099,Other,current,
12060091,Shelled; in grey-and-white-striped shell,current,
18061090,Containing 80 % or more by weight of sucrose (including invert sugar expressed as sucrose) or isoglucose expressed as sucrose,current,
18061015,Containing no sucrose or containing less than 5 % by weight of sucrose (including invert sugar expressed as sucrose) or isoglucose expressed as sucrose,current,
18061020,Containing 5 % or more but less than 65 % by weight of sucrose (including invert sugar expressed as sucrose) or isoglucose expressed as sucrose,current,
18061030,Containing 65 % or more but less than 80 % by weight of sucrose (including invert sugar expressed as sucrose) or isoglucose expressed as sucrose,current,
11031990,Other,current,
11031940,Of oats,current,
11031950,Of rice,current,
11031920,Of rye or barley,current,
28444290,Other,current,
28444210,Artificial radioactive isotopes (Euratom); compounds of artificial radioactive isotopes (Euratom),current,
20098159,With an added sugar content not exceeding 30 % by weight,current,
20098151,With an added sugar content exceeding 30 % by weight,current,
25070080,Other kaolinic clays,current,
25070020,Kaolin,current,
03038929,Other,current,
03038921,For the industrial manufacture of products of heading 1604,current,
15180039,Other,current,
15180031,Crude,current,
15219091,Raw,current,
15219099,Other,current,
20089945,Plums and prunes,current,
20089943,Grapes,current,
20089948,Tropical fruit,current,
20089949,Other,current,
20089941,Ginger,current,
20093151,Containing added sugar,current,
20093159,Not containing added sugar,current,
16041910,"Salmonidae, other than salmon",current,
16041950,Fish of the species Orcynopsis unicolor,current,
08094005,Plums,current,
08094090,Sloes,current,
28429070,Other,current,
28429010,"Salts, double salts or complex salts of selenium or tellurium acids",current,
28429020,Lithium iron phosphate,current,
15121110,For technical or industrial uses other than the manufacture of foodstuffs for human consumption,current,
06029010,Mushroom spawn,current,
06029020,Pineapple plants,current,
06029030,Vegetable and strawberry plants,current,
21022019,Other,current,
21022011,"In tablet, cube or similar form, or in immediate packings of a net content not exceeding 1 kg",current,
04012011,In immediate packings of a net content not exceeding two litres,current,
04012019,Other,current,
08031010,Fresh,current,
08031090,Dried,current,
02089030,"Of game, other than of rabbits or hares",current,
02089098,Other,current,
02089010,Of domestic pigeons,current,
02089070,Frogs' legs,current,
02089060,Of reindeer,current,
26121010,"Uranium ores and pitchblende, and concentrates thereof, with a uranium content of more than 5 % by weight (Euratom)",current,
26121090,Other,current,
25199010,"Magnesium oxide, other than calcined natural magnesium carbonate",current,
25199090,Other,current,
25199030,Dead-burned (sintered) magnesia,current,
02072640,"Backs, necks, backs with necks attached, rumps and wing-tips",current,
02072650,Breasts and cuts thereof,current,
02072620,Halves or quarters,current,
02072630,"Whole wings, with or without tips",current,
02072680,Other,current,
19042091,Obtained from maize,current,
19042099,Other,current,
19042095,Obtained from rice,current,
20096979,Other,current,
20096971,Concentrated,current,
22042990,Other,current,
22042985,Madeira and Setubal muscatel,current,
22042986,Sherry,current,
22042988,Samos and Muscat de Lemnos,current,
06012090,Other,current,
06012030,"Orchids, hyacinths, narcissi and tulips",current,
06012010,Chicory plants and roots,current,
15153090,Other,current,
15153010,For the production of aminoundecanoic acid for use in the manufacture of synthetic textile fibres or of artificial plastic materials,current,
04041082,"Exceeding 1,5 % but not exceeding 27 %",current,
04041078,"Not exceeding 1,5 %",current,
04041084,Exceeding 27 %,current,
15159091,"Solid, in immediate packings of a net content not exceeding 1 kg",current,
15159099,"Solid, other; fluid",current,
19059045,Biscuits,current,
19059030,"Bread, not containing added honey, eggs, cheese or fruit, and containing by weight in the dry matter state not more than 5 % of sugars and not more than 5 % of fat",current,
19059055,"Extruded or expanded products, savoury or salted",current,
03024330,Sardines of the genus Sardinops; sardinella (Sardinella spp.),current,
03024310,Sardines of the species Sardina pilchardus,current,
03024390,Brisling or sprats (Sprattus sprattus),current,
06029050,Other outdoor plants,current,
04022915,"In immediate packings of a net content not exceeding 2,5 kg",current,
04022919,Other,current,
20019092,Tropical fruit and tropical nuts; palm hearts,current,
20019070,Sweet peppers,current,
20019020,Fruit of the genus Capsicum other than sweet peppers or pimentos,current,
20019010,Mango chutney,current,
20019040,"Yams, sweet potatoes and similar edible parts of plants containing 5 % or more by weight of starch",current,
20019097,Other,current,
20019050,Mushrooms,current,
20019065,Olives,current,
20019030,Sweetcorn (Zea mays var. saccharata),current,
21050091,3 % or more but less than 7 %,current,
21050099,7 % or more,current,
22059090,Of an actual alcoholic strength by volume exceeding 18 % vol,current,
22059010,Of an actual alcoholic strength by volume of 18 % vol or less,current,
20049091,"Onions, cooked, not otherwise prepared",current,
20049098,Other,current,
11042908,Other,current,
11042905,Pearled,current,
11042904,"Hulled (shelled or husked), whether or not sliced or kibbled",current,
25309070,Other,current,
25309030,Celestine and strontianite,current,
25309040,"Spodumene, petalite, lepidolite, amblygonite, hectorite, jadarite and similar minerals, suitable for the extraction of lithium",current,
25309050,"Bastnaesite, xenotime and similar minerals, suitable for the extraction of rare-earth metals, scandium or yttrium",current,
22042137,Valencia,current,
22042111,Alsace,current,
22042132,Vinho Verde,current,
22042136,Rioja,current,
22042131,Sicilia,current,
22042112,Bordeaux,current,
22042113,Bourgogne (Burgundy),current,
22042119,Pfalz,current,
22042123,Tokaj,current,
22042124,Lazio (Latium),current,
22042122,Rheinhessen,current,
22042126,Toscana (Tuscany),current,
22042134,Penedés,current,
22042127,"Trentino, Alto Adige and Friuli",current,
22042128,Veneto,current,
22042138,Other,current,
22042117,Val de Loire (Loire Valley),current,
22042118,Mosel,current,
03022130,Atlantic halibut (Hippoglossus hippoglossus),current,
03022190,Pacific halibut (Hippoglossus stenolepis),current,
03022110,Lesser or Greenland halibut (Reinhardtius hippoglossoides),current,
20079950,With a sugar content exceeding 13 % but not exceeding 30 % by weight,current,
03073920,Mytilus spp.,current,
03073980,Perna spp.,current,
03074395,European flying squid (Todarodes sagittatus) (Ommastrephes sagittatus),current,
03074399,Other,current,
03074392,Illex spp.,current,
03074391,"Ommastrephes spp., other than Ommastrephes sagittatus, Nototodarus spp., Sepioteuthis spp.",current,
19049010,Obtained from rice,current,
19049080,Other,current,
20059930,Globe artichokes,current,
20059920,Capers,current,
20059910,"Fruit of the genus Capsicum, other than sweet peppers or pimentos",current,
20059980,Other,current,
20059950,Mixtures of vegetables,current,
20059960,Sauerkraut,current,
19042010,Preparation of the Müsli type based on unroasted cereal flakes,current,
04052010,"Of a fat content, by weight, of 39 % or more but less than 60 %",current,
04052030,"Of a fat content, by weight, of 60 % or more but not exceeding 75 %",current,
04052090,"Of a fat content, by weight, of more than 75 % but less than 80 %",current,
23091013,Containing not less than 10 % but less than 50 % by weight of milk products,current,
23091011,Containing no milk products or containing less than 10 % by weight of such products,current,
23091015,Containing not less than 50 % but less than 75 % by weight of milk products,current,
23091019,Containing not less than 75 % by weight of milk products,current,
04015011,In immediate packings of a net content not exceeding two litres,current,
04015019,Other,current,
25010010,Sea water and salt liquors,current,
04051011,In immediate packings of a net content not exceeding 1 kg,current,
04051019,Other,current,
03036612,Argentine hake (Southwest Atlantic hake) (Merluccius hubbsi),current,
03036613,Southern hake (Merluccius australis),current,
03036619,Other,current,
03036611,Cape hake (shallow-water hake) (Merluccius capensis) and deepwater hake (deepwater Cape hake) (Merluccius paradoxus),current,
12099999,Other,current,
12099991,"Seeds of plants cultivated principally for their flowers, other than those of subheading 120930",current,
20094199,Not containing added sugar,current,
20094192,Containing added sugar,current,
03069520,Pandalus spp.,current,
03061699,Other,current,
03061691,Shrimps of the species Crangon crangon,current,
17023090,Other,current,
17023050,"In the form of white crystalline powder, whether or not agglomerated",current,
15132990,Other,current,
15132950,In immediate packings of a net content not exceeding 1 kg,current,
17049061,Sugar-coated (panned) goods,current,
17049051,"Pastes, including marzipan, in immediate packings of a net content of 1 kg or more",current,
17049055,Throat pastilles and cough drops,current,
27101931,For undergoing a specific process,current,
27101935,For undergoing chemical transformation by a process other than those specified in respect of subheading 27101931,current,
16024930,"Containing by weight 40 % or more but less than 80 % of meat or meat offal, of any kind, including fats of any kind or origin",current,
16024950,"Containing by weight less than 40 % of meat or meat offal, of any kind, including fats of any kind or origin",current,
24012035,Light air-cured tobacco,current,
24012070,Dark air-cured tobacco,current,
24012085,Flue-cured tobacco,current,
24012060,Sun-cured Oriental type tobacco,current,
24012095,Other,current,
19052010,Containing by weight less than 30 % of sucrose (including invert sugar expressed as sucrose),current,
19052090,Containing by weight 50 % or more of sucrose (including invert sugar expressed as sucrose),current,
19052030,Containing by weight 30 % or more but less than 50 % of sucrose (including invert sugar expessed as sucrose),current,
17019910,White sugar,current,
17019990,Other,current,
24031910,In immediate packings of a net content not exceeding 500 g,current,
24031990,Other,current,
04041016,Exceeding 27 %,current,
04041012,"Not exceeding 1,5 %",current,
04041014,"Exceeding 1,5 % but not exceeding 27 %",current,
03055490,Other,current,
03055430,"Herrings (Clupea harengus, Clupea pallasii)",current,
03055450,Anchovies (Engraulis spp.),current,
01039110,Domestic species,current,
01039190,Other,current,
02045011,Carcases and half-carcases,current,
02045015,Chines and/or best ends,current,
02045013,Short forequarters,current,
02045019,Legs,current,
28259020,Beryllium oxide and hydroxide,current,
28259060,Cadmium oxide,current,
28259085,Other,current,
28259040,Tungsten oxides and hydroxides,current,
15162010,"Hydrogenated castor oil, so called opal-wax",current,
12075010,Seed,current,
12075090,Other,current,
12102010,"Hop cones, ground, powdered or in the form of pellets, with higher lupulin content; lupulin",current,
12102090,Other,current,
03063610,"Shrimps of the family Pandalidae, other than of the genus Pandalus",current,
03063650,"Shrimps of the genus Crangon, other than of the species Crangon crangon",current,
03063690,Other,current,
03074329,"Sepia officinalis, Rossia macrosoma",current,
21069098,Other,current,
21069092,"Containing no milkfats, sucrose, isoglucose, glucose or starch or containing, by weight, less than 1,5 % milkfat, 5 % sucrose or isoglucose, 5 % glucose or starch",current,
20052010,"In the form of flour, meal or flakes",current,
20095010,Containing added sugar,current,
20095090,Other,current,
02101290,Other,current,
27139090,Other,current,
27139010,For the manufacture of the products of heading 2803,current,
08104090,Other,current,
08104030,Fruit of the species Vaccinium myrtillus,current,
08104050,Fruit of the species Vaccinium macrocarpon and Vaccinium corymbosum,current,
08104010,"Cowberries, foxberries or mountain cranberries (fruit of the species Vaccinium vitis-idaea)",current,
04015091,In immediate packings of a net content not exceeding two litres,current,
04015099,Other,current,
04041056,"Not exceeding 1,5 %",current,
04041058,"Exceeding 1,5 % but not exceeding 27 %",current,
04041062,Exceeding 27 %,current,
06042019,Other,current,
06042011,Reindeer moss,current,
20089776,Of tropical fruit (including mixtures containing by weight 50 % or more of tropical nuts and tropical fruit),current,
20089778,Other,current,
15132930,For technical or industrial uses other than the manufacture of foodstuffs for human consumption,current,
22029919,Other,current,
22029911,"Soya-based beverages with a protein content of 2,8 % or more by weight",current,
22029915,"Soya-based beverages with a protein content of less than 2,8 % by weight; beverages based on nuts of Chapter 8, cereals of Chapter 10 or seeds of Chapter 12",current,
20089934,Other,current,
20089931,Tropical fruit,current,
20086039,Other,current,
20086031,"Of an actual alcoholic strength by mass not exceeding 11,85 % mas",current,
22082019,Other,current,
22082012,Cognac,current,
22082014,Armagnac,current,
07129005,"Potatoes, whether or not cut or sliced but not further prepared",current,
07129030,Tomatoes,current,
07129090,Other,current,
07129050,Carrots,current,
05119910,Sinews or tendons; parings and similar waste of raw hides or skins,current,
05119985,Other,current,
03033910,Flounder (Platichthys flesus),current,
03033950,Fish of the species Pelotreis flavilatus or Peltorhamphus novaezelandiae,current,
03033985,Other,current,
03033930,Fish of the genus Rhombosolea,current,
09019010,Coffee husks and skins,current,
09019090,Coffee substitutes containing coffee,current,
20094911,Of a value not exceeding € 30 per 100 kg net weight,current,
20094919,Other,current,
28441030,Worked (Euratom),current,
28441010,Crude; waste and scrap (Euratom),current,
15131199,Other,current,
15131191,In immediate packings of a net content not exceeding 1 kg,current,
03072295,Other,current,
02074280,"Plucked and drawn, without heads and feet and without necks, hearts, livers and gizzards, known as 63 % ducks, or otherwise presented",current,
02074230,"Plucked and drawn, without heads and feet but with necks, hearts, livers and gizzards, known as 70 % ducks",current,
07149090,Other,current,
07149020,"Arrowroot, salep and similar roots and tubers with high starch content",current,
16041939,Other,current,
16041931,Fillets known as loins,current,
03034512,For the industrial manufacture of products of heading 1604,current,
03034518,Other,current,
10063099,Other,current,
10063094,Medium grain,current,
10063092,Round grain,current,
17029071,Containing 50 % or more by weight of sucrose in the dry matter,current,
20098985,Juices of tropical fruit,current,
20098986,Other,current,
04089180,Other,current,
04089120,Unfit for human consumption,current,
03031420,"Of the species Oncorhynchus mykiss, with heads and gills on, gutted, weighing more than 1,2 kg each, or with heads off, gilled and gutted, weighing more than 1 kg each",current,
03031490,Other,current,
03031410,Of the species Oncorhynchus apache or Oncorhynchus chrysogaster,current,
28100090,Other,current,
28100010,Diboron trioxide,current,
02075431,"Whole wings, with or without tips",current,
02075421,Halves or quarters,current,
02075461,Legs and cuts thereof,current,
02075441,"Backs, necks, backs with necks attached, rumps and wing-tips",current,
02075471,Paletots,current,
02075481,Other,current,
02075451,Breasts and cuts thereof,current,
03028410,European sea bass (Dicentrarchus labrax),current,
03028490,Other,current,
22042233,Tokaj,current,
22042223,Bourgogne (Burgundy),current,
22042232,Piemonte (Piedmont),current,
22042222,Bordeaux,current,
22042226,Vallée du Rhône,current,
22042224,Beaujolais,current,
22042228,Val de Loire (Loire Valley),current,
22042227,Languedoc-Roussillon,current,
20079939,Other,current,
20079933,Of strawberries,current,
20079931,Of cherries,current,
20079935,Of raspberries,current,
02102090,Boneless,current,
02102010,With bone in,current,
20096190,Of a value not exceeding € 18 per 100 kg net weight,current,
20096110,Of a value exceeding € 18 per 100 kg net weight,current,
03039230,Porbeagle shark (Lamna nasus),current,
03039290,Other,current,
03039240,Blue shark (Prionace glauca),current,
03039215,Piked dogfish (Squalus acanthias) and catsharks (Scyliorhinus spp.),current,
03039250,Shortfin Mako shark (Isurus Oxyrinchus),current,
03056930,Atlantic halibut (Hippoglossus hippoglossus),current,
03056980,Other,current,
03056910,Polar cod (Boreogadus saida),current,
03056950,"Pacific salmon (Oncorhynchus nerka, Oncorhynchus gorbuscha, Oncorhynchus keta, Oncorhynchus tschawytscha, Oncorhynchus kisutch, Oncorhynchus masou and Oncorhynchus rhodurus), Atlantic salmon (Salmo salar) and Danube salmon (Hucho hucho)",current,
11042398,Other,current,
11042340,"Hulled (shelled or husked), whether or not sliced or kibbled; pearled",current,
03061490,Other,current,
03061410,"Crabs of the species Paralithodes camchaticus, Chionoecetes spp. or Callinectes sapidus",current,
03061430,Crabs of the species Cancer pagurus,current,
06011030,Tulips,current,
06011010,Hyacinths,current,
06011020,Narcissi,current,
06011090,Other,current,
06011040,Gladioli,current,
17049010,Liquorice extract containing more than 10 % by weight of sucrose but not containing other added substances,current,
17049030,White chocolate,current,
01063910,Pigeons,current,
01063980,Other,current,
02101920,Three-quarter sides or middles,current,
02101950,Other,current,
02101910,Bacon sides or spencers,current,
02101930,Fore-ends and cuts thereof,current,
02101940,Loins and cuts thereof,current,
20097911,Of a value not exceeding € 22 per 100 kg net weight,current,
20097919,Other,current,
06049099,Other,current,
06049091,Not further prepared than dried,current,
27111391,Of a purity exceeding 90 % but of less than 95 %,current,
27111397,Other,current,
20049030,"Sauerkraut, capers and olives",current,
20049010,Sweetcorn (Zea mays var. saccharata),current,
20049050,"Peas (Pisum sativum) and immature beans of the species Phaseolus spp., in pod",current,
23099020,Products referred to in additional note 5 to this chapter,current,
23099010,Fish or marine mammal solubles,current,
02072720,Halves or quarters,current,
02072750,Breasts and cuts thereof,current,
02072740,"Backs, necks, backs with necks attached, rumps and wing-tips",current,
02072780,Other,current,
02072730,"Whole wings, with or without tips",current,
27101249,With an octane number (RON) of 98 or more,current,
27101241,With an octane number (RON) of less than 95,current,
27101245,With an octane number (RON) of 95 or more but less than 98,current,
04069074,Maasdam,current,
04069076,"Danbo, Fontal, Fontina, Fynbo, Havarti, Maribo, Samsø",current,
04069075,"Asiago, Caciocavallo, Montasio, Ragusano",current,
04069078,Gouda,current,
04069085,"Kefalograviera, Kasseri",current,
04069084,Brie,current,
04069073,Provolone,current,
04069081,"Cantal, Cheshire, Wensleydale, Lancashire, Double Gloucester, Blarney, Colby, Monterey",current,
04069082,Camembert,current,
04069079,"Esrom, Italico, Kernhem, Saint-Nectaire, Saint-Paulin, Taleggio",current,
17049075,"Toffees, caramels and similar sweets",current,
17049065,"Gum confectionery and jelly confectionery, including fruit pastes in the form of sugar confectionery",current,
17049071,"Boiled sweets, whether or not filled",current,
08083090,Other,current,
08083010,"Perry pears, in bulk, from 1 August to 31 December",current,
20089319,Other,current,
20089311,"Of an actual alcoholic strength by mass not exceeding 11,85 % mas",current,
03083080,Other,current,
03083050,Frozen,current,
22041091,Asti spumante,current,
22041015,Prosecco,current,
22041013,Cava,current,
22041011,Champagne,current,
22041093,Other,current,
09109933,Other,current,
09109931,Wild thyme (Thymus serpyllum L.),current,
07119050,Onions,current,
07119070,Capers,current,
07119030,Sweetcorn,current,
07119080,Other,current,
07119010,"Fruits of the genus Capsicum or of the genus Pimenta, excluding sweet peppers",current,
17011210,For refining,current,
17011290,Other,current,
03036950,Pollack (Pollachius pollachius),current,
03036990,Other,current,
03036930,Whiting (Merlangius merlangus),current,
03036980,Ling (Molva spp.),current,
03036970,Blue grenadier (Macruronus novaezelandiae),current,
03036910,Polar cod (Boreogadus saida),current,
04039019,Exceeding 27 %,current,
04039013,"Exceeding 1,5 % but not exceeding 27 %",current,
04039011,"Not exceeding 1,5 %",current,
03023310,For the industrial manufacture of products of heading 1604,current,
03023390,Other,current,
28444310,"Uranium-233 and its compounds; alloys, dispersions (including cermets), ceramic products and mixtures containing uranium-233 or its compounds",current,
28444380,Other,current,
28444320,Artificial radioactive isotopes (Euratom); compounds of artificial radioactive isotopes (Euratom),current,
02075593,Fatty livers,current,
02075595,Other,current,
02072760,Drumsticks and cuts thereof,current,
02072770,Other,current,
28053010,Intermixtures or interalloys,current,
22090011,2 litres or less,current,
22090019,More than 2 litres,current,
02072710,Boneless,current,
04069089,Exceeding 52 % but not exceeding 62 %,current,
04069086,Exceeding 47 % but not exceeding 52 %,current,
04069092,Exceeding 62 % but not exceeding 72 %,current,
17029095,Other,current,
17029080,Inulin syrup,current,
17029050,Maltodextrine and maltodextrine syrup,current,
17029010,Chemically pure maltose,current,
17029030,Isoglucose,current,
22042978,Other,current,
22042938,White,current,
15151990,Other,current,
15151910,For technical or industrial uses other than the manufacture of foodstuffs for human consumption,current,
22042181,White,current,
22042182,Other,current,
02072699,Other,current,
02072691,Livers,current,
20097991,With an added sugar content exceeding 30 % by weight,current,
20097998,Other,current,
04032059,Exceeding 27 %,current,
04032051,"Not exceeding 1,5 %",current,
04032053,"Exceeding 1,5 % but not exceeding 27 %",current,
20099079,Not containing added sugar,current,
20099073,With an added sugar content not exceeding 30 % by weight,current,
20099071,With an added sugar content exceeding 30 % by weight,current,
15132919,Other,current,
15132911,In immediate packings of a net content not exceeding 1 kg,current,
02071320,Halves or quarters,current,
02071340,"Backs, necks, backs with necks attached, rumps and wing-tips",current,
02071360,Legs and cuts thereof,current,
02071330,"Whole wings, with or without tips",current,
02071350,Breasts and cuts thereof,current,
02071370,Other,current,
27129019,Other,current,
27129011,Crude,current,
15159029,Other,current,
15159021,For technical or industrial uses other than the manufacture of foodstuffs for human consumption,current,
03069310,Crabs of the species Cancer pagurus,current,
03069390,Other,current,
20088070,"Containing added sugar, in immediate packings of a net content not exceeding 1 kg",current,
20088050,"Containing added sugar, in immediate packings of a net content exceeding 1 kg",current,
20088090,Not containing added sugar,current,
07019010,For the manufacture of starch,current,
28443061,"Bars, rods, angles, shapes and sections, sheets and strips (Euratom)",current,
28443069,Other (Euratom),current,
03049910,Surimi,current,
15121910,For technical or industrial uses other than the manufacture of foodstuffs for human consumption,current,
15121990,Other,current,
10063023,Medium grain,current,
10063029,Other,current,
10063021,Round grain,current,
16041490,Bonito (Sarda spp.),current,
20084011,"Of an actual alcoholic strength by mass not exceeding 11,85 % mas",current,
20084019,Other,current,
28443011,Cermets,current,
28443019,Other,current,
04032099,Exceeding 6 %,current,
04032091,Not exceeding 3 %,current,
04032093,Exceeding 3 % but not exceeding 6 %,current,
27101975,For undergoing chemical transformation by a process other than those specified in respect of subheading 27101971,current,
27101971,For undergoing a specific process,current,
02101990,Other,current,
05119939,Other,current,
05119931,Raw,current,
02101219,Dried or smoked,current,
02101211,Salted or in brine,current,
02012090,Other,current,
02012030,Unseparated or separated forequarters,current,
02012050,Unseparated or separated hindquarters,current,
02012020,Compensated quarters,current,
20089963,Tropical fruit,current,
20089967,Other,current,
20089951,Ginger,current,
22090091,2 litres or less,current,
22090099,More than 2 litres,current,
20093991,With an added sugar content exceeding 30 % by weight,current,
20093995,With an added sugar content not exceeding 30 % by weight,current,
20093999,Not containing added sugar,current,
26209960,Containing mainly titanium,current,
26209995,Other,current,
26209910,Containing mainly nickel,current,
26209940,Containing mainly tin,current,
26209920,Containing mainly niobium or tantalum,current,
15171090,Other,current,
15171010,"Containing, by weight, more than 10 % but not more than 15 % of milkfats",current,
11042240,"Hulled (shelled or husked), whether or not sliced or kibbled",current,
11042250,Pearled,current,
11042295,Other,current,
03036310,Of the species Gadus morhua,current,
03036390,Of the species Gadus macrocephalus,current,
03036330,Of the species Gadus ogac,current,
10061071,Of a length/width ratio greater than 2 but less than 3,current,
10061079,Of a length/width ratio equal to or greater than 3,current,
28443051,Cermets,current,
04081120,Unfit for human consumption,current,
04081180,Other,current,
20087061,With a sugar content exceeding 13 % by weight,current,
20087069,Other,current,
15042010,Solid fractions,current,
15042090,Other,current,
03049610,Piked dogfish (Squalus acanthias) and catsharks (Scyliorhinus spp.),current,
03049630,Blue shark (Prionace glauca),current,
03049690,Other,current,
03049620,Porbeagle shark (Lamna nasus),current,
20098989,Other,current,
20098988,Juices of tropical fruit,current,
21012092,"With a basis of extracts, essences or concentrates of tea or maté",current,
21012098,Other,current,
20089972,Of 5 kg or more,current,
20089978,Of less than 5 kg,current,
28500090,Borides,current,
28500020,Hydrides; nitrides,current,
28500060,Azides; silicides,current,
03057130,Porbeagle shark (Lamna nasus),current,
03057140,Blue shark (Prionace glauca),current,
03057190,Other,current,
03057150,Shortfin Mako shark (Isurus Oxyrinchus),current,
03057115,Piked dogfish (Squalus acanthias) and catsharks (Scyliorhinus spp.),current,
22060051,Cider and perry,current,
22060059,Other,current,
15155019,Other,current,
15155011,For technical or industrial uses other than the manufacture of foodstuffs for human consumption,current,
03028921,For the industrial manufacture of products of heading 1604,current,
03028929,Other,current,
03073110,Mytilus spp.,current,
03073190,Perna spp.,current,
15152110,For technical or industrial uses other than the manufacture of foodstuffs for human consumption,current,
15152190,Other,current,
16010010,Of liver,current,
18062010,Containing 31 % or more by weight of cocoa butter or containing a combined weight of 31 % or more of cocoa butter and milkfat,current,
18062030,"Containing a combined weight of 25 % or more, but less than 31 % of cocoa butter and milkfat",current,
28369911,Of magnesium; of copper,current,
28369917,Other,current,
20089714,Other,current,
20089712,Of tropical fruit (including mixtures containing by weight 50 % or more of tropical nuts and tropical fruit),current,
28444110,Artificial radioactive isotope (Euratom); compounds of artificial radioactive isotope (Euratom),current,
28444190,Other,current,
23024002,With a starch content not exceeding 35 % by weight,current,
23024008,Other,current,
20041010,"Cooked, not otherwise prepared",current,
22042195,White,current,
22042196,Other,current,
02074451,Breasts and cuts thereof,current,
02074431,"Whole wings, with or without tips",current,
02074471,Paletots,current,
02074461,Legs and cuts thereof,current,
02074421,Halves or quarters,current,
02074481,Other,current,
02074441,"Backs, necks, backs with necks attached, rumps and wing-tips",current,
03045610,Piked dogfish (Squalus acanthias) and catsharks (Scyliorhinus spp.),current,
03045620,Porbeagle shark (Lamna nasus),current,
03045630,Blue shark (Prionace glauca),current,
03045690,Other,current,
04039073,"Exceeding 1,5 % but not exceeding 27 %",current,
04039071,"Not exceeding 1,5 %",current,
04039079,Exceeding 27 %,current,
03061793,"Shrimps of the family Pandalidae, other than of the genus Pandalus",current,
03061792,Shrimps of the genus Penaeus,current,
03061794,"Shrimps of the genus Crangon, other than of the species Crangon crangon",current,
03061791,Deepwater rose shrimps (Parapenaeus longirostris),current,
03061799,Other,current,
11010090,Meslin flour,current,
20081191,Exceeding 1 kg,current,
07108070,Tomatoes,current,
07108085,Asparagus,current,
07108010,Olives,current,
07108080,Globe artichokes,current,
07108095,Other,current,
22011090,Other,current,
22083071,2 litres or less,current,
22083079,More than 2 litres,current,
20089937,Other,current,
20089936,Tropical fruit,current,
04041034,"Not exceeding 1,5 %",current,
04041038,Exceeding 27 %,current,
04041036,"Exceeding 1,5 % but not exceeding 27 %",current,
08129040,Fruit of the species Vaccinium myrtillus,current,
08129030,Papaws (papayas),current,
08129070,"Guavas, mangoes, mangosteens, tamarinds, cashew apples, lychees, jackfruit, sapodillo plums, passion fruit, carambola, pitahaya and tropical nuts",current,
08129025,Apricots; oranges,current,
08129098,Other,current,
03022910,Megrim (Lepidorhombus spp.),current,
03022980,Other,current,
01059920,Geese,current,
01059950,Guinea fowls,current,
01059910,Ducks,current,
01059930,Turkeys,current,
28273930,Of cobalt,current,
28273910,Of tin,current,
28273985,Other,current,
28273920,Of iron,current,
02032110,Of domestic swine,current,
02032190,Other,current,
15012010,For industrial uses other than the manufacture of foodstuffs for human consumption,current,
15012090,Other,current,
28111910,Hydrogen bromide (hydrobromic acid),current,
28111980,Other,current,
08109020,"Tamarinds, cashew apples, lychees, jackfruit, sapodilla plums, passion fruit, carambola and pitahaya",current,
08109075,Other,current,
20081913,Roasted almonds and pistachios,current,
20081919,Other,current,
05119110,Fish waste,current,
05119190,Other,current,
15111010,For technical or industrial uses other than the manufacture of foodstuffs for human consumption,current,
15111090,Other,current,
15119099,Other,current,
15119091,For technical or industrial uses other than the manufacture of foodstuffs for human consumption,current,
03024530,Chilean jack mackerel (Trachurus murphyi),current,
03024510,Atlantic horse mackerel (Trachurus trachurus),current,
03024590,Other,current,
16053090,Other,current,
16053010,"Lobster meat, cooked, for the manufacture of lobster butter or of lobster pastes, pâtés, soups or sauces",current,
27090090,Other,current,
27090010,Natural gas condensates,current,
08029910,Pecans,current,
08029990,Other,current,
16029061,Uncooked; mixtures of cooked meat or offal and uncooked meat or offal,current,
16029069,Other,current,
03044210,"Of the species Oncorhynchus mykiss, weighing more than 400 g each",current,
03044290,Other,current,
03044250,Of the species Oncorhynchus apache or Oncorhynchus chrysogaster,current,
28051910,Strontium and barium,current,
28051990,Other,current,
16024110,Of domestic swine,current,
16024190,Other,current,
03025910,Polar cod (Boreogadus saida),current,
03025990,Other,current,
03025930,Pollack (Pollachius pollachius),current,
03025940,Ling (Molva spp.),current,
03025920,Whiting (Merlangius merlangus),current,
01022905,Of the sub-genus Bibos or of the sub-genus Poephagus,current,
02075581,Other,current,
02075571,Paletots,current,
02075531,"Whole wings, with or without tips",current,
02075541,"Backs, necks, backs with necks attached, rumps and wing-tips",current,
02075521,Halves or quarters,current,
02075551,Breasts and cuts thereof,current,
02075561,Legs and cuts thereof,current,
16023111,Containing exclusively uncooked turkey meat,current,
16023119,Other,current,
03024911,For the industrial manufacture of products of heading 1604,current,
03024919,Other,current,
08102010,Raspberries,current,
08102090,Other,current,
02071110,"Plucked and gutted, with heads and feet, known as 83 % chickens",current,
02071190,"Plucked and drawn, without heads and feet and without necks, hearts, livers and gizzards, known as 65 % chickens, or otherwise presented",current,
02071130,"Plucked and drawn, without heads and feet but with necks, hearts, livers and gizzards, known as 70 % chickens",current,
02072590,"Plucked and drawn, without heads and feet and without necks, hearts, livers and gizzards, known as 73 % turkeys, or otherwise presented",current,
02072510,"Plucked and drawn, without heads and feet but with necks, hearts, livers and gizzards, known as 80 % turkeys",current,
02075190,"Plucked and drawn, without heads and feet, with or without hearts and gizzards, known as 75 % geese, or otherwise presented",current,
02075110,"Plucked, bled, not drawn, with heads and feet, known as 82 % geese",current,
02071440,"Backs, necks, backs with necks attached, rumps and wing-tips",current,
02071420,Halves or quarters,current,
02071430,"Whole wings, with or without tips",current,
02071450,Breasts and cuts thereof,current,
02071460,Legs and cuts thereof,current,
02071470,Other,current,
20081993,Almonds and pistachios,current,
20081995,Other,current,
23032090,Other,current,
23032010,Beet-pulp,current,
20099092,Mixtures of juices of tropical fruit,current,
20099094,Other,current,
04021019,Other,current,
04021011,"In immediate packings of a net content not exceeding 2,5 kg",current,
16029051,Containing meat or meat offal of domestic swine,current,
28443055,"Crude, waste and scrap (Euratom)",current,
19053299,Other,current,
19053291,"Salted, whether or not filled",current,
08135015,Other,current,
08135012,"Of papaws (papayas), tamarinds, cashew apples, lychees, jackfruit, sapodillo plums, passion fruit, carambola and pitahaya",current,
02109210,"Of whales, dolphins and porpoises (mammals of the order Cetacea); of manatees and dugongs (mammals of the order Sirenia)",current,
03028910,Freshwater fish,current,
20089911,"Of an actual alcoholic strength by mass not exceeding 11,85 % mas",current,
20089919,Other,current,
11071011,In the form of flour,current,
11071019,Other,current,
28121990,Other,current,
28121910,Of phosphorus,current,
28459010,"Deuterium and compounds thereof; hydrogen and compounds thereof, enriched in deuterium; mixtures and solutions containing these products (Euratom)",current,
28459090,Other,current,
20099011,Of a value not exceeding € 22 per 100 kg net weight,current,
20099019,Other,current,
16041991,"Fillets, raw, merely coated with batter or breadcrumbs, whether or not pre-fried in oil, frozen",current,
08039090,Dried,current,
03023511,For the industrial manufacture of products of heading 1604,current,
03023519,Other,current,
15180095,"Inedible mixtures or preparations of animal fats and oils and their fractions, or of animal and vegetable fats and oils and their fractions, or of animal and microbial fats and oils and their fractions, or of animal, vegetable and microbial fats and oils and their fractions",current,
15180099,Other,current,
11081990,Other,current,
11081910,Rice starch,current,
17024090,Other,current,
17024010,Isoglucose,current,
28369990,Peroxocarbonates (percarbonates),current,
03074960,European flying squid (Todarodes sagittatus) (Ommastrephes sagittatus),current,
03074980,Other,current,
03074950,"Ommastrephes spp., other than Ommastrephes sagittatus, Nototodarus spp., Sepioteuthis spp.",current,
03074940,Loligo spp.,current,
03074920,"Cuttle fish (Sepia officinalis, Rossia macrosoma, Sepiola spp.)",current,
02109971,"Fatty livers of geese or ducks, salted or in brine",current,
02109979,Other,current,
28499090,Other,current,
28499030,Of tungsten,current,
28499010,Of boron,current,
28499050,Of aluminium; of chromium; of molybdenum; of vanadium; of tantalum; of titanium,current,
21069059,Other,current,
21069051,Lactose syrup,current,
21069055,Glucose syrup and maltodextrine syrup,current,
08119019,Other,current,
08119011,Tropical fruit and tropical nuts,current,
24039910,Chewing tobacco and snuff (nasal tobacco),current,
24039990,Other,current,
02042210,Short forequarters,current,
02042230,Chines and/or best ends,current,
02042250,Legs,current,
02042290,Other,current,
04029199,Other,current,
04029191,"In immediate packings of a net content not exceeding 2,5 kg",current,
16042005,Preparations of surimi,current,
04022199,Other,current,
04022191,"In immediate packings of a net content not exceeding 2,5 kg",current,
12040010,For sowing,current,
12040090,Other,current,
16029010,Preparations of blood of any animal,current,
09109991,Neither crushed nor ground,current,
09109999,Crushed or ground,current,
22042996,Other,current,
22042995,White,current,
28181099,With 50 % or more of the total weight having a particle size of more than 10 mm,current,
28181091,With less than 50 % of the total weight having a particle size of more than 10 mm,current,
20099097,Mixtures of juices of tropical fruit,current,
20099098,Other,current,
02074531,"Whole wings, with or without tips",current,
02074571,Paletots,current,
02074541,"Backs, necks, backs with necks attached, rumps and wing-tips",current,
02074521,Halves or quarters,current,
02074561,Legs and cuts thereof,current,
02074581,Other,current,
02074551,Breasts and cuts thereof,current,
20089991,"Yams, sweet potatoes and similar edible parts of plants, containing 5 % or more by weight of starch",current,
20089985,"Maize (corn), other than sweetcorn (Zea mays var. saccharata)",current,
20089999,Other,current,
03069511,Cooked by steaming or by boiling in water,current,
03069519,Other,current,
20081992,Tropical nuts; mixtures containing by weight 50 % or more of tropical nuts,current,
03025411,Cape hake (shallow-water hake) (Merluccius capensis) and deepwater hake (deepwater Cape hake) (Merluccius paradoxus),current,
03025419,Other,current,
03025415,Southern hake (Merluccius australis),current,
11022090,Other,current,
11022010,"Of a fat content not exceeding 1,5 % by weight",current,
23031090,Other,current,
20089321,"Of an actual alcoholic strength by mass not exceeding 11,85 % mas",current,
20089329,Other,current,
20084029,Other,current,
20084021,"Of an actual alcoholic strength by mass not exceeding 11,85 % mas",current,
09109910,Fenugreek seed,current,
09109950,Bay leaves,current,
08055010,"Lemons (Citrus limon, Citrus limonum)",current,
08055090,"Limes (Citrus aurantifolia, Citrus latifolia)",current,
12079920,Seed,current,
22083019,More than 2 litres,current,
22083011,2 litres or less,current,
06042020,Christmas trees,current,
06042040,Conifer branches,current,
06042090,Other,current,
15131110,For technical or industrial uses other than the manufacture of foodstuffs for human consumption,current,
10062017,Of a length/width ratio equal to or greater than 3,current,
10062015,Of a length/width ratio greater than 2 but less than 3,current,
27102011,"With a sulphur content not exceeding 0,001 % by weight",current,
27102019,"With a sulphur content exceeding 0,1 % by weight",current,
27102016,"With a sulphur content exceeding 0,001 % by weight but not exceeding 0,1 % by weight",current,
22085011,2 litres or less,current,
22085019,More than 2 litres,current,
22042183,White,current,
22042184,Other,current,
01022959,Other,current,
01022951,For slaughter,current,
22042980,Other,current,
22042979,White,current,
25010031,For chemical transformation (separation of Na from Cl) for the manufacture of other products,current,
20098936,Juices of tropical fruit,current,
20098938,Other,current,
08052110,Satsumas,current,
08052190,Other,current,
15159031,For technical or industrial uses other than the manufacture of foodstuffs for human consumption,current,
15159039,Other,current,
19059010,Matzos,current,
19059020,"Communion wafers, empty cachets of a kind suitable for pharmaceutical use, sealing wafers, rice paper and similar products",current,
15152910,For technical or industrial uses other than the manufacture of foodstuffs for human consumption,current,
15152990,Other,current,
28419040,Lithium nickel manganese cobalt oxides,current,
28419030,Zincates and vanadates,current,
28419070,Other,current,
03036810,Blue whiting (Micromesistius poutassou),current,
03036890,Southern blue whiting (Micromesistius australis),current,
27111291,For undergoing a specific process,current,
27111293,For undergoing chemical transformation by a process other than those specified in respect of subheading 27111291,current,
19019091,"Containing no milkfats, sucrose, isoglucose, glucose or starch or containing less than 1,5 % milkfat, 5 % sucrose (including invert sugar) or isoglucose, 5 % glucose or starch, excluding food preparations in powder form of goods of headings 0401 to 0404",current,
19019095,"Food preparations in powder form, consisting of a blend of skimmed milk and/or whey and vegetable fats/oils, with a content of fats/oils not exceeding 30 % by weight",current,
19019099,Other,current,
16023180,Other,current,
08111090,Other,current,
15179091,"Fixed vegetable oils, fluid, mixed",current,
15179099,Other,current,
15179093,Edible mixtures or preparations of a kind used as mould-release preparations,current,
06022080,Other,current,
06022030,Citrus,current,
03028939,Other,current,
03028931,Of the species Sebastes marinus,current,
07099310,Courgettes,current,
07099390,Other,current,
18063210,"With added cereal, fruit or nuts",current,
18063290,Other,current,
23080090,Other,current,
23080040,"Acorns and horse-chestnuts; pomace or marc of fruit, other than grapes",current,
04069025,Tilsit,current,
04069017,"Bergkäse, Appenzell",current,
04069018,"Fromage fribourgeois, Vacherin Mont d'Or and Tête de Moine",current,
04069037,Finlandia,current,
04069032,Feta,current,
04069023,Edam,current,
04069015,"Gruyère, Sbrinz",current,
04069029,Kashkaval,current,
04069035,Kefalo-Tyri,current,
04069021,Cheddar,current,
04069013,Emmentaler,current,
04069039,Jarlsberg,current,
06031920,Ranunculi,current,
06031910,Gladioli,current,
06031970,Other,current,
07096010,Sweet peppers,current,
16041299,Other,current,
16041291,In airtight containers,current,
24022010,Containing cloves,current,
24022090,Other,current,
16029095,Of goats,current,
16029091,Of sheep,current,
16029099,Other,current,
27101967,"With a sulphur content exceeding 0,5 % by weight",current,
27101966,"With a sulphur content exceeding 0,1 % by weight but not exceeding 0,5 % by weight",current,
27101962,"With a sulphur content not exceeding 0,1 % by weight",current,
03048949,Other,current,
03048941,Mackerel of the species Scomber australasicus,current,
15162096,"Groundnut, cotton-seed, soya-bean or sunflower-seed oils; other oils containing less than 50 % by weight of free fatty acids and excluding palm kernel, illipe, coconut, colza, rapeseed or copaiba oils",current,
15162098,Other,current,
06029045,Rooted cuttings and young plants,current,
03035410,Of the species Scomber scombrus or Scomber japonicus,current,
03035490,Of the species Scomber australasicus,current,
03034310,For the industrial manufacture of products of heading 1604,current,
03034390,Other,current,
03034690,Other,current,
03034610,For the industrial manufacture of products of heading 1604,current,
28299040,Bromates of potassium or of sodium,current,
28299080,Other,current,
28299010,Perchlorates,current,
03069590,Other,current,
03069540,"Shrimps of the genus Crangon, other than of the species Crangon crangon",current,
03069530,"Shrimps of the family Pandalidae, other than of the genus Pandalus",current,
03025110,Of the species Gadus morhua,current,
03025190,Other,current,
03061110,Crawfish tails,current,
03061190,Other,current,
03025490,Hake of the genus Urophycis,current,
28269010,Dipotassium hexafluorozirconate,current,
28269080,Other,current,
13023290,Of guar seeds,current,
13023210,Of locust beans or locust bean seeds,current,
22042197,White,current,
22042198,Other,current,
02032990,Other,current,
15030090,Other,current,
15030030,Tallow oil for industrial uses other than the manufacture of foodstuffs for human consumption,current,
02032219,Shoulders and cuts thereof,current,
02032211,Hams and cuts thereof,current,
20094991,With an added sugar content exceeding 30 % by weight,current,
20094999,Not containing added sugar,current,
20094993,With an added sugar content not exceeding 30 % by weight,current,
02075599,Other,current,
23099091,Beet-pulp with added molasses,current,
23099096,Other,current,
15156060,For technical or industrial uses other than the manufacture of foodstuffs for human consumption,current,
02032915,Bellies (streaky) and cuts thereof,current,
02032913,"Loins and cuts thereof, with bone in",current,
02032911,Fore-ends and cuts thereof,current,
08051024,White oranges,current,
08051028,Other,current,
08051022,Navel oranges,current,
03072210,Coquilles St Jacques(Pecten maximus),current,
03072290,Other,current,
20098950,"Of a value exceeding € 18 per 100 kg net weight, containing added sugar",current,
23099041,Containing no milk products or containing less than 10 % by weight of such products,current,
23099043,Containing not less than 10 % but less than 50 % by weight of milk products,current,
23099049,Containing not less than 50 % by weight of milk products,current,
03071110,"Flat oysters (of the genus Ostrea), live and weighing (shell included) not more than 40 g each",current,
03071190,Other,current,
15131911,In immediate packings of a net content not exceeding 1 kg,current,
15131919,Other,current,
15043010,Solid fractions,current,
15043090,Other,current,
23069011,Containing 3 % or less by weight of olive oil,current,
23069019,Containing more than 3 % by weight of olive oil,current,
11010011,Of durum wheat,current,
11010015,Of common wheat and spelt,current,
27101270,Spirit type jet fuel,current,
27101290,Other light oils,current,
16024990,Other,current,
02032955,Boneless,current,
02032959,Other,current,
02101981,Boneless,current,
02101989,Other,current,
15162095,"Colza, linseed, rapeseed, sunflower-seed, illipe, karite, makore, touloucouna or babassu oils, for technical or industrial uses other than the manufacture of foodstuffs for human consumption",current,
01051191,Laying stocks,current,
01051199,Other,current,
03047411,Cape hake (shallow-water hake) (Merluccius capensis) and deepwater hake (deepwater Cape hake) (Merluccius paradoxus),current,
03047415,Argentine hake (Southwest Atlantic hake) (Merluccius hubbsi),current,
03047419,Other,current,
01041080,Other,current,
01041030,Lambs (up to a year old),current,
28309085,Other,current,
28309011,"Sulphides of calcium, of antimony or of iron",current,
03019917,Other,current,
03019911,"Pacific salmon (Oncorhynchus nerka, Oncorhynchus gorbuscha, Oncorhynchus keta, Oncorhynchus tschawytscha, Oncorhynchus kisutch, Oncorhynchus masou and Oncorhynchus rhodurus), Atlantic salmon (Salmo salar) and Danube salmon (Hucho hucho)",current,
28199090,Other,current,
28199010,Chromium dioxide,current,
20099029,Other,current,
20099021,Of a value not exceeding € 30 per 100 kg net weight,current,
03038490,Other,current,
03038410,European sea bass (Dicentrarchus labrax),current,
16041446,Fillets known as loins,current,
16041448,Other,current,
03049550,Hake of the genus Merluccius,current,
03049590,Other,current,
03049540,Coalfish (Pollachius virens),current,
03049530,Haddock (Melanogrammus aeglefinus),current,
03049560,Blue whiting (Micromesistius poutassou),current,
02071391,Livers,current,
02071399,Other,current,
03049525,Cod of the species Gadus morhua,current,
03049529,Other,current,
03049521,Cod of the species Gadus macrocephalus,current,
02022010,Compensated quarters,current,
02022050,Unseparated or separated hindquarters,current,
02022090,Other,current,
02022030,Unseparated or separated forequarters,current,
20052020,"Thin slices, fried or baked, whether or not salted or flavoured, in airtight packings, suitable for immediate consumption",current,
20052080,Other,current,
01029099,Other,current,
01029091,Domestic species,current,
23023010,"Of which the starch content does not exceed 28 % by weight, and of which the proportion that passes through a sieve with an aperture of 0,2 mm does not exceed 10 % by weight or alternatively the proportion that passes through the sieve has an ash content, calculated on the dry product, equal to or more than 1,5 % by weight",current,
23023090,Other,current,
22042278,Other,current,
22042238,White,current,
16052190,Other,current,
16052110,In immediate packings of a net content not exceeding 2 kg,current,
03053990,Other,current,
03053950,"Lesser or Greenland halibut (Reinhardtius hippoglossoides), salted or in brine",current,
03053910,"Pacific salmon (Oncorhynchus nerka, Oncorhynchus gorbuscha, Oncorhynchus keta, Oncorhynchus tschawytscha, Oncorhynchus kisutch, Oncorhynchus masou and Oncorhynchus rhodurus), Atlantic salmon (Salmo salar), and Danube salmon (Hucho hucho), salted or in brine",current,
16041421,In vegetable oil,current,
22041096,Other varietal wines,current,
22041094,With a protected geographical indication (PGI),current,
22041098,Other,current,
10063069,Other,current,
10063061,Round grain,current,
10063063,Medium grain,current,
03044410,"Cod (Gadus morhua, Gadus ogac, Gadus macrocephalus) and Polar cod (Boreogadus saida)",current,
03044490,Other,current,
03044430,Coalfish (Pollachius virens),current,
15156059,"Solid, other; fluid",current,
15156051,"Solid, in immediate packings of a net content not exceeding 1 kg",current,
04071919,Other,current,
04071911,Of turkeys or geese,current,
03038150,Shortfin Mako shark (Isurus Oxyrinchus),current,
03038140,Blue shark (Prionace glauca),current,
03038115,Piked dogfish (Squalus acanthias) and catsharks (Scyliorhinus spp.),current,
03038130,Porbeagle shark (Lamna nasus),current,
03038180,Other,current,
20039090,Other,current,
20039010,Truffles,current,
03028140,Blue shark (Prionace glauca),current,
03028130,Porbeagle shark (Lamna nasus),current,
03028150,Shortfin Mako shark (Isurus Oxyrinchus),current,
03028115,Piked dogfish (Squalus acanthias) and catsharks (Scyliorhinus spp.),current,
03028170,Other,current,
02071310,Boneless,current,
08093030,Nectarines,current,
08093080,Other,current,
04061030,"Mozzarella, whether or not in a liquid",current,
04061050,Other,current,
06021010,Of vines,current,
06021090,Other,current,
15121199,Safflower oil,current,
15121191,Sunflower-seed oil,current,
02075491,"Livers, other than fatty livers",current,
02075499,Other,current,
01061490,Other,current,
01061410,Domestic rabbits,current,
20097199,Not containing added sugar,current,
20097120,Containing added sugar,current,
02068010,For the manufacture of pharmaceutical products,current,
27129099,Other,current,
27129091,Blend of 1-alkenes containing by weight 80 % or more of 1-alkenes of a chain-length of 24 carbon atoms or more but not exceeding 28 carbon atoms,current,
22042186,Sherry,current,
22042187,Marsala,current,
22042189,Port,current,
22042185,Madeira and Setubal muscatel,current,
22042188,Samos and Muscat de Lemnos,current,
22042190,Other,current,
01022190,Other,current,
01022110,Heifers (female bovines that have never calved),current,
01022130,Cows,current,
04069063,"Fiore Sardo, Pecorino",current,
04069061,"Grana Padano, Parmigiano Reggiano",current,
04069069,Other,current,
22089038,More than 2 litres,current,
22089033,2 litres or less,current,
20093931,Containing added sugar,current,
20093939,Not containing added sugar,current,
08103010,Blackcurrants,current,
08103030,Redcurrants,current,
08103090,Other,current,
02072490,"Plucked and drawn, without heads and feet and without necks, hearts, livers and gizzards, known as 73 % turkeys, or otherwise presented",current,
02072410,"Plucked and drawn, without heads and feet but with necks, hearts, livers and gizzards, known as 80 % turkeys",current,
11063010,Of bananas,current,
11063090,Other,current,
03074338,Other,current,
03074335,Loligo gahi,current,
03074333,Loligo pealei,current,
03074331,Loligo vulgaris,current,
03035530,Chilean jack mackerel (Trachurus murphyi),current,
03035510,Atlantic horse mackerel (Trachurus trachurus),current,
03035590,Other,current,
20093199,Not containing added sugar,current,
20093191,Containing added sugar,current,
28112990,Other,current,
28112930,Nitrogen oxides,current,
28112905,Sulphur dioxide,current,
28112910,Sulphur trioxide (sulphuric anhydride); diarsenic trioxide,current,
24011085,Flue-cured tobacco,current,
24011095,Other,current,
24011070,Dark air-cured tobacco,current,
24011035,Light air-cured tobacco,current,
24011060,Sun-cured Oriental type tobacco,current,
12129180,Other,current,
12129120,"Dried, whether or not ground",current,
04051050,Whey butter,current,
04051030,Recombined butter,current,
20082039,Other,current,
20082031,With a sugar content exceeding 19 % by weight,current,
28274910,Of lead,current,
28274990,Other,current,
01022921,For slaughter,current,
01022929,Other,current,
08112011,With a sugar content exceeding 13 % by weight,current,
08112019,Other,current,
25171020,"Limestone, dolomite and other calcareous stone, broken or crushed",current,
25171010,"Pebbles, gravel, shingle and flint",current,
25171080,Other,current,
20084031,With a sugar content exceeding 15 % by weight,current,
20084039,Other,current,
04011010,In immediate packings of a net content not exceeding two litres,current,
04011090,Other,current,
03047490,Hake of the genus Urophycis,current,
02084020,Seal meat,current,
02084010,Whale meat,current,
02084080,Other,current,
15161010,In immediate packings of a net content not exceeding 1 kg,current,
15161090,Other,current,
12079190,Other,current,
12079110,Seed,current,
28209090,Other,current,
28209010,Manganese oxide containing by weight 77 % or more of manganese,current,
28139090,Other,current,
28139010,"Phosphorus sulphides, commercial phosphorus trisulphide",current,
03048250,Of the species Oncorhynchus apache or Oncorhynchus chrysogaster,current,
03048210,"Of the species Oncorhynchus mykiss, weighing more than 400 g each",current,
03048290,Other,current,
20098919,Other,current,
20098911,Of a value not exceeding € 22 per 100 kg net weight,current,
28053029,"Praseodymium, neodymium and samarium",current,
28053031,"Gadolinium, terbium and dysprosium",current,
28053040,Scandium,current,
28053021,Cerium and lanthanum,current,
28053039,"Europium, holmium, erbium, thulium, ytterbium, lutetium and yttrium",current,
01022961,For slaughter,current,
01022969,Other,current,
20091919,Other,current,
20091911,Of a value not exceeding € 30 per 100 kg net weight,current,
04049023,"Exceeding 1,5 % but not exceeding 27 %",current,
04049029,Exceeding 27 %,current,
04049021,"Not exceeding 1,5 %",current,
03048921,Of the species Sebastes marinus,current,
03048929,Other,current,
19054010,Rusks,current,
19054090,Other,current,
10061010,For sowing,current,
01039290,Other,current,
12092510,Italian ryegrass (including westerwolds) (Lolium multiflorum Lam.),current,
12092590,Perennial ryegrass (Lolium perenne L.),current,
22089077,Other,current,
22089075,Tequila,current,
22089071,Distilled from fruit,current,
03061210,Whole,current,
03061290,Other,current,
20087071,With a sugar content exceeding 15 % by weight,current,
20087079,Other,current,
20089759,Other,current,
20089751,Of tropical fruit (including mixtures containing by weight 50 % or more of tropical nuts and tropical fruit),current,
02091019,Dried or smoked,current,
02091011,"Fresh, chilled, frozen, salted or in brine",current,
20088039,Other,current,
20088031,"Of an actual alcoholic strength by mass not exceeding 11,85 % mas",current,
10051015,Simple hybrids,current,
10051013,Three-cross hybrids,current,
10051018,Other,current,
20083031,"Of an actual alcoholic strength by mass not exceeding 11,85 % mas",current,
20083039,Other,current,
85011093,AC motors,current,
19053219,Other,current,
82076030,For working metal,current,
35011050,For industrial uses other than the manufacture of foodstuffs or fodder,current,
63079095,Other,current,
90178090,Other,current,
44111491,Laminate floor coverings,current,
90212110,Of plastics,current,
07020010,"Whole tomatoes, with greatest diameter of less than 47 mm",current,
44129110,Containing at least one layer of particle board,current,
94042190,Of plastics,current,
73021090,Used,current,
44039510,Sawlogs,current,
49070030,Banknotes,current,
72283089,Other,current,
29309095,Other,current,
84778093,"Mixers, kneaders and agitators",current,
22042108,Other varietal wines,current,
27101921,Jet fuel,current,
44083130,Other,current,
84659190,Other,current,
64035199,For women,current,
44182190,Other,current,
95030087,Portable interactive electronic education devices primarily designed for children,current,
44079410,"Planed; end-jointed, whether or not planed or sanded",current,
21033090,Prepared mustard,current,
87045131,New,current,
44209091,Of tropical wood specified in additional note 2 to this chapter,current,
32100010,Oil paints and varnishes (including enamels and lacquers),current,
56039390,Other,current,
76071111,In rolls of a weight not exceeding 10 kg,current,
84081019,Other,current,
76061191,Less than 3 mm,current,
84082057,Exceeding 100 kW but not exceeding 200 kW,current,
85021320,Of an output exceeding 375 kVA but not exceeding 750 kVA,current,
70189090,Other,current,
44071920,Planed,current,
39159011,Of polymers of propylene,current,
39079190,Other,current,
44072920,"Palissandre de Para, palissandre de Rio and palissandre de Rose, planed",current,
19053130,Containing 8 % or more by weight of milkfats,current,
33012911,Not deterpenated,current,
70189010,Glass eyes; articles of glass smallware,current,
01042090,Other,current,
52085910,"3-thread or 4-thread twill, including cross twill",current,
30059099,Other,current,
83099090,Other,current,
61109010,Of flax or ramie,current,
90185090,Optical,current,
85043121,For voltage measurement,current,
44209099,Other,current,
72149995,Other,current,
92079090,Other,current,
73142090,Other,current,
62046251,Industrial and occupational,current,
44219999,Other,current,
81110019,Waste and scrap,current,
18062095,Other,current,
22083069,More than 2 litres,current,
44079131,"Blocks, strips and friezes for parquet or wood block flooring, not assembled",current,
27079920,Sulphuretted toppings; anthracene,current,
02081090,Other,current,
20060035,Tropical fruit and tropical nuts,current,
01041010,Pure-bred breeding animals,current,
51072010,Unbleached,current,
02101119,Shoulders and cuts thereof,current,
73045982,"Of an external diameter not exceeding 168,3 mm",current,
02045039,Boneless cuts,current,
84289090,Other,current,
84818011,Mixing valves,current,
29309080,Phorate (ISO),current,
22089011,2 litres or less,current,
22082026,Grappa,current,
53082010,Not put up for retail sale,current,
50050090,Other,current,
84831029,Other,current,
51072051,Unbleached,current,
44212090,Other,current,
93063010,For revolvers and pistols of heading 9302 and for sub-machine-guns of heading 9301,current,
06029046,With bare roots,current,
85049017,Other,current,
90211090,Splints and other fracture appliances,current,
90142080,Other,current,
15149110,For technical or industrial uses other than the manufacture of foodstuffs for human consumption,current,
20060038,Other,current,
89039390,Other,current,
29314920,"Bis[(5-ethyl-2-methyl-2-oxido-1,3,2-dioxaphosphinan-5-yl)methyl] methylphosphonate",current,
85059090,Parts,current,
48236990,Other,current,
57032991,"Tiles, having a maximum surface area of 1 m2",current,
44071990,Other,current,
21011298,Other,current,
15089010,For technical or industrial uses other than the manufacture of foodstuffs for human consumption,current,
94051990,Of other materials,current,
02074595,Other,current,
68128090,Other,current,
72191210,"Containing by weight 2,5 % or more of nickel",current,
20096959,Other,current,
84622210,Numerically controlled,current,
92059010,Accordions and similar instruments,current,
84081027,Other,current,
20085098,Of less than 5 kg,current,
29054419,Other,current,
84248290,Other,current,
73066192,With a wall thickness not exceeding 2 mm,current,
20031030,Other,current,
56031110,Coated or covered,current,
59050010,"Consisting of parallel yarns, fixed on a backing of any material",current,
72071114,Of a thickness not exceeding 130 mm,current,
70051080,"Exceeding 4,5 mm",current,
72199080,Other,current,
73102111,Cans of a kind used for preserving food,current,
85437060,Electric fence energisers,current,
63029310,Nonwovens,current,
87089510,For the industrial assembly of: Pedestrian-controlled tractors of subheading 870110; Vehicles of heading 8703; Vehicles of heading 8704 with either a compression-ignition internal combustion piston engine (diesel or semi-diesel) of a cylinder capacity not exceeding 2500 cm3 or with a spark-ignition internal combustion piston engine of a cylinder capacity not exceeding 2800 cm3; Vehicles of heading 8705,current,
87082910,For the industrial assembly of: Pedestrian-controlled tractors of subheading 870110; Vehicles of heading 8703; Vehicles of heading 8704 with either a compression-ignition internal combustion piston engine (diesel or semi-diesel) of a cylinder capacity not exceeding 2500 cm3 or with a spark-ignition internal combustion piston engine of a cylinder capacity not exceeding 2800 cm3; Vehicles of heading 8705,current,
39219055,Other,current,
27111219,For other purposes,current,
62042210,Industrial and occupational,current,
20091119,Other,current,
84614011,Numerically controlled,current,
44187310,For mosaic floors,current,
39202029,Other,current,
84626110,Numerically controlled,current,
90049010,With lenses of plastics,current,
04032031,Not exceeding 3 %,current,
87019190,Other,current,
70132890,Gathered mechanically,current,
82151030,Of stainless steel,current,
73090090,For solids,current,
84615011,Circular saws,current,
55151230,Printed,current,
85437009,"Touch-Sensitive Data Input Devices (so-called touch screens) without display capabilities, for incorporation into apparatus having a display, which function by detecting the presence and location of a touch within the display area",current,
44072791,Planed,current,
20099039,Other,current,
84021990,Other,current,
03023290,Other,current,
65069910,"Of fur felt or of felt of wool and fur, made from the hat bodies, hoods or plateaux of heading 65010000",current,
80070010,"Plates, sheets and strip, of a thickness exceeding 0,2 mm",current,
72149110,"Containing by weight less than 0,25 % of carbon",current,
03048910,Freshwater fish,current,
84282020,For bulk materials,current,
69139098,Other,current,
59119099,Other,current,
87060099,Other,current,
84031010,Of cast iron,current,
85167970,Other,current,
90178010,Measuring rods and tapes and divided scales,current,
37069099,10 mm or more,current,
84199015,Of sterilisers of subheading 84192000,current,
73090059,Not exceeding 100000 l,current,
62114310,"Aprons, overalls, smock-overalls and other industrial and occupational clothing (whether or not also suitable for domestic use)",current,
73202085,Coil tension springs,current,
85285299,Other,current,
87036010,New,current,
56012190,Other,current,
85162991,With built-in fan,current,
59119091,Self-adhesive circular polishing pads of a kind used for the manufacture of semiconductor wafers,current,
87012290,Used,current,
72091899,"Of a thickness of less than 0,35 mm",current,
37023285,Of a width exceeding 35 mm,current,
73065080,Other,current,
50079090,Printed,current,
87089599,Other,current,
41015010,Fresh,current,
76082089,Other,current,
72222031,"2,5 % or more of nickel",current,
72222089,"Less than 2,5 % of nickel",current,
40021910,"Styrene-butadiene rubber produced by emulsion polymerisation (E-SBR), in bales",current,
04032049,Other,current,
42021990,Of other materials,current,
72149971,80 mm or more,current,
29215119,Other,current,
10063049,Other,current,
29334990,Other,current,
85015399,Exceeding 750 kW,current,
84818079,Other,current,
55129990,Other,current,
84812090,Valves for the control of pneumatic power transmission,current,
85369001,Prefabricated elements for electrical circuits,current,
39219041,High-pressure laminates with a decorative surface on one or both sides,current,
62041990,Of other textile materials,current,
94069090,Of other materials,current,
03048811,Piked dogfish (Squalus acanthias) and catsharks (Scyliorhinus spp.),current,
95061121,Monoskis and snowboards,current,
39046980,Other,current,
88026090,Suborbital and spacecraft launch vehicles,current,
85469010,Of plastics,current,
84879057,Of open-die forged or closed-die forged iron or steel,current,
62032990,Of other textile materials,current,
94034010,Fitted kitchen units,current,
87084091,Of closed-die forged steel,current,
64039113,Footwear which cannot be identified as men's or women's footwear,current,
81089090,Other,current,
57025090,Of other textile materials,current,
32074085,Other,current,
27101915,For undergoing chemical transformation by a process other than those specified in respect of subheading 27101911,current,
17022010,"Maple sugar in solid form, containing added flavouring or colouring matter",current,
44072291,Planed,current,
85393110,With double ended cap,current,
84748090,Other,current,
55151311,Unbleached or bleached,current,
81129295,Germanium,current,
12149010,"Mangolds, swedes and other fodder roots",current,
87031018,Other,current,
83099010,"Capsules of lead, for bottles; capsules of aluminium, of a diameter exceeding 21 mm, for bottles",current,
84768910,Money-changing machines,current,
85072080,Other,current,
87044131,New,current,
29339980,Other,current,
29335390,Other,current,
31021012,"In aqueous solution, containing at least 31,8 % but not exceeding 33,2 % by weight of urea",current,
64059090,With outer soles of other materials,current,
72139110,Of a type used for concrete reinforcement,current,
38123910,Anti-oxidising preparations,current,
95030030,"Electric trains, including tracks, signals and other accessories therefor; reduced-size (scale) model assembly kits",current,
73043180,Other,current,
51021940,"Of camel (including dromedary) or yak, or of angora, Tibetan or similar goats",current,
29309013,Cysteine and cystine,current,
07019090,Other,current,
02074510,Boneless,current,
41062290,Other,current,
04029110,"Of a fat content, by weight, not exceeding 8 %",current,
62034331,Industrial and occupational,current,
72241010,Of tool steel,current,
82075050,Of cermets,current,
94069010,Mobile homes,current,
57033999,Other,current,
64059010,"With outer soles of rubber, plastics, leather or composition leather",current,
63022290,Other,current,
16041441,In vegetable oil,current,
02075510,Boneless,current,
22084051,Rum with a content of volatile substances other than ethyl and methyl alcohol equal to or exceeding 225 grams per hectolitre of pure alcohol (with a 10 % tolerance),current,
82079030,Screwdriver bits,current,
84833032,For ball or roller bearings,current,
85291080,Aerial filters and separators,current,
27101250,"Exceeding 0,013 g per litre",current,
84732910,Electronic assemblies,current,
62101010,Of fabrics of heading 5602,current,
07099210,For uses other than the production of oil,current,
72092790,Other,current,
64039911,With sole and heel combined having a height of more than 3 cm,current,
12099130,Salad beet seed or beetroot seed (Beta vulgaris var. conditiva),current,
85272130,Capable of receiving and decoding digital radio data system signals,current,
81130040,Waste and scrap,current,
03038939,Other,current,
84331990,Without motor,current,
44111394,"Of a density not exceeding 0,8 g/cm³",current,
39204990,Of a thickness exceeding 1 mm,current,
64039933,Footwear which cannot be identified as men's or women's footwear,current,
44072390,Other,current,
74111010,Straight,current,
76082020,Welded,current,
35030010,Gelatin and derivatives thereof,current,
32100090,Other,current,
85366930,For printed circuits,current,
73043120,Precision tubes,current,
29314940,"(Nitrilotrimethanediyl)tris(phosphonic acid), {ethane-1,2-diylbis[nitrilobis(methylene)]}tetrakis(phosphonic acid), [(bis{2-[bis(phosphonomethyl)amino]ethyl}amino)methyl]phosphonic acid, {hexane-1,6-diylbis[nitrilobis(methylene)]}tetrakis(phosphonic acid), {[(2-hydroxyethyl)imino]bis(methylene)}bis(phosphonic acid), and [(bis{6-[bis(phosphonomethyl)amino]hexyl}amino)methyl]phosphonic acid; salts thereof",current,
20089738,Other,current,
10062013,Medium grain,current,
72230091,"Containing by weight 13 % or more but not more than 25 % of chromium and 3,5 % or more but not more than 6 % of aluminium",current,
48026115,Weighing less than 72 g/m2 and of which more than 50 % by weight of the total fibre content consists of fibres obtained by a mechanical process,current,
04069099,Other,current,
46019310,Of plaits or similar products of plaiting materials,current,
33011210,Not deterpenated,current,
41141010,Of sheep or lambs,current,
38089220,Other,current,
02031990,Other,current,
85423239,With a storage capacity exceeding 512 Mbits,current,
62033310,Industrial and occupational,current,
20092991,Of a value not exceeding € 30 per 100 kg net weight and with an added sugar content exceeding 30 % by weight,current,
63029990,Other,current,
35030080,Other,current,
87019210,"Agricultural tractors and forestry tractors, wheeled",current,
43021941,Of whitecoat pups of harp seal or of pups of hooded seal (blue-backs),current,
87029011,New,current,
72163190,Of a height exceeding 220 mm,current,
35021190,Other,current,
20092911,Of a value not exceeding € 30 per 100 kg net weight,current,
38170080,Other,current,
16041511,Fillets,current,
84136039,Other,current,
85437007,Portable interactive electronic education devices primarily designed for children,current,
87032390,Used,current,
02109959,Other,current,
28441090,Other (Euratom),current,
84401090,Other,current,
20085069,Other,current,
53101090,Of a width exceeding 150 cm,current,
52081219,Exceeding 165 cm,current,
84853010,"By plaster, cement, or ceramic deposit",current,
35029070,Other,current,
72139910,"Containing by weight less than 0,25 % of carbon",current,
23069090,Other,current,
12051010,For sowing,current,
03074290,Other,current,
15050010,"Wool grease, crude",current,
10062094,Medium grain,current,
48189090,Other,current,
73209010,Flat spiral springs,current,
23091051,Containing no milk products or containing less than 10 % by weight of such products,current,
90158020,"Meteorological, hydrological and geophysical instruments and apparatus",current,
41062210,"Of Indian goat or kid, vegetable pre-tanned, whether or not having undergone certain treatments, but obviously unsuitable for immediate use for the manufacture of leather articles",current,
12092315,Red fescue (Festuca rubra L.) seeds,current,
02031290,Other,current,
30061010,Sterile surgical catgut,current,
48041912,Less than 175 g,current,
58030010,Of cotton,current,
85285210,Of a kind solely or principally used in an automatic data-processing system of heading 8471,current,
02032290,Other,current,
84553010,Of cast iron,current,
61101210,Men's or boys',current,
44111495,"Of a density exceeding 0,5 g/cm3 but not exceeding 0,8 g/cm3",current,
90268020,Electronic,current,
29053926,"Butane-1,4-diol or tetramethylene glycol (1,4-butanediol) having a bio-based carbon content of 100 % by mass",current,
73045983,"Of an external diameter exceeding 168,3 mm but not exceeding 406,4 mm",current,
84834021,Spur and helical,current,
15180010,Linoxyn,current,
35019090,Other,current,
48182010,Handkerchiefs and cleansing or facial tissues,current,
20093111,Containing added sugar,current,
84249020,Parts of mechanical appliances of subheading 84248940,current,
72024910,"Containing by weight not more than 0,05 % of carbon",current,
12099180,Other,current,
72249003,Of high-speed steel,current,
29053995,Other,current,
72249038,Other,current,
72171090,"Containing by weight 0,6 % or more of carbon",current,
90189060,Anaesthetic apparatus and instruments,current,
07069030,Horseradish (Cochlearia armoracia),current,
84411070,Other,current,
73151110,Of a kind used for cycles and motorcycles,current,
87032410,New,current,
39207310,"Film in rolls or in strips, for cinematography or photography",current,
02109931,Of reindeer,current,
72199020,Perforated,current,
90011090,Other,current,
39181010,"Consisting of a support impregnated, coated or covered with poly(vinyl chloride)",current,
19021990,Other,current,
72021120,With a granulometry not exceeding 5 mm and a manganese content by weight exceeding 65 %,current,
88062910,Of an unladen weight not exceeding 2 000 kg,current,
85392192,Exceeding 100 V,current,
90219010,Parts and accessories of hearing aids,current,
02044230,Chines and/or best ends,current,
93032010,"Single-barrelled, smooth bore",current,
02031110,Of domestic swine,current,
74112110,Straight,current,
76061130,Aluminium Composite Panel,current,
85491290,Other,current,
44072710,"Sanded; end-jointed, whether or not planed or sanded",current,
76071190,"Of a thickness of not less than 0,021 mm but not more than 0,2 mm",current,
60059010,Of wool or fine animal hair,current,
44032390,Other,current,
54076190,Printed,current,
83030090,Cash or deed boxes and the like,current,
87019410,"Agricultural tractors and forestry tractors, wheeled",current,
27101221,White spirit,current,
58019010,Of flax,current,
11041961,Rolled,current,
22042982,Other,current,
87045139,Used,current,
39209959,Other,current,
07069010,Celeriac (rooted celery or German celery),current,
44092910,"Mouldings for frames for paintings, photographs, mirrors or similar objects",current,
03047950,Blue grenadier (Macruronus novaezelandiae),current,
29141990,Other,current,
72011030,"Containing by weight not less than 0,1 % but less than 0,4 % of manganese",current,
03019210,Of a length of less than 12 cm,current,
64052091,Slippers and other indoor footwear,current,
72149979,Less than 80 mm,current,
11042959,Other,current,
35019010,Casein glues,current,
84089081,Exceeding 500 kW but not exceeding 1000 kW,current,
72024110,Containing by weight more than 4 % but not more than 6 % of carbon,current,
27121010,Crude,current,
48042990,Other,current,
76072099,Other,current,
84811005,Combined with filters or lubricators,current,
85021380,Of an output exceeding 2000 kVA,current,
87019290,Other,current,
03045950,Flaps of herring,current,
70049080,Other,current,
70181051,Cut and mechanically polished,current,
33012590,Deterpenated,current,
21011292,"Preparations with a basis of these extracts, essences or concentrates of coffee",current,
34031920,Lubricants having a bio-based carbon content of at least 25 % by mass and which are biodegradable at a level of at least 60 %,current,
87022010,Of a cylinder capacity exceeding 2500 cm3,current,
29051490,Other,current,
72269930,Otherwise plated or coated with zinc,current,
70042099,Other,current,
52081299,Exceeding 165 cm,current,
84596990,Other,current,
33021010,"Of an actual alcoholic strength by volume exceeding 0,5 %",current,
46019905,"Plaits and similar products of plaiting materials, whether or not assembled into strips",current,
70133399,Other,current,
87012490,Used,current,
39012090,Other,current,
38245090,Other,current,
87141030,Road wheels and parts and accessories thereof,current,
40169991,Rubber-to-metal bonded parts,current,
03061990,Other,current,
32089019,Other,current,
85423919,Other,current,
06022020,With bare roots,current,
56031210,Coated or covered,current,
46012190,Other,current,
85353010,"For a voltage of less than 72,5 kV",current,
39079910,"Poly(ethylene naphthalene-2,6-dicarboxylate)",current,
59119010,Of felt,current,
87043110,Specially designed for the transport of highly radioactive materials (Euratom),current,
37050090,Other,current,
70181011,Cut and mechanically polished,current,
84834051,Gear boxes,current,
62042310,Industrial and occupational,current,
89039910,Of a weight not exceeding 100 kg each,current,
87044110,Specially designed for the transport of highly radioactive materials (Euratom),current,
62043310,Industrial and occupational,current,
24049190,Other,current,
03028530,Gilt-head sea bream (Sparus aurata),current,
11031390,Other,current,
48043158,Other,current,
84659120,Circular saws,current,
03047980,Ling (Molva spp.),current,
04081981,Liquid,current,
20098935,Other,current,
84281020,Electrically operated,current,
38259090,Other,current,
84331959,Other,current,
87087010,For the industrial assembly of: Pedestrian-controlled tractors of subheading 870110; Vehicles of heading 8703; Vehicles of heading 8704 with either a compression-ignition internal combustion piston engine (diesel or semi-diesel) of a cylinder capacity not exceeding 2500 cm3 or with a spark-ignition internal combustion piston engine of a cylinder capacity not exceeding 2800 cm3; Vehicles of heading 8705,current,
84626910,Numerically controlled,current,
90303320,Resistance measuring instruments,current,
70109091,Of colourless glass,current,
63039210,Nonwovens,current,
04029931,"In immediate packings of a net content not exceeding 2,5 kg",current,
72121090,Other,current,
03019410,Atlantic bluefin tuna (Thunnus thynnus),current,
73209030,Discs springs,current,
85051910,Permanent magnets of agglomerated ferrite,current,
41012080,Other,current,
95030081,Toy weapons,current,
55151319,Other,current,
85234990,Other,current,
54076990,Other,current,
44032110,Sawlogs,current,
62046339,Other,current,
70109031,"2,5 l or more",current,
44072650,Sanded,current,
76061211,Beverage can body stock,current,
84231090,Other,current,
84323919,Other,current,
16024913,"Collars and cuts thereof, including mixtures of collars and shoulders",current,
84069010,"Stator blades, rotors and their blades",current,
39095090,Other,current,
41079290,Equine leather,current,
84735020,Electronic assemblies,current,
64069060,Outer soles of leather or composition leather,current,
85437004,Digital flight-data recorders,current,
84439910,Electronic assemblies,current,
91131010,Of precious metal,current,
74198010,"Cloth (including endless bands), grill and netting, of wire of which no cross-sectional dimension exceeds 6 mm; expanded metal",current,
08135039,Other,current,
94054239,Other,current,
81089030,"Bars, rods, profiles and wire",current,
44123110,"Of acajou d'Afrique, dark red meranti, light red meranti, limba, mahogany (Swietenia spp.), obeche, okoumé, palissandre de Para, palissandre de Rio, palissandre de Rose, sapelli, sipo, virola or white lauan",current,
61101110,"Jerseys and pullovers, containing at least 50 % by weight of wool and weighing 600 g or more per article",current,
48025590,Weighing 80 g/m2 or more,current,
84834059,Other,current,
39199080,Other,current,
27121090,Other,current,
72071919,Forged,current,
81129291,Vanadium,current,
59113290,Of other textile materials,current,
72163211,With parallel flange faces,current,
85423911,Multi-component integrated circuits (MCOs),current,
72163110,Of a height of 80 mm or more but not exceeding 220 mm,current,
29093037,Decabromodiphenyl ether,current,
52082190,Other,current,
73181640,Blind rivet nuts,current,
03049921,Freshwater fish,current,
72139120,Of a type used for tyre cord,current,
29304090,Other,current,
84081049,Other,current,
84118260,Of a power exceeding 20000 kW but not exceeding 50000 kW,current,
65061010,Of plastics,current,
28013010,Fluorine,current,
87083010,For the industrial assembly of: Pedestrian-controlled tractors of subheading 870110; Vehicles of heading 8703; Vehicles of heading 8704 with either a compression-ignition internal combustion piston engine (diesel or semi-diesel) of a cylinder capacity not exceeding 2500 cm3 or with a spark-ignition internal combustion piston engine of a cylinder capacity not exceeding 2800 cm3; Vehicles of heading 8705,current,
62079990,Of other textile materials,current,
84148011,Single-stage,current,
03019230,Of a length of 12 cm or more but less than 20 cm,current,
21012020,"Extracts, essences or concentrates",current,
84082010,For the industrial assembly of: pedestrian-controlled tractors of subheading 870110; motor vehicles of heading 8703; motor vehicles of heading 8704 with an engine of a cylinder capacity of less than 2500 cm3; motor vehicles of heading 8705,current,
94032080,Other,current,
94019920,Of seats of a kind used for motor vehicles,current,
84178030,Ovens and furnaces for firing ceramic products,current,
20089736,Of tropical fruit (including mixtures containing by weight 50 % or more of tropical nuts and tropical fruit),current,
08135091,Not containing prunes or figs,current,
58109910,"Of a value exceeding € 17,50/kg (net weight)",current,
61031090,Of other textile materials,current,
64021290,Snowboard boots,current,
84839081,Of cast iron or cast steel,current,
72085210,"Rolled on four faces or in a closed box pass, of a width not exceeding 1250 mm",current,
39259010,"Fittings and mountings intended for permanent installation in or on doors, windows, staircases, walls or other parts of buildings",current,
55121990,Other,current,
34029090,Washing preparations and cleaning preparations,current,
93069090,Other,current,
84271010,With a lifting height of 1 m or more,current,
09102090,Crushed or ground,current,
84082055,Exceeding 50 kW but not exceeding 100 kW,current,
93069010,For military purposes,current,
44101150,Surface-covered with decorative laminates of plastics,current,
22042191,Other,current,
53101010,Of a width not exceeding 150 cm,current,
87089220,For the industrial assembly of: Pedestrian-controlled tractors of subheading 870110; Vehicles of heading 8703; Vehicles of heading 8704 with either a compression-ignition internal combustion piston engine (diesel or semi-diesel) of a cylinder capacity not exceeding 2500 cm3 or with a spark-ignition internal combustion piston engine of a cylinder capacity not exceeding 2800 cm3; Vehicles of heading 8705,current,
29280010,"N,N-Bis(2-methoxyethyl)hydroxylamine",current,
85065010,Cylindrical cells,current,
29342020,Di(benzothiazol-2-yl)disulphide; benzothiazole-2-thiol (mercaptobenzothiazole) and its salts,current,
87149950,Derailleur gears,current,
03069210,Whole,current,
90258040,Electronic,current,
63022910,Of flax or ramie,current,
85365007,Electromechanical snap-action switches for a current not exceeding 11 A,current,
94036090,Other wooden furniture,current,
84141015,Of a kind used for the manufacture of semiconductors or solely or principally used for the manufacture of flat panel displays,current,
11042917,"Hulled (shelled or husked), whether or not sliced or kibbled",current,
38180090,Other,current,
70071190,Other,current,
84661020,"Arbors, collets and sleeves",current,
72164010,L sections,current,
32159020,"Ink cartridges (without an integrated print head) for insertion into apparatus of subheadings 844331, 844332 or 844339, and incorporating mechanical or electrical components; solid ink in engineered shapes for insertion into apparatus of subheadings 844331, 844332 or 844339",current,
29213099,Other,current,
44072299,Other,current,
55151210,Unbleached or bleached,current,
70071110,Of size and shape suitable for incorporation in motor vehicles,current,
39233090,Of a capacity exceeding two litres,current,
85068080,Other,current,
87059030,Concrete-pumping vehicles,current,
84614071,Numerically controlled,current,
64069090,Other,current,
38089990,Other,current,
85272170,With laser reading system,current,
87085055,Of closed-die forged steel,current,
94069038,Other,current,
59113190,Of other textile materials,current,
46019990,Other,current,
44129191,With at least one outer ply of non-coniferous wood,current,
90262080,Other,current,
03044990,Other,current,
70042091,Having a non-reflecting layer,current,
82059010,Anvils; portable forges; hand- or pedal-operated grinding wheels with frameworks,current,
62042990,Of other textile materials,current,
90189030,"Renal dialysis equipment (artificial kidneys, kidney machines and dialysers)",current,
39069020,"Copolymer of 2-diisopropylaminoethyl methacrylate with decyl methacrylate, in the form of a solution in N,N-dimethylacetamide, containing by weight 55 % or more of copolymer",current,
84834025,Worm gear,current,
63012010,Knitted or crocheted,current,
30059010,Wadding and articles of wadding,current,
62033990,Of other textile materials,current,
44072320,Planed,current,
22030001,In bottles,current,
85287210,Television projection equipment,current,
07031011,Sets,current,
72299050,"Containing by weight 0,9 % or more but not more than 1,15 % of carbon, 0,5 % or more but not more than 2 % of chromium and, if present, not more than 0,5 % of molybdenum",current,
84431390,Other,current,
82077090,Other,current,
76169910,Cast,current,
90241080,Other,current,
64021210,Ski-boots and cross-country ski footwear,current,
85051990,Other,current,
15149990,Other,current,
84072191,Of a power not exceeding 30 kW,current,
15021010,For industrial uses other than the manufacture of foodstuffs for human consumption,current,
84439990,Other,current,
29144090,Other,current,
84717020,Central storage units,current,
85365015,Rotary switches,current,
72279095,Other,current,
22042107,With a protected geographical indication (PGI),current,
85441190,Other,current,
44071220,Planed,current,
87034090,Used,current,
38089420,Based on halogenated compounds,current,
85161011,Instantaneous water heaters,current,
87120030,Bicycles with ball bearings,current,
09109939,Crushed or ground,current,
72283070,"Of rectangular (other than square) cross-section, hot-rolled on four faces",current,
55152299,Other,current,
49070010,"Postage, revenue and similar stamps",current,
73090051,Exceeding 100000 l,current,
73044983,"Of an external diameter not exceeding 168,3 mm",current,
95030095,Of plastics,current,
70010010,Cullet and other waste and scrap of glass,current,
07041010,Cauliflowers and headed broccoli,current,
85393920,Cold-cathode fluorescent lamps (CCFLs) for backlighting of flat panel displays,current,
85393290,Metal halide lamps,current,
61022090,"Anoraks (including ski jackets), windcheaters, wind-jackets and similar articles",current,
72107010,"Tinplate, varnished; products, plated or coated with chromium oxides or with chromium and chromium oxides, varnished",current,
20088019,Other,current,
76061299,Not less than 6 mm,current,
29038920,Hexabromocyclododecanes (HBCDs),current,
04015039,Other,current,
07108069,Other,current,
39059910,"Poly(vinyl formal), in one of the forms mentioned in note 6(b) to this chapter, of a molecular weight of 10000 or more but not exceeding 40000 and containing by weight: – 9,5 % or more but not more than 13 % of acetyl groups evaluated as vinyl acetate, – 5 % or more but not more than 6,5 % of hydroxy groups evaluated as vinyl alcohol",current,
85073080,Other,current,
44119410,Not mechanically worked or surface covered (raw board),current,
21013091,Of roasted chicory,current,
52121490,Otherwise mixed,current,
04063090,"Of a fat content, by weight, exceeding 36 %",current,
61099020,Of wool or fine animal hair or man-made fibres,current,
52122490,Otherwise mixed,current,
70196910,Stitched fabrics and needled fabrics,current,
44079799,Other,current,
02074593,Fatty livers,current,
88062190,Other,current,
23024010,"Of which the starch content does not exceed 28 % by weight, and of which the proportion that passes through a sieve with an aperture of 0,2 mm does not exceed 10 % by weight or alternatively the proportion that passes through the sieve has an ash content, calculated on the dry product, equal to or more than 1,5 % by weight",current,
84581120,Turning centres,current,
56081919,Other,current,
16041426,Fillets known as loins,current,
31059080,Other,current,
24041910,Containing tobacco substitutes,current,
88079090,Other,current,
30024110,Vaccines against SARS-related coronaviruses (SARS-CoV species),current,
19041090,Other,current,
51061010,Unbleached,current,
84642011,Optical glass,current,
90191090,Other,current,
48043151,Kraft electro-technical insulating paper,current,
25010091,Salt suitable for human consumption,current,
22060010,Piquette,current,
08112039,Blackcurrants,current,
62101098,Other,current,
85371091,Programmable memory controllers,current,
15132190,Other,current,
94052140,Of plastics or of ceramic materials,current,
45041011,"For sparkling wine, including those with discs of natural cork",current,
56031310,Coated or covered,current,
72189919,Forged,current,
39011010,Linear polyethylene,current,
15030019,Other,current,
84793090,Other,current,
02109951,Thick skirt and thin skirt,current,
84717050,Hard disk drives,current,
62046950,Other,current,
38089410,Based on quaternary ammonium salts,current,
78019910,"For refining, containing 0,02 % or more by weight of silver (bullion lead)",current,
94052950,Of glass,current,
69139010,Of common pottery,current,
84818081,Ball and plug valves,current,
44111292,"Of a density exceeding 0,8 g/cm³ (HDF)",current,
96032930,Hair brushes,current,
84148028,Exceeding 60 m3,current,
84141081,"Diffusion pumps, cryopumps and absorption pumps",current,
62031990,Of other textile materials,current,
85016120,"Of an output not exceeding 7,5 kVA",current,
20081999,Other,current,
85153913,Transformers,current,
40129030,Tyre treads,current,
41071990,Other,current,
73202089,Other,current,
72112380,"Of a thickness of less than 0,35 mm",current,
16029031,Of game or rabbit,current,
29309016,Derivatives of cysteine or cystine,current,
84081023,"For seagoing vessels of headings 8901 to 8906, tugs of subheading 89040010 and warships of subheading 89061000",current,
85151910,Wave soldering machines of a kind used solely or principally for the manufacture of printed circuit assemblies,current,
82079099,Other,current,
20087098,Of less than 5 kg,current,
38249910,"Petroleum sulphonates, excluding petroleum sulphonates of alkali metals, of ammonium or of ethanolamines; thiophenated sulphonic acids of oils obtained from bituminous minerals, and their salts",current,
20082071,With a sugar content exceeding 19 % by weight,current,
87089120,For the industrial assembly of: Pedestrian-controlled tractors of subheading 870110; Vehicles of heading 8703; Vehicles of heading 8704 with either a compression-ignition internal combustion piston engine (diesel or semi-diesel) of a cylinder capacity not exceeding 2500 cm3 or with a spark-ignition internal combustion piston engine of a cylinder capacity not exceeding 2800 cm3; Vehicles of heading 8705,current,
82073090,Other,current,
85371010,Numerical control panels with built-in automatic data-processing machine,current,
39079980,Other,current,
78060080,Other,current,
84137059,Other,current,
36069010,Ferro-cerium and other pyrophoric alloys in all forms,current,
82074090,Other,current,
90153090,Other,current,
61124110,Containing by weight 5 % or more of rubber thread,current,
85369040,"Battery clamps of a kind used for motor vehicles of heading 8702, 8703, 8704, or 8711",current,
29055998,Other,current,
72099080,Other,current,
44034985,Other,current,
76169990,Other,current,
90065380,Other,current,
72091810,Electrical,current,
28042910,Helium,current,
20089703,In immediate packings of a net content exceeding 1 kg,current,
87150090,Parts,current,
70072120,Of size and shape suitable for incorporation in motor vehicles,current,
68042250,Of other materials,current,
15041099,Other,current,
22042993,White,current,
76151080,Other,current,
50040090,Other,current,
50050010,"Unbleached, scoured or bleached",current,
27101946,"With a sulphur content exceeding 0,001 % by weight but not exceeding 0,002 % by weight",current,
03049965,Monkfish (Lophius spp.),current,
39079110,Liquid,current,
85491390,Other,current,
64061090,Of other materials,current,
27129031,For undergoing a specific process,current,
51091010,"In balls, hanks or skeins, of a weight exceeding 125 g but not exceeding 500 g",current,
72072011,Of free-cutting steel,current,
90192010,"Mechanical ventilation apparatus, capable of providing invasive ventilation",current,
82075060,Of high speed steel,current,
29037790,Other,current,
61153090,Of other textile materials,current,
64029998,For women,current,
04041054,Exceeding 27 %,current,
72091690,Other,current,
87043199,Used,current,
22089069,Other spirituous beverages,current,
47079010,Unsorted,current,
68042230,Of ceramics or silicates,current,
90014080,Other,current,
42021219,Other,current,
48139090,Other,current,
42029110,"Travelling-bags, toilet bags, rucksacks and sports bags",current,
84521011,"Sewing machines having a value (not including frames, tables or furniture) of more than € 65 each",current,
33011310,Not deterpenated,current,
84238121,Check weighers and automatic control machines operating by reference to a pre-determined weight,current,
22042280,Other,current,
39209952,"Poly(vinyl fluoride) sheet; biaxially oriented poly(vinyl alcohol) film, containing by weight 97 % or more of poly(vinyl alcohol), uncoated, of a thickness not exceeding 1 mm",current,
84671110,Metalworking,current,
48201090,Other,current,
90330010,"Light-emitting diode (LED) backlight modules, which are lighting sources that consist of one or more LEDs, and one or more connectors and are mounted on a printed circuit or other similar substrate, and other passive components, whether or not combined with optical components or protective diodes, and used as backlight illumination for liquid crystal displays (LCDs)",current,
28402010,"Borates of sodium, anhydrous",current,
72221119,"Less than 2,5 % of nickel",current,
20029080,With a dry matter content of more than 34 % by weight,current,
61052090,Of artificial fibres,current,
08021110,Bitter,current,
04032033,Exceeding 3 % but not exceeding 6 %,current,
40169952,Rubber-to-metal bonded parts,current,
50072039,Other,current,
51061090,Other,current,
62044910,Of silk or silk waste,current,
72072019,Forged,current,
43031010,Of furskins of whitecoat pups of harp seal or of pups of hooded seal (blue-backs),current,
02101139,Shoulders and cuts thereof,current,
44089095,Of a thickness exceeding 1 mm,current,
41079910,Bovine (including buffalo) leather,current,
90283011,For single-phase,current,
37029610,Microfilm; film for the graphic arts,current,
84798970,Automated electronic component placement machines of a kind used solely or principally for the manufacture of printed circuit assemblies,current,
11042951,Of wheat,current,
89051090,Other,current,
02044310,Of lamb,current,
15163091,In immediate packings of a net content not exceeding 1 kg,current,
73066110,Of stainless steel,current,
39231090,Other,current,
72222011,"2,5 % or more of nickel",current,
84238980,Other,current,
44119490,Other,current,
85371098,Other,current,
84834029,Other,current,
73045181,Precision tubes,current,
22042298,Other,current,
84433210,Printers,current,
02074410,Boneless,current,
84081071,"For seagoing vessels of headings 8901 to 8906, tugs of subheading 89040010 and warships of subheading 89061000",current,
87044139,Used,current,
07142090,Other,current,
16024911,"Loins (excluding collars) and cuts thereof, including mixtures of loins or hams",current,
29412030,"Dihydrostreptomycin, its salts, esters and hydrates",current,
56081180,Other,current,
84818073,Of steel,current,
84269110,Hydraulic cranes designed for the loading and unloading of the vehicle,current,
73181582,Of less than 800 MPa,current,
85151990,Other,current,
11041969,Flaked,current,
56031420,"Carrier sheet, of polyester, specified in additional note 1 to this chapter",current,
64039191,Of less than 24 cm,current,
64035195,For men,current,
84238920,Using electronic means for gauging weight,current,
29339110,Chlordiazepoxide (INN),current,
85423310,Multi-component integrated circuits (MCOs),current,
62032918,Other,current,
85286920,Monochrome,current,
87029031,New,current,
87141010,Brakes and parts thereof,current,
43021935,Of rabbit or hare,current,
63013010,Knitted or crocheted,current,
30059050,Other,current,
22042283,White,current,
85446010,With copper conductors,current,
34012010,"Flakes, wafers, granules or powders",current,
56049010,"High-tenacity yarn of polyesters, of nylon or other polyamides or of viscose rayon, impregnated or coated",current,
01042010,Pure-bred breeding animals,current,
38249964,Other,current,
44079591,Sanded,current,
02050080,Frozen,current,
28439010,Amalgams,current,
03048822,Shortfin Mako shark (Isurus Oxyrinchus),current,
73269092,Open-die forged,current,
85238010,Unrecorded,current,
02076099,Other,current,
94042110,Of rubber,current,
81130020,Unwrought,current,
32082010,Solutions as defined in note 4 to this chapter,current,
84818071,Of cast iron,current,
48114120,"Of a width not exceeding 10 cm, the coating of which consists of unvulcanised natural or synthetic rubber",current,
84135020,Hydraulic units,current,
84672959,Other,current,
62034233,Of cut corduroy,current,
82055910,"Tools for masons, moulders, cement workers, plasterers and painters",current,
95030069,Other,current,
72249007,Other,current,
73202081,Coil compression springs,current,
21033010,Mustard flour and meal,current,
73259990,Other,current,
85158090,Other,current,
21069020,"Compound alcoholic preparations, other than those based on odoriferous substances, of a kind used for the manufacture of beverages",current,
55131120,Of a width of 165 cm or less,current,
84833080,Plain shaft bearings,current,
84145915,"Fans of a kind used solely or principally for cooling microprocessors, telecommunication apparatus, automatic data processing machines or units of automatic data processing machines",current,
15156011,For technical or industrial uses other than the manufacture of foodstuffs for human consumption,current,
87042210,Specially designed for the transport of highly radioactive materials (Euratom),current,
64035905,"Made on a base or platform of wood, not having an inner sole",current,
10063042,Round grain,current,
01012990,Other,current,
04029151,"In immediate packings of a net content not exceeding 2,5 kg",current,
63051010,Used,current,
84145925,Axial fans,current,
61112010,"Gloves, mittens and mitts",current,
20093955,With an added sugar content not exceeding 30 % by weight,current,
39191080,Other,current,
15156099,"Solid, other; fluid",current,
70010099,Other,current,
38246019,Other,current,
75030010,"Of nickel, not alloyed",current,
22083049,More than 2 litres,current,
84651090,With automatic transfer of workpiece between each operation,current,
41041959,Other,current,
85021120,"Of an output not exceeding 7,5 kVA",current,
08112090,Other,current,
52122210,Mixed mainly or solely with flax,current,
38070010,Wood tar,current,
84072110,Of a cylinder capacity not exceeding 325 cm3,current,
19053205,With a water content exceeding 10 % by weight,current,
53061050,"Measuring less than 277,8 decitex (exceeding 36 metric number)",current,
03072910,"Scallops, including queen scallops, of the genera Pecten, Chlamys or Placopecten",current,
84335390,Other,current,
72222039,"Less than 2,5 % of nickel",current,
58019090,Other,current,
50072021,"Plain-woven, unbleached or not further processed than scoured",current,
55159920,Unbleached or bleached,current,
29036980,Iodides,current,
90158080,Other,current,
95030029,Parts and accessories,current,
72230011,Containing by weight 28 % or more but not more than 31 % of nickel and 20 % or more but not more than 22 % of chromium,current,
65061080,Of other materials,current,
85065090,Other,current,
56012210,Rolls of a diameter not exceeding 8 mm,current,
48109290,Other,current,
72163291,With parallel flange faces,current,
62032930,Of wool or fine animal hair,current,
65050030,Peaked caps,current,
05051010,Raw,current,
76072010,"Of a thickness (excluding any backing) of less than 0,021 mm",current,
38160090,Other,current,
84614039,Other,current,
87163980,Used,current,
87022090,Of a cylinder capacity not exceeding 2500 cm3,current,
59050070,Of man-made fibres,current,
51081090,Other,current,
51071010,Unbleached,current,
84322950,Rotovators,current,
50072051,"Unbleached, scoured or bleached",current,
84596190,Other,current,
76020019,Other (including factory rejects),current,
81089050,"Plates, sheets, strip and foil",current,
84613010,Numerically controlled,current,
39201028,"0,94 or more",current,
39219060,Of addition polymerisation products,current,
87089491,Of closed-die forged steel,current,
84137065,With more than one entry impeller,current,
55152190,Other,current,
85399090,Other,current,
72202049,"Less than 2,5 % of nickel",current,
27101983,Hydraulic oils,current,
20085011,"Of an actual alcoholic strength by mass not exceeding 11,85 % mas",current,
73110030,Other,current,
29211999,Other,current,
89012010,Seagoing,current,
61101990,Women's or girls',current,
72089080,Other,current,
84563019,Other,current,
84811019,Of cast iron or of steel,current,
41141090,Of other animals,current,
33012942,Of rose,current,
78019990,Other,current,
85235190,Other,current,
58063290,Other,current,
87087050,"Wheels of aluminium; parts and accessories of wheels, of aluminium",current,
85286980,Other,current,
84573010,Numerically controlled,current,
87084020,For the industrial assembly of: Pedestrian-controlled tractors of subheading 870110; Vehicles of heading 8703; Vehicles of heading 8704 with either a compression-ignition internal combustion piston engine (diesel or semi-diesel) of a cylinder capacity not exceeding 2500 cm3 or with a spark-ignition internal combustion piston engine of a cylinder capacity not exceeding 2800 cm3; Vehicles of heading 8705,current,
10063096,Of a length/width ratio greater than 2 but less than 3,current,
84672920,Capable of operation without an external source of power,current,
62113342,Lower parts,current,
10061050,Medium grain,current,
58030030,Of silk or silk waste,current,
95030010,"Tricycles, scooters, pedal cars and similar wheeled toys; dolls' carriages",current,
84201089,Other,current,
42021291,"Executive-cases, briefcases, school satchels and similar containers",current,
29071510,1-Naphthol,current,
96190040,"Sanitary towels (pads), tampons and similar articles",current,
04015031,In immediate packings of a net content not exceeding two litres,current,
39201089,Other,current,
18062070,Chocolate milk crumb,current,
87089299,Other,current,
87150010,Baby carriages,current,
84137045,Channel impeller pumps and side channel pumps,current,
70133759,Other,current,
20029041,In immediate packings of a net content exceeding 1 kg,current,
21022090,Other,current,
54011012,Polyester filament surrounded by cotton fibres,current,
15219010,"Spermaceti, whether or not refined or coloured",current,
72283061,80 mm or more,current,
81124110,Waste and scrap,current,
90241040,For hardness tests,current,
38111110,Based on tetraethyl-lead,current,
73063077,Other,current,
17041090,Containing 60 % or more by weight of sucrose (including invert sugar expressed as sucrose),current,
85444991,"Wire and cables, with individual conductor wires of a diameter exceeding 0,51 mm",current,
35029020,"Unfit, or to be rendered unfit, for human consumption",current,
84818040,Valves for pneumatic tyres and inner tubes,current,
94051150,Of glass,current,
58101010,Of a value exceeding € 35/kg (net weight),current,
52081296,Not exceeding 165 cm,current,
48030090,Other,current,
01022991,For slaughter,current,
38249961,"Intermediate products of the antibiotics manufacturing process obtained from the fermentation of Streptomyces tenebrarius, whether or not dried, for use in the manufacture of human medicaments of heading 3004",current,
03023591,For the industrial manufacture of products of heading 1604,current,
84778095,"Cutting, splitting and peeling machines",current,
73269098,Other,current,
20098195,Juice of fruit of the species Vaccinium macrocarpon,current,
16024290,Other,current,
44124199,Other,current,
44072799,Other,current,
62034339,Other,current,
04059090,Other,current,
62043290,Other,current,
84814010,Of cast iron or of steel,current,
29141910,5-Methylhexan-2-one,current,
72286080,Other,current,
17011390,Other,current,
29242970,Other,current,
58109190,Other,current,
38249970,"Fireproofing, waterproofing and similar protective preparations used in the building industry",current,
84401040,Unsewn (perfect) binding machines,current,
44071210,"End-jointed, whether or not planed or sanded",current,
84818087,Diaphragm valves,current,
20089928,Other,current,
15011090,Other,current,
22042106,With a protected designation of origin (PDO),current,
57033919,Other,current,
84748010,"Machinery for agglomerating, shaping or moulding ceramic paste",current,
89033210,Seagoing,current,
62034950,Other,current,
51113080,Of a weight exceeding 300 g/m2,current,
20098961,With an added sugar content exceeding 30 % by weight,current,
15011010,For industrial uses other than the manufacture of foodstuffs for human consumption,current,
32159070,Other,current,
96034090,Paint pads and rollers,current,
54012090,Put up for retail sale,current,
72072015,"0,25 % or more but less than 0,6 % of carbon",current,
84331910,Electric,current,
45049020,Corks and stoppers,current,
44141090,Other,current,
44151010,"Cases, boxes, crates, drums and similar packings",current,
85312020,Incorporating light-emitting diodes (LED),current,
39069040,"Copolymer of acrylonitrile with methyl acrylate, modified with polybutadiene-acrylonitrile (NBR)",current,
64029950,Slippers and other indoor footwear,current,
84778011,Machines for processing reactive resins,current,
10062099,Other,current,
47010010,Thermo-mechanical wood pulp,current,
44123310,With at least one outer ply of birch (Betula spp.),current,
87089591,Of closed-die forged steel,current,
90041099,Other,current,
63053390,Other,current,
20089732,Of tropical fruit (including mixtures containing by weight 50 % or more of tropical nuts and tropical fruit),current,
48064010,Glassine papers,current,
90172010,Other drawing instruments,current,
85023980,Other,current,
84518010,Machines used in the manufacture of linoleum or other floor coverings for applying the paste to the base fabric or other support,current,
62034110,Trousers and breeches,current,
73072210,Sleeves,current,
39201040,Other,current,
39046910,"Poly(vinyl fluoride), in one of the forms mentioned in note 6(b) to this chapter",current,
84331970,Other,current,
84803010,Of wood,current,
20098979,Other,current,
70134110,Gathered by hand,current,
43021915,"Of beaver, muskrat or fox",current,
08112051,Redcurrants,current,
29309040,"2,2′-Thiodiethylbis[3-(3,5-di-tert-butyl-4-hydroxyphenyl)propionate]",current,
54011016,Textured yarn,current,
84571090,Other,current,
81110011,Unwrought manganese; powders,current,
73089051,Panels comprising two walls of profiled (ribbed) sheet with an insulating core,current,
37029710,Microfilm; film for the graphic arts,current,
72191410,"Containing by weight 2,5 % or more of nickel",current,
84672210,Chainsaws,current,
84109020,Stators,current,
01051111,Laying stocks,current,
20082090,Not containing added sugar,current,
89013090,Other,current,
44072590,Other,current,
85015350,Traction motors,current,
87141040,Silencers (mufflers) and exhaust pipes; parts thereof,current,
44101110,Unworked or not further worked than sanded (raw board),current,
88069920,Of an unladen weight exceeding 2 000 kg,current,
96140010,"Roughly shaped blocks of wood or root, for the manufacture of pipes",current,
96121080,Other,current,
52122110,Mixed mainly or solely with flax,current,
84213935,By a catalytic process,current,
87089420,For the industrial assembly of: Vehicles of heading 8703; Vehicles of heading 8704 with either a compression-ignition internal combustion piston engine (diesel or semi-diesel) of a cylinder capacity not exceeding 2500 cm3 or with a spark-ignition internal combustion piston engine of a cylinder capacity not exceeding 2800 cm3; Vehicles of heading 8705,current,
31021019,Other,current,
89069091,Of a weight not exceeding 100 kg each,current,
20098969,Not containing added sugar,current,
37079020,Developers and fixers,current,
11029010,Barley flour,current,
64029910,With uppers of rubber,current,
59022090,Other,current,
62033911,Industrial and occupational,current,
90015041,Single focal,current,
16041311,In olive oil,current,
51082090,Other,current,
55151990,Other,current,
84669360,Other,current,
87044210,Specially designed for the transport of highly radioactive materials (Euratom),current,
39072991,"Copolymer of 1-chloro-2,3-epoxypropane with ethylene oxide",current,
22084099,Other,current,
84239090,Other,current,
38089290,Other,current,
62034911,Industrial and occupational,current,
84271090,Other,current,
20086060,Not exceeding 1 kg,current,
07031090,Shallots,current,
48024090,Other,current,
44111310,Not mechanically worked or surface covered (raw board),current,
86079110,Axle-boxes and parts thereof,current,
03047930,Whiting (Merlangius merlangus),current,
44141010,Of tropical wood specified in additional note 2 to this chapter,current,
70181019,Other,current,
59050050,Of jute,current,
26190097,Other,current,
73041930,"Of an external diameter exceeding 168,3 mm but not exceeding 406,4 mm",current,
64035999,For women,current,
72044191,In bundles,current,
20082019,Other,current,
56031410,Coated or covered,current,
40169997,Other,current,
69032090,"Containing, by weight, 45 % or more of alumina (Al2O3)",current,
28441050,Ferro-uranium,current,
76129080,Other,current,
53089050,Paper yarn,current,
73181542,Of less than 800 MPa,current,
82078090,Other,current,
84662091,For lathes,current,
29146910,"1,4-Naphthoquinone",current,
95072010,"Fish-hooks, not snelled",current,
87091990,Other,current,
84388091,For the preparation or manufacture of drink,current,
02031915,Bellies (streaky) and cuts thereof,current,
94042910,Spring interior,current,
28439090,Other,current,
72202041,"2,5 % or more of nickel",current,
73121020,Of stainless steel,current,
61031010,Of wool or fine animal hair,current,
90014020,Not for the correction of vision,current,
61124910,Containing by weight 5 % or more of rubber thread,current,
29211940,"1,1,3,3-Tetramethylbutylamine",current,
29146980,Other,current,
81129950,Niobium (columbium),current,
44081015,"Planed; sanded; end-jointed, whether or not planed or sanded",current,
11041999,Other,current,
39206212,"Poly(ethylene terephthalate) film, of a thickness of 72 micrometres or more but not exceeding 79 micrometres, for the manufacture of flexible magnetic disks; poly(ethylene terephthalate) film, of a thickness of 100 micrometres or more but not exceeding 150 micrometres, for the manufacture of photopolymer printing plates",current,
68128010,Fabricated fibres; mixtures with a basis of asbestos or with a basis of asbestos and magnesium carbonate,current,
84283920,Roller conveyors,current,
15131930,For technical or industrial uses other than the manufacture of foodstuffs for human consumption,current,
44079190,Other,current,
73121098,Other,current,
85491410,"Spent primary cells, spent primary batteries",current,
84141025,"Rotary piston pumps, sliding vane rotary pumps, molecular drag pumps and Roots pumps",current,
16030080,Other,current,
02109949,Other,current,
27079950,Basic products,current,
62121010,In a set made up for retail sale containing a brassière and a pair of briefs,current,
62113341,Upper parts,current,
48025525,Weighing 60 g/m2 or more but less than 75 g/m2,current,
62014010,"Of a weight, per garment, not exceeding 1 kg",current,
85142080,Dielectric furnaces and ovens,current,
29209070,Other,current,
57029290,Other,current,
84233090,Other,current,
84201030,Of a kind used in the paper industry,current,
34023990,Other,current,
41012030,Wet-salted,current,
96099090,Other,current,
47073090,Other,current,
41041910,"Whole bovine (including buffalo) hides and skins, of a unit surface area not exceeding 28 square feet (2,6 m2)",current,
84082035,Exceeding 50 kW but not exceeding 100 kW,current,
70109079,"Not exceeding 0,055 l",current,
06049011,Reindeer moss,current,
43023055,Other,current,
52122310,Mixed mainly or solely with flax,current,
59113119,Other,current,
12051090,Other,current,
03044720,Porbeagle shark (Lamna nasus),current,
84079010,Of a cylinder capacity not exceeding 250 cm3,current,
56021011,Of jute or other textile bast fibres of heading 5303,current,
38089490,Other,current,
38030010,Crude,current,
64035991,Of less than 24 cm,current,
30059031,Gauze and articles of gauze,current,
27079980,Phenols,current,
44072915,"End-jointed, whether or not planed or sanded",current,
52081190,Other,current,
72209020,Perforated,current,
82076070,For working metal,current,
10051090,Other,current,
82079010,With working part of diamond or agglomerated diamond,current,
90292038,Other,current,
82077010,Of cermets,current,
85369010,Connections and contact elements for wire and cables,current,
72230019,Other,current,
29091990,Other,current,
84039090,Other,current,
84185090,Other refrigerating furniture,current,
85272198,Other,current,
85392998,Not exceeding 100 V,current,
92011010,New,current,
35079090,Other,current,
85340011,Multilayer circuits,current,
72222021,"2,5 % or more of nickel",current,
85437005,"Portable battery operated electronic readers for recording and reproducing text, still image or audio file",current,
62034211,Industrial and occupational,current,
44101190,Other,current,
72124020,"Tinplate, not further worked than varnished; products, plated or coated with chromium oxides or with chromium and chromium oxides, varnished",current,
48109910,"Bleached paper and paperboard, coated with kaolin",current,
85238090,Other,current,
72011011,Containing by weight 1 % or less of silicon,current,
81122110,Alloys containing more than 10 % by weight of nickel,current,
72125020,Plated or coated with chromium oxides or with chromium and chromium oxides,current,
20081110,Peanut butter,current,
33011390,Deterpenated,current,
61153011,Knee-length stockings,current,
57024190,Other,current,
72253010,Of tool steel,current,
29314980,Other,current,
72149910,Of a type used for concrete reinforcement,current,
70071910,Enamelled,current,
84141089,Other,current,
85079080,Other,current,
20081198,Other,current,
94054210,Searchlights and spotlights,current,
39232910,Of poly(vinyl chloride),current,
85166090,Other,current,
87041010,"With compression-ignition internal combustion piston engine (diesel or semi-diesel), or with spark-ignition internal combustion piston engine",current,
87019390,Other,current,
85402080,Other,current,
56081911,"Of twine, cordage, rope or cables",current,
55141910,Of polyester staple fibres,current,
53089019,"Measuring less than 277,8 decitex (exceeding 36 metric number)",current,
70109010,Preserving jars (sterilising jars),current,
20029011,In immediate packings of a net content exceeding 1 kg,current,
94056920,Of plastics,current,
73072980,Other,current,
84182151,Table model,current,
85433070,Other,current,
87082210,For the industrial assembly of: Pedestrian-controlled tractors of subheading 870110; Vehicles of heading 8703; Vehicles of heading 8704 with either a compression-ignition internal combustion piston engine (diesel or semi-diesel) of a cylinder capacity not exceeding 2500 cm3 or with a spark-ignition internal combustion piston engine of a cylinder capacity not exceeding 2800 cm3; Vehicles of heading 8705,current,
72072059,Forged,current,
40082190,Other,current,
87044310,Specially designed for the transport of highly radioactive materials (Euratom),current,
90278930,"pH meters, rH meters and other apparatus for measuring conductivity",current,
20060099,Other,current,
94042990,Other,current,
72283049,Other,current,
06049019,Other,current,
84238289,Other,current,
85389099,Other,current,
85269180,Other,current,
50072019,Other,current,
04041006,Exceeding 27 %,current,
07112010,For uses other than the production of oil,current,
84198910,Cooling towers and similar plant for direct cooling (without a separating wall) by means of recirculated water,current,
70200007,Unfinished,current,
29061310,Sterols,current,
84602910,For cylindrical surfaces,current,
96190089,"Other (for example, incontinence care articles)",current,
95030099,Other,current,
81069010,Unwrought bismuth; waste and scrap; powders,current,
90258020,"Barometers, not combined with other instruments",current,
84778099,Other,current,
20089923,Other,current,
72287090,Other,current,
51123080,Of a weight exceeding 200 g/m2,current,
41071211,Boxcalf,current,
15041091,Of halibut,current,
84769010,Parts of money-changing machines,current,
29333955,4-Methylpyridine,current,
89040091,Seagoing,current,
17029079,Other,current,
84813099,Other,current,
84733080,Other,current,
29349960,"Chlorprothixene (INN); thenalidine (INN) and its tartrates and maleates; furazolidone (INN); 7-aminocephalosporanic acid; salts and esters of (6R,7R)-3-acetoxymethyl-7-[(R)-2-formyloxy-2-phenylacetamido]-8-oxo-5-thia-1-azabicyclo[4.2.0]oct-2-ene-2-carboxylic acid; 1-[2-(1,3-dioxan-2-yl)ethyl]-2-methylpyridinium bromide",current,
72085198,Less than 2050 mm,current,
84281080,Other,current,
03054410,Eels (Anguilla spp.),current,
84834023,Bevel and bevel/spur,current,
72119080,Other,current,
85287240,With a screen of the liquid crystal display (LCD) technology,current,
51119010,Containing a total of more than 10 % by weight of textile materials of Chapter 50,current,
04072990,Other,current,
87032110,New,current,
87149690,Parts,current,
20091199,Other,current,
94054110,Searchlights and spotlights,current,
22084091,Of a value exceeding € 2 per litre of pure alcohol,current,
62032280,Other,current,
29389030,Glycyrrhizic acid and glycyrrhizates,current,
29333999,Other,current,
27079919,Other,current,
34023910,Aqueous solution containing by weight 30 % or more but not more than 50 % of disodium alkyl [oxydi(benzenesulphonate)],current,
20091998,Other,current,
47073010,"Old and unsold newspapers and magazines, telephone directories, brochures and printed advertising material",current,
70133799,Other,current,
44091018,Other,current,
33029090,Other,current,
85232915,Unrecorded,current,
62034990,Of other textile materials,current,
45049080,Other,current,
84244910,Sprayers and powder distributors designed to be mounted on or drawn by tractors,current,
40112090,With a load index exceeding 121,current,
84198998,Other,current,
72249002,Of tool steel,current,
84133080,Other,current,
90171090,Other,current,
59021010,Impregnated with rubber,current,
72011019,Containing by weight more than 1 % of silicon,current,
19022091,Cooked,current,
21021039,Other,current,
64061010,Of leather,current,
35011010,For the manufacture of regenerated textile fibres,current,
84162020,Combination burners,current,
69120025,Earthenware or fine pottery,current,
03044710,Piked dogfish (Squalus acanthias) and catsharks (Scyliorhinus spp.),current,
27109190,"Other, containing polychlorinated terphenyls (PCTs) or polybrominated biphenyls (PBBs), whether or not also containing polychlorinated biphenyls (PCBs) at a concentration level of less than 50 mg/kg",current,
90262040,Spiral or metal diaphragm type pressure gauges,current,
84778091,Size reduction equipment,current,
85044060,Accumulator chargers,current,
84829190,Other,current,
11042985,Of rye,current,
85141980,Other,current,
38249915,Ion-exchangers,current,
28442099,Other,current,
84621190,Other,current,
84039010,Of cast iron,current,
20099096,Other,current,
72241090,Other,current,
39046920,Fluoroelastomers FKM,current,
85159080,Other,current,
90014041,Single focal,current,
22042994,Other,current,
20029049,In immediate packings of a net content not exceeding 1 kg,current,
85013310,Hydrogen fuel cell generators,current,
90278990,Other,current,
48024010,Not containing fibres obtained by a mechanical process or of which not more than 10 % by weight of the total fibre content consists of such fibres,current,
84122989,Other,current,
29314960,Butyl methylphosphinate,current,
29335910,Diazinon (ISO),current,
62046918,Other,current,
22084031,"Of a value exceeding € 7,9 per litre of pure alcohol",current,
41071119,Other,current,
51062010,Containing 85 % or more by weight of wool and fine animal hair,current,
73045930,"Straight and of uniform wall thickness, of alloy steel containing by weight not less than 0,9 % but not more than 1,15 % of carbon, not less than 0,5 % but not more than 2 % of chromium and, if present, not more than 0,5 % of molybdenum",current,
19024010,Unprepared,current,
59032090,"Coated, covered or laminated",current,
68101110,"Of light concrete (with a basis of crushed pumice, granulated slag, etc.)",current,
53082090,Put up for retail sale,current,
46019405,"Plaits and similar products of plaiting materials, whether or not assembled into strips",current,
03023690,Other,current,
82079050,Gear-cutting tools,current,
84614079,Other,current,
48239085,Other,current,
28013090,Bromine,current,
84834030,Ball or roller screws,current,
84836020,Of cast iron or cast steel,current,
84322990,Other,current,
44072210,"Sanded; end-jointed, whether or not planed or sanded",current,
85161080,Other,current,
56031390,Other,current,
38249950,Preparations for electroplating,current,
55132390,Other,current,
42029219,Other,current,
27011210,Coking coal,current,
07142010,"Fresh, whole, intended for human consumption",current,
44034910,"Acajou d'Afrique, iroko and sapelli",current,
03063590,Other,current,
61161020,"Gloves impregnated, coated, covered or laminated with rubber",current,
94032020,Beds,current,
59069990,Other,current,
70181090,Other,current,
84332050,Designed to be carried on or hauled by a tractor,current,
62099090,Of other textile materials,current,
84238125,Shop scales,current,
62042280,Other,current,
38089190,Other,current,
22042194,Other,current,
18069031,Filled,current,
76061150,"Painted, varnished or coated with plastics",current,
20060010,Ginger,current,
68042290,Other,current,
86079910,Axle-boxes and parts thereof,current,
62046290,Other,current,
39202021,Biaxially oriented,current,
22011011,Not carbonated,current,
20083079,Other,current,
85311095,Other,current,
20098971,Cherry juice,current,
42021190,Other,current,
44079399,Other,current,
87042191,New,current,
53062010,Not put up for retail sale,current,
52083296,Not exceeding 165 cm,current,
73181562,Of stainless steel,current,
84672970,Planers,current,
20096911,Of a value not exceeding € 22 per 100 kg net weight,current,
87085035,"Drive-axles with differential, whether or not provided with other transmission components, and non-driving axles",current,
72149190,"Containing by weight 0,25 % or more of carbon",current,
76071119,Other,current,
90321080,Other,current,
39201024,"Stretch film, not printed",current,
22030010,In containers holding more than 10 litres,current,
03023190,Other,current,
16023290,Other,current,
64019210,With uppers of rubber,current,
44182980,Other,current,
84543090,Other,current,
82029980,For working other materials,current,
85291065,"Inside aerials for radio or television broadcast receivers, including built-in types",current,
29161910,Undecenoic acids and their salts and esters,current,
83024110,For doors,current,
03053290,Other,current,
39172210,"Seamless and of a length exceeding the maximum cross-sectional dimension, whether or not surface-worked, but not otherwise worked",current,
86090090,Other,current,
85041020,"Inductors, whether or not connected with a capacitor",current,
29091910,"Tert-butyl ethyl ether (ethyl-tertio-butyl-ether, ETBE)",current,
56031290,Other,current,
73072310,Elbows and bends,current,
39233010,Of a capacity not exceeding two litres,current,
96081092,With replaceable refill,current,
15141110,For technical or industrial uses other than the manufacture of foodstuffs for human consumption,current,
96039091,"Road-sweeping brushes; household type brooms and brushes, including shoe brushes and clothes brushes; brushes for grooming animals",current,
44079115,"Sanded; end-jointed, whether or not planed or sanded",current,
61101290,Women's or girls',current,
84431920,For printing textile materials,current,
90321020,Electronic,current,
39219010,Of polyesters,current,
84411010,Combined reel slitting and re-reeling machines,current,
41071111,Boxcalf,current,
84189910,"Evaporators and condensers, excluding those for refrigerators of the household type",current,
82090020,Indexable inserts,current,
27079991,For the manufacture of the products of heading 2803,current,
87045210,Specially designed for the transport of highly radioactive materials (Euratom),current,
70109099,Of coloured glass,current,
84081091,"For seagoing vessels of headings 8901 to 8906, tugs of subheading 89040010 and warships of subheading 89061000",current,
90189020,Endoscopes,current,
87044199,Used,current,
96190081,Napkins and napkin liners for babies,current,
84137030,Glandless impeller pumps for heating systems and warm water supply,current,
19059080,Other,current,
02062999,Other,current,
84122920,Hydraulic systems,current,
94051140,Of plastics or of ceramic materials,current,
03055390,Other,current,
70010091,Optical glass,current,
62032380,Other,current,
70060090,Other,current,
42022210,Of sheeting of plastics,current,
33021040,Other,current,
84431310,Used,current,
84182110,Of a capacity exceeding 340 litres,current,
84331190,Other,current,
85149070,Other,current,
87043210,Specially designed for the transport of highly radioactive materials (Euratom),current,
04032019,Exceeding 6 %,current,
61042910,Of wool or fine animal hair,current,
87021019,Used,current,
41044911,"East India kip, whole or with the head and legs removed, each of a net weight of not more than 4,5 kg, not further prepared than vegetable tanned, whether or not having undergone certain treatments, but obviously unsuitable for immediate use for the manufacture of leather articles",current,
17026095,Other,current,
03055110,"Dried, unsalted",current,
44072998,Other,current,
84733020,Electronic assemblies,current,
04039069,Exceeding 6 %,current,
95049010,"Electric car racing sets, having the character of competitive games",current,
04049081,"Not exceeding 1,5 %",current,
48059320,Made from recovered paper,current,
70200008,Finished,current,
70133391,Cut or otherwise decorated,current,
72155019,Other,current,
85491310,"Spent primary cells, spent primary batteries",current,
72044199,Other,current,
38231930,Fatty acid distillate,current,
20098119,Other,current,
20084051,With a sugar content exceeding 13 % by weight,current,
16022090,Other,current,
29096090,Other,current,
29071990,Other,current,
38246091,"Containing 2 % or less by weight of D-mannitol, calculated on the D-glucitol content",current,
32081090,Other,current,
87089291,Of closed-die forged steel,current,
96121010,Of plastics,current,
96091090,Other,current,
64052010,With outer soles of wood or cork,current,
73064080,Other,current,
94056120,Of plastics,current,
55151391,Unbleached or bleached,current,
48045990,Other,current,
69120029,Other,current,
84818039,Other,current,
84768990,Other,current,
88079029,Other,current,
18062050,Containing 18 % or more by weight of cocoa butter,current,
48042110,Of which not less than 80 % by weight of the total fibre content consists of coniferous fibres obtained by the chemical sulphate or soda process,current,
21050010,Containing no milkfats or containing less than 3 % by weight of such fats,current,
66019990,Other,current,
45041019,Other,current,
55051070,Of polypropylene,current,
22083088,More than 2 litres,current,
39231010,"Boxes, cases, crates and similar articles, of plastic, specially shaped or fitted for the conveyance or packing of semiconductor wafers, masks, or reticles",current,
50079010,"Unbleached, scoured or bleached",current,
15149190,Other,current,
07131010,For sowing,current,
42029211,"Travelling-bags, toilet bags, rucksacks and sports bags",current,
16025031,"Corned beef, in airtight containers",current,
02076091,Livers,current,
44119210,Not mechanically worked or surface covered (raw board),current,
84798930,Mobile hydraulic-powered mine roof supports,current,
94056180,Of other materials,current,
87044399,Used,current,
04012099,Other,current,
48201010,"Registers, account books, order books and receipt books",current,
33012949,Other,current,
32089011,"Polyurethane of 2,2′-(tert-butylimino)diethanol and 4,4′-methylenedicyclohexyl diisocyanate, in the form of a solution in N,N-dimethylacetamide, containing by weight 48 % or more of polymer",current,
44111410,Not mechanically worked or surface covered (raw board),current,
87088020,For the industrial assembly of: Vehicles of heading 8703; Vehicles of heading 8704 with either a compression-ignition internal combustion piston engine (diesel or semi-diesel) of a cylinder capacity not exceeding 2500 cm3 or with a spark-ignition internal combustion piston engine of a cylinder capacity not exceeding 2800 cm3; Vehicles of heading 8705,current,
29144010,4-Hydroxy-4-methylpentan-2-one (diacetone alcohol),current,
87079010,For the industrial assembly of: Pedestrian-controlled tractors of subheading 870110; Vehicles of heading 8704 with either a compression-ignition internal combustion piston engine (diesel or semi-diesel) of a cylinder capacity not exceeding 2500 cm3 or with a spark-ignition internal combustion piston engine of a cylinder capacity not exceeding 2800 cm3; Special purpose motor vehicles of heading 8705,current,
04032041,"Containing, by weight, less than 1,5 % milkfat, 5 % sucrose (including invert sugar) or isoglucose, 5 % glucose or starch",current,
84669120,Of cast iron or cast steel,current,
82078011,Of cermets,current,
84729080,Other,current,
50060090,Yarn spun from noil or other silk waste; silkworm gut,current,
08119070,Fruit of the species Vaccinium myrtilloides and Vaccinium angustifolium,current,
48114190,Other,current,
72192110,"Containing by weight 2,5 % or more of nickel",current,
53110090,Other,current,
03089090,Other,current,
22029999,2 % or more,current,
15050090,Other,current,
87060019,Other,current,
85043129,Other,current,
95051090,Of other materials,current,
02075210,"Plucked, bled, not drawn, with heads and feet, known as 82 % geese",current,
03045990,Other,current,
04039061,Not exceeding 3 %,current,
62046231,Of denim,current,
73043983,"Exceeding 168,3 mm but not exceeding 406,4 mm",current,
23080019,Other,current,
37023197,Other,current,
95066990,Other,current,
85366190,Other,current,
61151010,Of synthetic fibres,current,
87089135,Radiators,current,
76061219,Beverage can end stock and tab stock,current,
73030010,Tubes and pipes of a kind used in pressure systems,current,
04029991,"In immediate packings of a net content not exceeding 2,5 kg",current,
03034410,For the industrial manufacture of products of heading 1604,current,
16041390,Other,current,
84089061,Exceeding 100 kW but not exceeding 200 kW,current,
76061193,Not less than 3 mm but less than 6 mm,current,
62044990,Of other textile materials,current,
69120085,Earthenware or fine pottery,current,
22083041,2 litres or less,current,
84243001,With heating device,current,
84081061,"For seagoing vessels of headings 8901 to 8906, tugs of subheading 89040010 and warships of subheading 89061000",current,
72125090,Other,current,
62045990,Of other textile materials,current,
01039219,Other,current,
03034220,For the industrial manufacture of products of heading 1604,current,
29251920,"3,3′,4,4′,5,5′,6,6′-Octabromo-N,N′-ethylenediphthalimide; N,N′-ethylenebis(4,5-dibromohexahydro-3,6-methanophthalimide)",current,
85143910,Of a kind used solely or principally for the manufacture of printed circuits or printed circuit assemblies,current,
40021930,"Styrene-butadiene rubber produced by solution polymerisation (S-SBR), in bales",current,
90139080,Other,current,
96039099,Other,current,
70051025,"Not exceeding 3,5 mm",current,
85491910,"Spent primary cells, spent primary batteries",current,
69039010,"Containing, by weight, more than 25 % but not more than 50 % of free carbon",current,
85234110,"Discs for laser reading systems of a recording capacity not exceeding 900 megabytes, other than erasable",current,
42050090,Other,current,
90112090,Other,current,
22084039,Other,current,
56075030,Measuring 50000 decitex (5 g/m) or less,current,
02109985,Other,current,
17049081,Compressed tablets,current,
89020010,Seagoing,current,
46021990,Other,current,
39219090,Other,current,
85016180,"Of an output exceeding 7,5 kVA but not exceeding 75 kVA",current,
70071920,"Coloured throughout the mass (body tinted), opacified, flashed or having an absorbent or reflecting layer",current,
85365003,Electronic AC switches consisting of optically coupled input and output circuits (insulated thyristor AC switches),current,
72155011,Of rectangular (other than square) cross-section,current,
85423245,"Static random-access memories (S-RAMs), including cache random-access memories (cache-RAMs)",current,
74198090,Other,current,
72189180,"Containing by weight less than 2,5 % of nickel",current,
44079499,Other,current,
48237090,Other,current,
22060081,Cider and perry,current,
33030090,Toilet waters,current,
85392992,Exceeding 100 V,current,
27101911,For undergoing a specific process,current,
82072090,With working part of other materials,current,
66019920,With a cover of woven textile materials,current,
41044190,Other,current,
22085091,2 litres or less,current,
04041076,Exceeding 27 %,current,
07108061,Of the genus Agaricus,current,
08042090,Dried,current,
44012290,Other,current,
72165091,Bulb flats,current,
22042295,White,current,
61178010,"Knitted or crocheted, elasticated or rubberised",current,
84368090,Other,current,
52122590,Otherwise mixed,current,
73181410,Of stainless steel,current,
64039196,For men,current,
85049013,"Steel laminations and cores, whether or not stacked or wound",current,
17049099,Other,current,
29093010,Diphenyl ether,current,
85480020,Memories in multicombinational forms such as stack D-RAMs and modules,current,
85423119,Other,current,
27101981,"Motor oils, compressor lube oils, turbine lube oils",current,
20089798,Other,current,
20085031,"Of an actual alcoholic strength by mass not exceeding 11,85 % mas",current,
85437008,Plasma cleaner machines that remove organic contaminants from electron microscopy specimens and specimen holders,current,
96091010,With leads of graphite,current,
37023220,Other,current,
62046233,Of cut corduroy,current,
72155080,"Containing by weight 0,25 % or more of carbon",current,
87161098,Of a weight exceeding 1600 kg,current,
84381010,Bakery machinery,current,
84089021,For rail traction,current,
56021090,"Impregnated, coated, covered or laminated",current,
39201081,"Synthetic paper pulp, in the form of moist sheets made from unconnected finely branched polyethylene fibrils, whether or not blended with cellulose fibres in a quantity not exceeding 15 %, containing poly(vinyl alcohol) dissolved in water as the moistening agent",current,
41015030,Wet-salted,current,
04029910,"Of a fat content, by weight, not exceeding 9,5 %",current,
87045199,Used,current,
84871010,Of bronze,current,
88051010,Aircraft launching gear and parts thereof,current,
29093039,Other,current,
02075410,Boneless,current,
68062090,Other,current,
03049510,Surimi,current,
20089774,Other,current,
73045189,Other,current,
37040090,Other,current,
57039020,"Tiles, having a maximum surface area of 1 m2",current,
16024210,Of domestic swine,current,
04079010,Of poultry,current,
84081081,"For seagoing vessels of headings 8901 to 8906, tugs of subheading 89040010 and warships of subheading 89061000",current,
02076010,Boneless,current,
87085099,Other,current,
38089390,Plant-growth regulators,current,
19059070,"Containing 5 % or more, by weight, of sucrose, invert sugar or isoglucose",current,
39095010,"Polyurethane of 2,2′-(tert-butylimino)diethanol and 4,4′-methylenedicyclohexyl diisocyanate, in the form of a solution in N,N-dimethylacetamide, containing by weight 50 % or more of polymer",current,
07069090,Other,current,
84501190,Each of a dry linen capacity exceeding 6 kg but not exceeding 10 kg,current,
48030010,Cellulose wadding,current,
63079010,Knitted or crocheted,current,
20031020,"Provisionally preserved, completely cooked",current,
39151010,"Having a specific gravity of less than 0,94 (for example, PE-LD)",current,
12129949,Other,current,
87088091,Of closed-die forged steel,current,
12079991,Hemp seeds,current,
84793010,Presses,current,
08021290,Other,current,
02075290,"Plucked and drawn, without heads and feet, with or without hearts and gizzards, known as 75 % geese, or otherwise presented",current,
84335919,Other,current,
84195080,Other,current,
85272192,Of the cassette-type with an analogue and digital reading system,current,
44071190,Other,current,
87141090,Other,current,
37029790,Other,current,
72169110,Profiled (ribbed) sheets,current,
34025090,Washing preparations and cleaning preparations,current,
09042110,Sweet peppers (Capsicum annuum),current,
72282099,Other,current,
72191390,"Containing by weight less than 2,5 % of nickel",current,
85232990,Other,current,
63023290,Other,current,
84623290,Other,current,
58071090,Other,current,
33011290,Deterpenated,current,
85149030,"Of other furnaces and ovens of subheadings 85143110, 85143210 or 85143910",current,
39205910,"Copolymer of acrylic and methacrylic esters, in the form of film of a thickness not exceeding 150 micrometres",current,
89020090,Other,current,
84818019,Other,current,
85318070,Other,current,
84122120,Hydraulic systems,current,
29037930,"Halogenated only with bromine and chlorine, fluorine and chlorine or with fluorine and bromine",current,
84749010,Of cast iron or cast steel,current,
95061110,Cross-country skis,current,
35069190,Other,current,
85389019,Other,current,
85389091,Electronic assemblies,current,
85312040,Incorporating active matrix liquid crystal devices (LCD),current,
87149190,Parts,current,
73181535,Of stainless steel,current,
80070080,Other,current,
22083030,Single malt whisky,current,
61130090,Other,current,
48064090,Other,current,
90271010,Electronic,current,
73044985,"Of an external diameter exceeding 168,3 mm but not exceeding 406,4 mm",current,
16025010,Uncooked; mixtures of cooked meat or offal and uncooked meat or offal,current,
85389011,Electronic assemblies,current,
87088055,Anti roll bars; other torsion bars,current,
02045059,Legs,current,
88026011,Telecommunication satellites,current,
72125030,Plated or coated with chromium or nickel,current,
73211190,Other,current,
84209110,Of cast iron,current,
07070090,Gherkins,current,
90015049,Other,current,
87045299,Used,current,
23099059,Containing not less than 50 % by weight of milk products,current,
44079491,Sanded,current,
39122090,Plasticised,current,
03048818,Blue shark (Prionace glauca),current,
72011090,"Containing by weight less than 0,1 % of manganese",current,
29339950,"2,4-Di-tert-butyl-6-(5-chlorobenzotriazol-2-yl)phenol",current,
74081990,"Of which the maximum cross-sectional dimension does not exceed 0,5 mm",current,
62113231,With an outer shell of a single identical fabric,current,
55159980,Other,current,
58041010,Plain,current,
84769090,Other,current,
55143050,Other woven fabrics of polyester staple fibres,current,
53061010,"Measuring 833,3 decitex or more (not exceeding 12 metric number)",current,
42029298,Other,current,
76012080,Other,current,
28053080,Other,current,
73201011,Laminated springs and leaves therefor,current,
72091610,Electrical,current,
29173935,"Bis(2-ethylhexyl) benzene-1,4-dicarboxylate (DOTP)",current,
90318020,For measuring or checking geometrical quantities,current,
90189040,Diathermic apparatus,current,
90278910,Exposure meters,current,
20082011,With a sugar content exceeding 17 % by weight,current,
38089330,Anti-sprouting products,current,
41053010,"Of Indian hair sheep, vegetable pre-tanned, whether or not having undergone certain treatments, but obviously unsuitable for immediate use for the manufacture of leather articles",current,
76020090,Scrap,current,
84818051,Temperature regulators,current,
11043010,Of wheat,current,
84433280,Other,current,
85444999,For a voltage of 1000 V,current,
29389090,Other,current,
42021910,Of aluminium,current,
84732190,Other,current,
04064010,Roquefort,current,
92071050,Synthesisers,current,
23099070,"Containing no starch, glucose, glucose syrup, maltodextrine or maltodextrine syrup but containing milk products",current,
39119092,"Copolymer of p-cresol and divinylbenzene, in the form of a solution in N,N-dimethylacetamide containing by weight 50 % or more of polymer; hydrogenated copolymers of vinyltoluene and α-methylstyrene",current,
10062019,Other,current,
44071120,Planed,current,
20089772,Of tropical fruit (including mixtures containing by weight 50 % or more of tropical nuts and tropical fruit),current,
72085299,Less than 2050 mm,current,
35021910,"Unfit, or to be rendered unfit, for human consumption",current,
38091090,Containing by weight 83 % or more of such substances,current,
84626190,Other,current,
85021180,"Of an output exceeding 7,5 kVA but not exceeding 75 kVA",current,
85437050,"Sunbeds, sunlamps and similar suntanning equipment",current,
27101993,Electrical insulating oils,current,
90171010,Plotters,current,
84661080,Self-opening dieheads,current,
89019090,Other,current,
90230080,Other,current,
29339190,Other,current,
88051090,Other,current,
08119031,Tropical fruit and tropical nuts,current,
72193210,"Containing by weight 2,5 % or more of nickel",current,
72085291,2050 mm or more,current,
70052980,"Of a thickness exceeding 4,5 mm",current,
29215990,Other,current,
84672290,Other,current,
81019910,"Bars and rods, other than those obtained simply by sintering, profiles, plates, sheets, strip and foil",current,
38260090,Other,current,
85334090,Other,current,
44083915,"Sanded; end-jointed, whether or not planed or sanded",current,
39069030,"Copolymer of acrylic acid with 2-ethylhexyl acrylate, containing by weight 10 % or more but not more than 11 % of 2-ethylhexyl acrylate",current,
72165099,Other,current,
29038970,Other,current,
94039910,Of metal,current,
90211010,Orthopaedic appliances,current,
44079391,Sanded,current,
90251180,Other,current,
90041010,With lenses optically worked,current,
36069090,Other,current,
96190050,Napkins and napkin liners and similar articles,current,
20088011,"Of an actual alcoholic strength by mass not exceeding 11,85 % mas",current,
72249018,Forged,current,
69120089,Other,current,
15220031,Soapstocks,current,
85340019,Other,current,
37050010,For offset reproduction,current,
29315990,Other,current,
52121390,Otherwise mixed,current,
30061090,Other,current,
76011010,Slabs,current,
84669220,Of cast iron or cast steel,current,
73259910,Of cast iron,current,
10063044,Medium grain,current,
95030061,Of wood,current,
84331159,Other,current,
52121290,Otherwise mixed,current,
08119085,Tropical fruit and tropical nuts,current,
27102032,"With a sulphur content not exceeding 0,5 % by weight",current,
72189110,"Containing by weight 2,5 % or more of nickel",current,
61102091,Men's or boys',current,
85143190,Other,current,
85423219,Other,current,
44209010,Wood marquetry and inlaid wood,current,
55051090,Other,current,
90314990,Other,current,
70133311,Cut or otherwise decorated,current,
55131190,Of a width of more than 165 cm,current,
85143110,Of a kind used solely or principally for the manufacture of printed circuits or printed circuit assemblies,current,
92011090,Used,current,
64069050,Removable insoles and other removable accessories,current,
70196210,Waste and scrap,current,
72221910,"Containing by weight 2,5 % or more of nickel",current,
44079310,"Planed; end-jointed, whether or not planed or sanded",current,
84561110,"Of a kind used solely or principally for the manufacture of printed circuits, printed circuit assemblies, parts of heading 8517, or parts of automatic data processing machines",current,
15156091,"Solid, in immediate packings of a net content not exceeding 1 kg",current,
38249975,"Lithium niobate wafer, undoped",current,
48149010,"Wallpaper and similar wallcoverings, consisting of grained, embossed, surface-coloured, design-printed or otherwise surface-decorated paper, coated or covered with transparent protective plastics",current,
68042212,Not reinforced,current,
62043210,Industrial and occupational,current,
84148078,Other,current,
62114210,"Aprons, overalls, smock-overalls and other industrial and occupational clothing (whether or not also suitable for domestic use)",current,
38089230,Based on dithiocarbamates,current,
03035310,Sardines of the species Sardina pilchardus,current,
10062011,Round grain,current,
29251995,Other,current,
85469090,Other,current,
54049090,Other,current,
87083099,Other,current,
39129010,Cellulose esters,current,
43021949,Other,current,
22042297,White,current,
29397910,"Nicotine and its salts, ethers, esters and other derivatives thereof",current,
39204390,Of a thickness exceeding 1 mm,current,
01039211,"Sows having farrowed at least once, of a weight of not less than 160 kg",current,
64035111,Of less than 24 cm,current,
85439090,Other,current,
72254090,"Of a thickness of less than 4,75 mm",current,
23070011,"Having a total alcoholic strength by mass not exceeding 7,9 % mas and a dry matter content not less than 25 % by weight",current,
72109030,Clad,current,
85371095,"Touch-Sensitive Data Input Devices (so-called touch screens) without display capabilities, for incorporation into apparatus having a display, which function by detecting the presence and location of a touch within the display area",current,
87116010,"Bicycles, tricycles and quadricycles, with pedal assistance, with an auxiliary electric motor with a continuous rated power not exceeding 250 watts",current,
89051010,Seagoing,current,
63025910,Of flax,current,
38249986,"Mixtures consisting mainly of dimethyl methylphosphonate, oxirane and diphosphorus pentaoxide",current,
90183190,Other,current,
51081010,Unbleached,current,
44089085,Of a thickness not exceeding 1 mm,current,
64039993,Footwear which cannot be identified as men's or women's footwear,current,
52010010,Rendered absorbent or bleached,current,
20021090,Other,current,
29224920,ß-Alanine,current,
84021910,Firetube boilers,current,
07129019,Other,current,
55143030,"3-thread or 4-thread twill, including cross twill, of polyester staple fibres",current,
87032319,Other,current,
72269199,"Of a thickness of less than 4,75 mm",current,
95043090,Parts,current,
56074919,Other,current,
29314930,"Etidronic acid (INN) (1-hydroxyethane-1,1-diphosphonic acid) and its salts",current,
73079290,Elbows and bends,current,
38249955,"Mixtures of mono-, di- and tri-, fatty acid esters of glycerol (emulsifiers for fats)",current,
63025390,Other,current,
34059010,Metal polishes,current,
48102980,Other,current,
73199090,Other,current,
11071091,In the form of flour,current,
72029910,Ferro-phosphorus,current,
84136070,Screw pumps,current,
90261029,Other,current,
90213990,Other,current,
71101980,Other,current,
90184990,Other,current,
29333950,"Fluroxypyr (ISO), methyl ester",current,
85234130,"Discs for laser reading systems of a recording capacity exceeding 900 megabytes but not exceeding 18 gigabytes, other than erasable",current,
38109010,Preparations of a kind used as cores or coatings for welding electrodes and rods,current,
15162091,In immediate packings of a net content not exceeding 1 kg,current,
51031010,Not carbonised,current,
62113331,With an outer shell of a single identical fabric,current,
02109291,Meat,current,
03089010,"Live, fresh or chilled",current,
84079090,Of a power exceeding 10 kW,current,
61042990,Of other textile materials,current,
62034231,Of denim,current,
87042391,New,current,
29213010,"Cyclohexylamine and cyclohexyldimethylamine, and their salts",current,
84734010,Electronic assemblies,current,
51119091,Of a weight not exceeding 300 g/m2,current,
01022910,Of a weight not exceeding 80 kg,current,
84181020,Of a capacity exceeding 340 litres,current,
12079996,Other,current,
62046939,Other,current,
44111493,Other,current,
23080011,"Having a total alcoholic strength by mass not exceeding 4,3 % mas and a dry matter content not less than 40 % by weight",current,
55152130,Printed,current,
15159040,For technical or industrial uses other than the manufacture of foodstuffs for human consumption,current,
31024090,With a nitrogen content exceeding 28 % by weight,current,
95072090,Other,current,
73110099,1000 l or more,current,
85423261,With a storage capacity not exceeding 512 Mbits,current,
44125190,Other,current,
84161090,Other,current,
38122010,"Reaction mixture containing benzyl 3-isobutyryloxy-1-isopropyl-2,2-dimethylpropyl phthalate and benzyl 3-isobutyryloxy-2,2,4-trimethylpentyl phthalate",current,
85372099,"For a voltage exceeding 72,5 kV",current,
74181090,Other,current,
87113010,Of a cylinder capacity exceeding 250 cm3 but not exceeding 380 cm3,current,
84089041,Not exceeding 15 kW,current,
84779080,Other,current,
46019210,Of plaits or similar products of plaiting materials,current,
57039080,Other,current,
39069050,"Polymerisation product of acrylic acid with alkyl methacrylate and small quantities of other monomers, for use as a thickener in the manufacture of textile printing pastes",current,
03034290,Other,current,
20087092,Of 5 kg or more,current,
84335985,Other,current,
84118280,Of a power exceeding 50000 kW,current,
87149930,Luggage carriers,current,
02062910,For the manufacture of pharmaceutical products,current,
39269050,Perforated buckets and similar articles used to filter water at the entrance to drains,current,
61103099,Women's or girls',current,
54011014,Other,current,
44079699,Other,current,
69022010,"Containing, by weight, 93 % or more of silica (SiO2)",current,
57024110,Axminster carpets,current,
85065030,Button cells,current,
84332090,Other,current,
48109230,With only one outer layer bleached,current,
84073491,Not exceeding 1500 cm3,current,
20085019,Other,current,
84672951,Angle grinders,current,
44092991,"Blocks, strips and friezes for parquet or wood block flooring, not assembled",current,
22042294,Other,current,
73261990,Other,current,
52122410,Mixed mainly or solely with flax,current,
30029030,"Animal blood prepared for therapeutic, prophylactic or diagnostic uses",current,
38249992,In the form of a liquid at 20 °C,current,
44012210,Of eucalyptus (Eucalyptus spp.),current,
76071990,"Of a thickness of not less than 0,021 mm but not more than 0,2 mm",current,
85437001,Articles specifically designed for connection to telegraphic or telephonic apparatus or instruments or to telegraphic or telephonic networks,current,
85061011,Cylindrical cells,current,
28401990,Other,current,
85437010,Electrical machines with translation or dictionary functions,current,
09109110,Neither crushed nor ground,current,
74198030,Springs,current,
39039090,Other,current,
84122180,Other,current,
28261910,Of ammonium or of sodium,current,
10062098,Of a length/width ratio equal to or greater than 3,current,
44201110,Of tropical wood specified in additional note 2 to this chapter,current,
87033110,New,current,
22082088,Other,current,
22042910,"Wine, other than that referred to in subheading 220410, in bottles with mushroom stoppers held in place by ties or fastenings; wine, otherwise put up, with an excess pressure due to carbon dioxide in solution of not less than 1 bar but less than 3 bar, measured at a temperature of 20 °C",current,
64069030,"Assemblies of uppers affixed to inner soles or to other sole components, but without outer soles",current,
84231010,Household scales,current,
81129940,Germanium,current,
73042910,"Of an external diameter not exceeding 168,3 mm",current,
16041993,Coalfish (Pollachius virens),current,
19053199,Other,current,
55152211,Unbleached or bleached,current,
64035995,For men,current,
96033090,Brushes for the application of cosmetics,current,
52122290,Otherwise mixed,current,
72015090,Other,current,
20098111,Of a value not exceeding € 30 per 100 kg net weight,current,
52114990,Other,current,
02109921,With bone in,current,
61119090,Of other textile materials,current,
20085051,With a sugar content exceeding 15 % by weight,current,
72287010,"Not further worked than hot-rolled, hot-drawn or extruded",current,
04014010,In immediate packings of a net content not exceeding two litres,current,
85444290,Other,current,
02050020,Fresh or chilled,current,
70132810,Gathered by hand,current,
70109051,1 l or more,current,
87081010,For the industrial assembly of: Vehicles of heading 8703; Vehicles of heading 8704 with either a compression-ignition internal combustion piston engine (diesel or semi-diesel) of a cylinder capacity not exceeding 2500 cm3 or with a spark-ignition internal combustion piston engine of a cylinder capacity not exceeding 2800 cm3; Vehicles of heading 8705,current,
56075011,Plaited or braided,current,
29159090,Other,current,
84518080,Other,current,
19019019,Other,current,
96200091,Of plastics or of aluminium,current,
61041920,Of cotton,current,
04039063,Exceeding 3 % but not exceeding 6 %,current,
31042050,"With a potassium content evaluated as K2O, by weight, exceeding 40 % but not exceeding 62 % on the dry anhydrous product",current,
84081051,"For seagoing vessels of headings 8901 to 8906, tugs of subheading 89040010 and warships of subheading 89061000",current,
90109080,Other,current,
11041991,Flaked rice,current,
84717030,"Optical, including magneto-optical",current,
82073010,For working metal,current,
61178080,Other,current,
85291030,Outside aerials for radio or television broadcast receivers,current,
51129010,Containing a total of more than 10 % by weight of textile materials of Chapter 50,current,
84571010,Horizontal,current,
68029910,"Polished, decorated or otherwise worked, but not carved, of a net weight of 10 kg or more",current,
64041990,Other,current,
82074010,Tools for tapping,current,
59113211,"Woven fabrics having a batt layer needled on them, of a kind used in papermaking machines (for example, press felts)",current,
73202020,Hot-worked,current,
11043090,Of other cereals,current,
03048890,Rays and skates (Rajidae),current,
72189911,Rolled or obtained by continous casting,current,
72179090,"Containing by weight 0,6 % or more of carbon",current,
02072799,Other,current,
22082086,Grappa,current,
85423111,Multi-component integrated circuits (MCOs),current,
40082110,Floor coverings and mats,current,
44072610,"End-jointed, whether or not planed or sanded",current,
62034259,Other,current,
19041010,Obtained from maize,current,
29331110,Propyphenazone (INN),current,
72254060,"Of a thickness of 4,75 mm or more but not exceeding 10 mm",current,
10063027,Of a length/width ratio equal to or greater than 3,current,
91149090,Other,current,
84238220,"Using electronic means for gauging weight, excluding machines for weighing motor vehicles",current,
38012010,Colloidal graphite in suspension in oil; semi-colloidal graphite,current,
64039118,For women,current,
91101110,With balance wheel and hairspring,current,
85129010,Of apparatus of subheading 85123010,current,
48070080,Other,current,
63023210,Nonwovens,current,
29333940,"2-Butoxyethyl(3,5,6-trichloro-2-pyridyloxy)acetate",current,
48025680,Other,current,
57050080,Of other textile materials,current,
73063049,Other,current,
85049090,Of static converters,current,
44129290,Other,current,
84661038,Other,current,
90200010,Gas masks,current,
72223097,Other,current,
84717080,Magnetic tape storage units,current,
17023010,Isoglucose,current,
44123320,"With no outer ply of birch, but with at least one outer ply of poplar or aspen (Populus spp.)",current,
03049923,"Herrings (Clupea harengus, Clupea pallasii)",current,
35022091,"Dried (for example, in sheets, scales, flakes, powder)",current,
22042279,White,current,
56081120,"Of twine, cordage, rope or cables",current,
72171010,"With a maximum cross-sectional dimension of less than 0,8 mm",current,
31042010,"With a potassium content evaluated as K2O, by weight, not exceeding 40 % on the dry anhydrous product",current,
44111391,Laminate floor coverings,current,
04021091,"In immediate packings of a net content not exceeding 2,5 kg",current,
85011091,Universal AC/DC motors,current,
38246011,"Containing 2 % or less by weight of D-mannitol, calculated on the D-glucitol content",current,
85399010,Lamp bases,current,
84485190,Other,current,
84081041,"For seagoing vessels of headings 8901 to 8906, tugs of subheading 89040010 and warships of subheading 89061000",current,
82072010,With working part of diamond or agglomerated diamond,current,
52083219,Exceeding 165 cm,current,
18069070,Preparations containing cocoa for making beverages,current,
81129281,Indium,current,
61123910,Containing by weight 5 % or more of rubber thread,current,
59113111,"Woven fabrics, of a kind used in papermaking machines (for example, forming fabrics)",current,
87082990,Other,current,
18069050,"Sugar confectionery and substitutes therefor made from sugar substitution products, containing cocoa",current,
60033010,Raschel lace,current,
54076150,Of yarns of different colours,current,
03049955,Megrim (Lepidorhombus spp.),current,
38109090,Other,current,
48149070,Other,current,
46019305,"Plaits and similar products of plaiting materials, whether or not assembled into strips",current,
39191012,Of poly(vinyl chloride) or of polyethylene,current,
38059090,Other,current,
84198120,Percolators and other appliances for making coffee and other hot drinks,current,
84669280,Other,current,
42021211,"Executive-cases, briefcases, school satchels and similar containers",current,
84831095,Other,current,
22042293,White,current,
59090010,Of synthetic fibres,current,
29161995,Other,current,
11029050,Rice flour,current,
73066199,With a wall thickness exceeding 2 mm,current,
62113310,Industrial and occupational clothing,current,
87033311,Motor caravans,current,
48109980,Other,current,
20089718,Other,current,
39029010,"A-B-A block copolymer of polystyrene, ethylene-butylene copolymer and polystyrene, containing by weight 35 % or less of styrene, in one of the forms mentioned in note 6(b) to this chapter",current,
16041590,Of the species Scomber australasicus,current,
29039980,Other,current,
85234920,Other,current,
72107080,Other,current,
72085191,2050 mm or more,current,
89032290,Other,current,
85491990,Other,current,
50072060,Of yarns of different colours,current,
90014049,Other,current,
73269094,Closed-die forged,current,
48239040,"Paper and paperboard, of a kind used for writing, printing or other graphic purposes",current,
85372091,"For a voltage exceeding 1000 V but not exceeding 72,5 kV",current,
55129910,Printed,current,
87085020,For the industrial assembly of: Vehicles of heading 8703; Vehicles of heading 8704 with either a compression-ignition internal combustion piston engine (diesel or semi-diesel) of a cylinder capacity not exceeding 2500 cm3 or with a spark-ignition internal combustion piston engine of a cylinder capacity not exceeding 2800 cm3; Vehicles of heading 8705,current,
62031910,Of cotton,current,
85365019,Other,current,
20087019,Other,current,
62034311,Industrial and occupational,current,
62042380,Other,current,
35069110,Optically clear free-film adhesives and optically clear curable liquid adhesives of a kind used solely or principally for the manufacture of flat panel displays or touch-sensitive screen panels,current,
94019190,Other,current,
29055991,"2,2-Bis(bromomethyl)propanediol",current,
08119095,Other,current,
15122990,Other,current,
59050090,Other,current,
20093911,Of a value not exceeding € 30 per 100 kg net weight,current,
84596910,Tool milling machines,current,
84829110,Tapered rollers,current,
84183020,Of a capacity not exceeding 400 litres,current,
85162999,Other,current,
70051005,Having a non-reflecting layer,current,
52122390,Otherwise mixed,current,
25010099,Other,current,
72193410,"Containing by weight 2,5 % or more of nickel",current,
27101225,Other,current,
22086099,More than 2 litres,current,
61019080,"Anoraks (including ski jackets), windcheaters, wind-jackets and similar articles",current,
08039011,Plátano de Canarias,current,
62099010,Of wool or fine animal hair,current,
10063067,Of a length/width ratio equal to or greater than 3,current,
83030040,"Armoured or reinforced safes, strongboxes and doors and safe deposit lockers for strongrooms",current,
84813091,Of cast iron or of steel,current,
81061010,Unwrought bismuth; waste and scrap; powders,current,
72139170,"Containing by weight 0,25 % or more but not more than 0,75 % of carbon",current,
53091110,Unbleached,current,
38249996,Other,current,
04069001,For processing,current,
20086090,"Of less than 4,5 kg",current,
84521019,Other,current,
02069010,For the manufacture of pharmaceutical products,current,
70200005,Quartz reactor tubes and holders designed for insertion into diffusion and oxidation furnaces for production of semiconductor materials,current,
03063990,Other,current,
30012090,Other,current,
39206290,"Of a thickness exceeding 0,35 mm",current,
95030055,Toy musical instruments and apparatus,current,
41044951,"Whole hides and skins, of a unit surface area exceeding 28 square feet (2,6 m2)",current,
01051119,Other,current,
58079010,Of felt or nonwovens,current,
81130090,Other,current,
56079090,Other,current,
46019410,Of plaits or similar products of plaiting materials,current,
85365011,Push-button switches,current,
48041119,Weighing 175 g/m2 or more,current,
87149490,Parts,current,
05080010,Red coral (Corallium rubrum),current,
85129090,Other,current,
16023929,Other,current,
84818099,Other,current,
15220091,Oil foots and dregs; soapstocks,current,
90219090,Other,current,
29037980,Other,current,
42050011,Conveyor or transmission belts or belting,current,
94054940,Of plastics,current,
68129990,Other,current,
22089091,2 litres or less,current,
84212920,Made of fluoropolymers and with filter or purifier membrane thickness not exceeding 140 microns,current,
61012090,"Anoraks (including ski jackets), windcheaters, wind-jackets and similar articles",current,
61022010,"Overcoats, car coats, capes, cloaks and similar articles",current,
94054139,Other,current,
08112059,Blackberries and mulberries,current,
84331951,With a seat,current,
29071590,Other,current,
73121081,Exceeding 3 mm but not exceeding 12 mm,current,
33030010,Perfumes,current,
44072891,Planed,current,
40021920,"Styrene-butadiene-styrene block copolymers produced by solution polymerisation (SBS, thermoplastic elastomers), in granules, crumbs or powders",current,
85232919,Other,current,
72249014,Other,current,
52051510,"Measuring less than 125 decitex but not less than 83,33 decitex (exceeding 80 metric number but not exceeding 120 metric number)",current,
70052125,"Of a thickness not exceeding 3,5 mm",current,
39029090,Other,current,
46012290,Other,current,
72124080,Other,current,
32019020,"Sumach extract, vallonia extract, oak extract or chestnut extract",current,
38089317,Based on carbamates,current,
12074010,Seed,current,
40029990,Other,current,
55122990,Other,current,
85079039,Other,current,
46019290,Other,current,
90303370,Other,current,
23099051,Containing no milk products or containing less than 10 % by weight of such products,current,
90112010,Photomicrographic microscopes fitted with equipment specifically designed for the handling and transport of semiconductor wafers or reticles,current,
33021029,Other,current,
87033219,Other,current,
54082210,"Of a width exceeding 135 cm but not exceeding 155 cm, plain weave, twill weave, cross twill weave or satin weave",current,
02045053,Short forequarters,current,
72149950,Other,current,
84185019,Other,current,
56021038,Of other textile materials,current,
55151930,Printed,current,
72193510,"Containing by weight 2,5 % or more of nickel",current,
41064090,Other,current,
84135040,Dosing and proportioning pumps,current,
39039010,"Copolymer, solely of styrene with allyl alcohol, of an acetyl value of 175 or more",current,
85044087,Other,current,
48211010,Self-adhesive,current,
12129995,Other,current,
02109939,Other,current,
72192210,"Containing by weight 2,5 % or more of nickel",current,
62023090,"Of a weight, per garment, exceeding 1 kg",current,
72109080,Other,current,
72072039,Forged,current,
85013390,Other,current,
39122011,Collodions and celloidin,current,
16023230,Containing 25 % or more but less than 57 % by weight of poultry meat or offal,current,
85491490,Other,current,
23031011,Exceeding 40 % by weight,current,
50072011,"Unbleached, scoured or bleached",current,
87089191,Of closed-die forged steel,current,
70080020,"Coloured throughout the mass (body tinted), opacified, flashed or having an absorbent or reflecting layer",current,
94054990,Of other materials,current,
71101910,"Bars, rods, wire and sections; plates; sheets and strips of a thickness, excluding any backing, exceeding 0,15 mm",current,
87019110,"Agricultural tractors and forestry tractors, wheeled",current,
59090090,Of other textile materials,current,
29096010,Acetals and hemiacetals peroxides,current,
84778019,Other,current,
44083970,Small boards for the manufacture of pencils,current,
90015080,Other,current,
84799070,Other,current,
20085061,With a sugar content exceeding 13 % by weight,current,
35040010,Concentrated milk proteins specified in additional note 1 to this chapter,current,
20099031,Of a value not exceeding € 18 per 100 kg net weight and with an added sugar content exceeding 30 % by weight,current,
89040099,Other,current,
20089716,Of tropical fruit (including mixtures containing by weight 50 % or more of tropical nuts and tropical fruit),current,
39209921,"Polyimide foil and strip, uncoated, or coated or covered solely with plastic",current,
83014019,Other,current,
84563090,Other,current,
29054411,"Containing 2 % or less by weight of D-mannitol, calculated on the D-glucitol content",current,
38030090,Other,current,
85011010,Synchronous motors of an output not exceeding 18 W,current,
46019205,"Plaits and similar products of plaiting materials, whether or not assembled into strips",current,
88010090,Other,current,
72125040,Plated or coated with copper,current,
44079610,"Planed; end-jointed, whether or not planed or sanded",current,
03035330,Sardines of the genus Sardinops; sardinella (Sardinella spp.),current,
39079905,Thermoplastic liquid crystal aromatic polyester copolymers,current,
29161940,Crotonic acid,current,
20091191,Of a value not exceeding € 30 per 100 kg net weight and with an added sugar content exceeding 30 % by weight,current,
51072099,Other,current,
04051090,Other,current,
03049310,Surimi,current,
55159130,Printed,current,
72109040,Tinned and printed,current,
44071110,"End-jointed, whether or not planed or sanded",current,
20085079,Other,current,
72269970,Other,current,
84295290,Other,current,
84803090,Other,current,
38140090,Other,current,
62013090,"Of a weight, per garment, exceeding 1 kg",current,
73102910,"With a wall thickness of less than 0,5 mm",current,
84238180,Other,current,
81129289,Gallium,current,
63051090,Other,current,
48103290,Other,current,
02072660,Drumsticks and cuts of drumsticks,current,
38089910,Rodenticides,current,
03049999,Other,current,
76109090,Other,current,
95030049,Other,current,
85030091,Of cast iron or cast steel,current,
84238123,Machinery for weighing and labelling pre-packaged goods,current,
15132130,In immediate packings of a net content not exceeding 1 kg,current,
73063012,Cold-drawn or cold-rolled (cold-reduced),current,
12119086,Other,current,
84831025,Of open-die forged steel,current,
03074230,"Squid (Ommastrephes spp., Nototodarus spp., Sepioteuthis spp.)",current,
73269060,"Non-mechanical ventilators, guttering, hooks and like articles used in the building industry",current,
72085310,"Rolled on four faces or in a closed box pass, of a width not exceeding 1250 mm and of a thickness of 4 mm or more",current,
46019490,Other,current,
85491920,Spent electric accumulators,current,
56074911,Plaited or braided,current,
62033210,Industrial and occupational,current,
94019910,Of seats of a kind used for aircraft,current,
03054910,Lesser or Greenland halibut (Reinhardtius hippoglossoides),current,
94031058,Other,current,
38249925,"Pyrolignites (for example, of calcium); crude calcium tartrate; crude calcium citrate",current,
90292090,Stroboscopes,current,
87042299,Used,current,
84561190,Other,current,
72071210,Rolled or obtained by continuous casting,current,
84642080,Other,current,
76011090,Other,current,
41053090,Other,current,
64029931,With sole and heel combined having a height of more than 3 cm,current,
94031091,"Cupboards with doors, shutters or flaps",current,
48026180,Other,current,
48051910,Wellenstoff,current,
82121090,Other,current,
85192099,Other,current,
85287280,Other,current,
07049010,White cabbages and red cabbages,current,
84148051,Not exceeding 120 m3,current,
84112220,Of a power exceeding 1100 kW but not exceeding 3730 kW,current,
89040010,Tugs,current,
72193590,"Containing by weight less than 2,5 % of nickel",current,
15119011,In immediate packings of a net content not exceeding 1 kg,current,
84589120,Turning centres,current,
44072985,Sanded,current,
34025010,Surface-active preparations,current,
87038090,Used,current,
08061090,Other,current,
08061010,Table grapes,current,
39219049,Other,current,
85235990,Other,current,
90191010,Electrical vibratory-massage apparatus,current,
72253090,Other,current,
82055980,Other,current,
27079999,Other,current,
39181090,Other,current,
84775910,Presses,current,
84614090,Other,current,
87045291,New,current,
59032010,Impregnated,current,
22042291,Other,current,
85363090,For a current exceeding 125 A,current,
84232090,Other,current,
74081910,"Of which the maximum cross-sectional dimension exceeds 0,5 mm",current,
37023191,"Colour negative film: – of a width of 75 mm or more but not exceeding 105 mm, – of a length of 100 m or more for the manufacture of instant-picture film-packs",current,
84615090,Cutting-off machines,current,
35022010,"Unfit, or to be rendered unfit, for human consumption",current,
64039193,Footwear which cannot be identified as men's or women's footwear,current,
70080081,"Consisting of two panels of glass sealed around the edges by an airtight joint and separated by a layer of air, other gases or a vacuum",current,
72024990,"Containing by weight more than 0,5 % but not more than 4 % of carbon",current,
29331190,Other,current,
35040090,Other,current,
15089090,Other,current,
20096990,Other,current,
84079080,Of a power not exceeding 10 kW,current,
03055985,Other,current,
38012090,Other,current,
63053219,Other,current,
94049010,Filled with feathers or down,current,
35079030,Lipoprotein lipase; aspergillus alkaline protease,current,
17011310,For refining,current,
20081196,Roasted,current,
02109990,Edible flours and meals of meat or meat offal,current,
29061390,Inositols,current,
84821090,Other,current,
84248940,"Mechanical appliances for projecting, dispersing, or spraying of a kind used solely or principally for the manufacture of printed circuits or printed circuit assemblies",current,
92029030,Guitars,current,
59039010,Impregnated,current,
44129910,Containing at least one layer of particle board,current,
28431090,Other,current,
20086050,Exceeding 1 kg,current,
87012410,New,current,
20089796,Other,current,
38089311,Based on phenoxy-phytohormones,current,
11042955,Of rye,current,
84879090,Other,current,
84717098,Other,current,
42021110,"Executive-cases, briefcases, school satchels and similar containers",current,
51072030,Other,current,
64029996,For men,current,
92099950,Mechanisms for musical boxes,current,
61159699,Other,current,
84322930,Harrows,current,
72091710,Electrical,current,
90181990,Other,current,
72092710,Electrical,current,
12092945,"Timothy grass seed; vetch seed; seeds of the genus Poa (Poa palustris L., Poa trivialis L.); cocksfoot grass (Dactylis glomerata L.); bent grass (Agrostis)",current,
84081031,"For seagoing vessels of headings 8901 to 8906, tugs of subheading 89040010 and warships of subheading 89061000",current,
02071210,"Plucked and drawn, without heads and feet but with necks, hearts, livers and gizzards, known as 70 % chickens",current,
22043092,Concentrated,current,
44079927,"Planed; end-jointed, whether or not planed or sanded",current,
85015290,Of an output exceeding 37 kW but not exceeding 75 kW,current,
84775980,Other,current,
15159060,For technical or industrial uses other than the manufacture of foodstuffs for human consumption,current,
85364110,For a current not exceeding 2 A,current,
22086091,2 litres or less,current,
76012030,Slabs,current,
73071110,Of a kind used in pressure systems,current,
73269050,"Reels for cables, piping and the like",current,
04029130,"Of a fat content, by weight, exceeding 8 % but not exceeding 10 %",current,
70109061,"0,25 l or more",current,
22042281,White,current,
73181575,Of stainless steel,current,
85143290,Other,current,
03034599,Other,current,
43021975,"Of lamb, the following: Astrakhan, Broadtail, Caracul, Persian and similar lamb, Indian, Chinese, Mongolian or Tibetan lamb",current,
04101091,Flours and meals,current,
29181930,"Cholic acid, 3-α,12-α-dihydroxy-5-β-cholan-24-oic acid (deoxycholic acid), their salts and esters",current,
84137051,Monobloc,current,
01022949,Other,current,
16041428,Other,current,
70031210,Of optical glass,current,
87038010,New,current,
85353090,Other,current,
39122019,Other,current,
55051050,Acrylic or modacrylic,current,
90262020,Electronic,current,
03055190,"Dried, salted",current,
70196990,Other,current,
53089012,"Measuring 277,8 decitex or more (not exceeding 36 metric number)",current,
73181210,Of stainless steel,current,
42050019,Other,current,
29334910,Halogen derivatives of quinoline; quinolinecarboxylic acid derivatives,current,
52083216,Not exceeding 165 cm,current,
61109090,Of other textile materials,current,
74040099,Other,current,
44111210,Not mechanically worked or surface covered (raw board),current,
84081099,Other,current,
03048815,Porbeagle shark (Lamna nasus),current,
62046239,Other,current,
94054131,Of plastics,current,
39209928,Other,current,
62114390,Other,current,
32081010,Solutions as defined in note 4 to this chapter,current,
84082099,Exceeding 200 kW,current,
44039590,Other,current,
52083299,Exceeding 165 cm,current,
55081010,Not put up for retail sale,current,
29209010,"Sulphuric esters and carbonic esters and their salts, and their halogenated, sulphonated, nitrated or nitrosated derivatives",current,
39207380,Other,current,
38151990,Other,current,
03034190,Other,current,
03047990,Other,current,
62043919,Other,current,
27109110,Containing polychlorinated biphenyls (PCBs) at a concentration level of 50 mg/kg or more,current,
20092999,Other,current,
84581149,Multi-spindle,current,
64035939,For women,current,
03047910,Polar cod (Boreogadus saida),current,
33012979,Of lavender or of lavandin,current,
33019090,Other,current,
28431010,Silver,current,
03034490,Other,current,
02045055,Chines and/or best ends,current,
72112330,"Of a thickness of 0,35 mm or more",current,
20098934,Juices of tropical fruit,current,
46012910,Of plaits or similar products of plaiting materials,current,
03053211,Cod of the species Gadus macrocephalus,current,
08135031,Of tropical nuts,current,
72189920,Rolled or obtained by continuous casting,current,
07099290,Other,current,
23069005,Of maize (corn) germ,current,
87021011,New,current,
28259019,Other,current,
72221189,"Less than 2,5 % of nickel",current,
84219990,Other,current,
79011290,"Containing by weight 97,5 % or more but less than 98,5 % of zinc",current,
41041190,Other,current,
38249965,Auxiliary products for foundries (other than those of subheading 38241000),current,
85168020,Assembled with an insulated former,current,
48059380,Other,current,
82159990,Other,current,
39172110,"Seamless and of a length exceeding the maximum cross-sectional dimension, whether or not surface-worked, but not otherwise worked",current,
68029310,"Polished, decorated or otherwise worked, but not carved, of a net weight of 10 kg or more",current,
22060039,Other,current,
22089019,More than 2 litres,current,
85361010,For a current not exceeding 10 A,current,
85312095,Other,current,
70133751,Cut or otherwise decorated,current,
39211310,Flexible,current,
95069190,Other,current,
32030090,Colouring matter of animal origin and preparations based thereon,current,
26190020,Waste suitable for the recovery of iron or manganese,current,
29093035,"1,2-Bis(2,4,6-tribromophenoxy)ethane, for the manufacture of acrylonitrile-butadiene-styrene (ABS)",current,
56039420,"Carrier sheet, of polyester, specified in additional note 1 to this chapter",current,
28261990,Other,current,
22087090,In containers holding more than 2 litres,current,
84839089,Other,current,
44034935,Okoumé and sipo,current,
90283090,Other,current,
39219030,Of phenolic resins,current,
73121061,Not coated,current,
56060010,Loop wale-yarn,current,
52085990,Other,current,
92021090,Other,current,
08119050,Fruit of the species Vaccinium myrtillus,current,
29211950,Diethylamine and its salts,current,
84589180,Other,current,
73110011,Less than 20 l,current,
38170050,Linear alkylbenzenes,current,
04041004,"Exceeding 1,5 % but not exceeding 27 %",current,
73269096,Sintered,current,
85459010,Heating resistors,current,
72279010,"Containing by weight 0,0008 % or more of boron with any other element less than the minimum content referred to in note 1(f) to this chapter",current,
84143020,"Of a power not exceeding 0,4 kW",current,
85043180,Other,current,
55159110,Unbleached or bleached,current,
22083082,2 litres or less,current,
84129060,Wind turbine blades,current,
85444993,For a voltage not exceeding 80 V,current,
02044250,Legs,current,
90292031,Speed indicators for vehicles,current,
87089435,"Steering wheels, steering columns and steering boxes",current,
44119290,Other,current,
85022020,"Of an output not exceeding 7,5 kVA",current,
51021910,Of angora rabbit,current,
20093919,Other,current,
83014090,Other locks,current,
29331910,Phenylbutazone (INN),current,
29156019,Other,current,
08039019,Other,current,
84148075,Screw compressors,current,
27101947,"With a sulphur content exceeding 0,002 % by weight but not exceeding 0,1 % by weight",current,
06029047,Conifers and evergreens,current,
72173041,Copper-coated,current,
20086070,"Of 4,5 kg or more",current,
72255080,Other,current,
72221111,"2,5 % or more of nickel",current,
03063510,Fresh or chilled,current,
84213985,Other,current,
07019050,"New, from 1 January to 30 June",current,
54076130,Dyed,current,
70080089,Other,current,
72072017,"0,6 % or more of carbon",current,
87087099,Other,current,
85011099,DC motors,current,
85166010,Cookers (incorporating at least an oven and a hob),current,
20083019,Other,current,
84289071,Designed for attachment to agricultural tractors,current,
32089099,Based on chemically modified natural polymers,current,
72092810,Electrical,current,
84073499,Exceeding 1500 cm3,current,
84143081,Hermetic or semi-hermetic,current,
87032290,Used,current,
85491420,Spent electric accumulators,current,
87149990,Other; parts,current,
73269040,Pallets and similar platforms for handling goods,current,
41015090,Other,current,
63079091,Of felt,current,
87033290,Used,current,
44032590,Other,current,
54049010,Of polypropylene,current,
63041910,Of cotton,current,
83014011,Cylinder,current,
84172090,Other,current,
55082090,Put up for retail sale,current,
72179050,"Containing by weight 0,25 % or more but less than 0,6 % of carbon",current,
87036090,Used,current,
52082296,Not exceeding 165 cm,current,
72255020,Of high-speed steel,current,
84269190,Other,current,
46012990,Other,current,
72139141,"Containing by weight 0,06 % or less of carbon",current,
90131090,Other,current,
39169010,"Of condensation or rearrangement polymerisation products, whether or not chemically modified",current,
04039039,Exceeding 27 %,current,
73042930,"Of an external diameter exceeding 168,3 mm but not exceeding 406,4 mm",current,
02091090,"Pig fat, other than that of subheading 02091011 or 02091019",current,
72092690,Other,current,
03044910,Freshwater fish,current,
56039110,Coated or covered,current,
29322010,"Phenolphthalein; 1-hydroxy-4-[1-(4-hydroxy-3-methoxycarbonyl-1-naphthyl)-3-oxo-1H,3H-benzo[de]isochromen-1-yl]-6-octadecyloxy-2-naphthoic acid; 3′-chloro-6′-cyclohexylaminospiro[isobenzofuran-1(3H),9′-xanthen]-3-one; 6′-(N-ethyl-p-toluidino)-2′-methylspiro[isobenzofuran-1(3H),9′-xanthen]-3-one; methyl-6-docosyloxy-1-hydroxy-4-[1-(4-hydroxy-3-methyl-1-phenanthryl)-3-oxo-1H,3H-naphtho[1,8-cd]pyran-1-yl]naphthalene-2-carboxylate",current,
39235090,Other,current,
03019490,Pacific bluefin tuna (Thunnus orientalis),current,
10063065,Of a length/width ratio greater than 2 but less than 3,current,
71162080,Other,current,
87089499,Other,current,
61113010,"Gloves, mittens and mitts",current,
70071980,Other,current,
39207910,Of vulcanised fibre,current,
48030039,More than 25 g/m2,current,
02062991,Thick skirt and thin skirt,current,
85363030,For a current exceeding 16 A but not exceeding 125 A,current,
15122190,Other,current,
70049010,Optical glass,current,
29053920,"Butane-1,3-diol",current,
84111210,Of a thrust exceeding 25 kN but not exceeding 44 kN,current,
08119039,Other,current,
59039091,"With cellulose derivatives or other plastics, with the fabric forming the right side",current,
39119099,Other,current,
85423390,Other,current,
22051010,Of an actual alcoholic strength by volume of 18 % vol or less,current,
16023921,Uncooked,current,
62114331,With an outer shell of a single identical fabric,current,
87120070,Other,current,
72029930,Ferro-silico-magnesium,current,
11071099,Other,current,
57019010,"Of silk, of waste silk other than noil, of synthetic fibres, of yarn of heading 5605 or of textile materials containing metal threads",current,
84213925,Machinery and apparatus for filtering or purifying air,current,
29171910,"Malonic acid, its salts and esters",current,
01023910,Domestic species,current,
84812010,Valves for the control of oleohydraulic power transmission,current,
62059010,Of flax or ramie,current,
55151190,Other,current,
84440090,Other,current,
38249980,"Mixture of amines derived from dimerised fatty acids, of an average molecular weight of 520 or more but not exceeding 550",current,
03049929,Redfish (Sebastes spp.),current,
61052010,Of synthetic fibres,current,
01023990,Other,current,
48219010,Self-adhesive,current,
29309030,DL-2-hydroxy-4-(methylthio)butyric acid,current,
52081216,Not exceeding 165 cm,current,
62113210,Industrial and occupational clothing,current,
90183110,Of plastics,current,
64042090,Other,current,
28042990,Other,current,
87012390,Used,current,
73021040,Grooved rails,current,
57025010,Of wool or fine animal hair,current,
90289010,For electricity meters,current,
06029099,Other,current,
61123990,Other,current,
59039099,Other,current,
63029910,Of flax,current,
85162910,Liquid-filled radiators,current,
04061080,Other,current,
85423231,With a storage capacity not exceeding 512 Mbits,current,
95030070,"Other toys, put up in sets or outfits",current,
62046990,Of other textile materials,current,
72249005,"Containing by weight not more than 0,7 % of carbon, 0,5 % or more but not more than 1,2 % of manganese and 0,6 % or more but not more than 2,3 % of silicon; containing by weight 0,0008 % or more of boron with any other element less than the minimum content referred to in note 1(f) to this chapter",current,
72224090,Other,current,
61101910,Men's or boys',current,
84178070,Other,current,
81061090,Other,current,
20083011,"Of an actual alcoholic strength by mass not exceeding 11,85 % mas",current,
29315910,Methylphosphonoyl difluoride (methylphosphonic difluoride),current,
39211390,Other,current,
48237010,Moulded trays and boxes for packing eggs,current,
57029210,Of polypropylene,current,
70109021,Made from tubing of glass,current,
62046259,Other,current,
95030085,Die-cast miniature models of metal,current,
87082110,For the industrial assembly of: Vehicles of heading 8703; Vehicles of heading 8704 with either a compression-ignition internal combustion piston engine (diesel or semi-diesel) of a cylinder capacity not exceeding 2500 cm3 or with a spark-ignition internal combustion piston engine of a cylinder capacity not exceeding 2800 cm3; Vehicles of heading 8705,current,
03034920,For the industrial manufacture of products of heading 1604,current,
84314920,Of cast iron or cast steel,current,
90261081,Flow meters,current,
38159010,Catalyst consisting of ethyltriphenylphosphonium acetate in the form of a solution in methanol,current,
29342080,Other,current,
85235110,Unrecorded,current,
52081110,"Fabrics for the manufacture of bandages, dressings and medical gauzes",current,
02101190,Other,current,
54082290,Other,current,
72085120,Of a thickness exceeding 15 mm,current,
29157050,Stearic acid and its salts and esters,current,
82079078,Other,current,
87091190,Other,current,
85049011,Ferrite cores,current,
20099095,Mixtures of juices of tropical fruit,current,
34031910,Containing 70 % or more by weight of petroleum oils or of oils obtained from bituminous minerals but not as the basic constituent,current,
85269120,Radio navigational receivers,current,
56039480,Other,current,
85159020,Of wave soldering machines of subheading 85151910,current,
85423211,Multi-component integrated circuits (MCOs),current,
03074210,"Cuttle fish (Sepia officinalis, Rossia macrosoma, Sepiola spp.)",current,
84621990,Other,current,
51082010,Unbleached,current,
70060010,Optical glass,current,
72224050,Not further worked than cold-formed or cold-finished,current,
84272011,"Fork-lift and other stacking trucks, for rough terrain",current,
87163930,Semi-trailers,current,
96140090,Other,current,
84859090,Other,current,
90189010,Instruments and apparatus for measuring blood-pressure,current,
84162080,Other,current,
27101991,"Metal-working compounds, mould-release oils, anti-corrosion oils",current,
39169050,Of addition polymerisation products,current,
04049083,"Exceeding 1,5 % but not exceeding 27 %",current,
96190030,Of wadding of textile materials,current,
85423190,Other,current,
27101944,Other,current,
96190071,Sanitary towels (pads),current,
44129199,Other,current,
89011090,Other,current,
73064020,Cold-drawn or cold-rolled (cold-reduced),current,
04059010,"Of a fat content, by weight, of 99,3 % or more and of a water content, by weight, not exceeding 0,5 %",current,
87169090,Other parts,current,
85071080,Other,current,
02101111,Hams and cuts thereof,current,
15180091,"Animal, vegetable or microbial fats and oils and their fractions, boiled, oxidised, dehydrated, sulphurised, blown, polymerised by heat in vacuum or in inert gas or otherwise chemically modified, excluding those of heading 1516",current,
84232010,Using electronic means for gauging weight,current,
59069910,Fabrics mentioned in note 5(c) to this chapter,current,
87033211,Motor caravans,current,
73072390,Other,current,
85369095,Other,current,
62114242,Lower parts,current,
84553031,Hot-rolling work-rolls; hot-rolling and cold-rolling back-up rolls,current,
72029980,Other,current,
73181631,Blind rivet nuts,current,
08093020,Flat peaches (Prunus persica var. platycarpa) and flat nectarines (Prunus persica var. platerina),current,
87116090,Other,current,
62032310,Industrial and occupational,current,
84669350,For machines of subheading 84565000,current,
29051410,2-Methylpropan-2-ol (tert-butyl alcohol),current,
87112010,Scooters,current,
84219910,Parts of machinery and apparatus of subheadings 84212920 or 84213915,current,
01012910,For slaughter,current,
39207990,Other,current,
84137035,Not exceeding 15 mm,current,
94056980,Of other materials,current,
63014090,Other,current,
21013099,Other,current,
82076050,Other,current,
84129020,Of reaction engines other than turbojets,current,
73181699,Exceeding 12 mm,current,
19023090,Other,current,
22060031,Cider and perry,current,
72221990,"Containing by weight less than 2,5 % of nickel",current,
85015220,"Of an output exceeding 750 W but not exceeding 7,5 kW",current,
85141910,Bakery and biscuit ovens,current,
93063030,For military weapons,current,
19024090,Other,current,
44072899,Other,current,
20085092,Of 5 kg or more,current,
58109990,Other,current,
38091030,Containing by weight 55 % or more but less than 70 % of such substances,current,
22029991,"Less than 0,2 %",current,
17022090,Other,current,
19022030,"Containing more than 20 % by weight of sausages and the like, of meat and meat offal of any kind, including fats of any kind or origin",current,
52121410,Mixed mainly or solely with flax,current,
96034010,"Paint, distemper, varnish or similar brushes",current,
22043096,Concentrated,current,
85162950,Convection heaters,current,
84732110,Electronic assemblies,current,
23099039,Containing not less than 75 % by weight of milk products,current,
20099051,Containing added sugar,current,
39191015,Of polypropylene,current,
85176930,Reception apparatus for radio-telephony or radio-telegraphy,current,
44152020,Flat pallets; pallet collars,current,
37079090,Other,current,
64035935,For men,current,
32019090,Other,current,
29309050,"Mixture of isomers consisting of 4-methyl-2,6-bis(methylthio)-m-phenylenediamine and 2-methyl-4,6-bis(methylthio)-m-phenylenediamine",current,
82071990,Other,current,
64039105,"Made on a base or platform of wood, not having an inner sole",current,
20089794,Of tropical fruit (including mixtures containing by weight 50 % or more of tropical nuts and tropical fruit),current,
57011010,Containing a total of more than 10 % by weight of silk or of waste silk other than noil,current,
72071116,Of a thickness exceeding 130 mm,current,
01022941,For slaughter,current,
03047110,Cod of the species Gadus macrocephalus,current,
85068005,"Dry zinc-carbon batteries of a voltage of 5,5 V or more but not exceeding 6,5 V",current,
72299090,Other,current,
20079130,With a sugar content exceeding 13 % but not exceeding 30 % by weight,current,
72022910,Containing by weight 4 % or more but not more than 10 % of magnesium,current,
20079993,Of tropical fruit and tropical nuts,current,
37061020,Consisting only of soundtrack; negatives; intermediate positives,current,
68129910,Fabricated asbestos fibres; mixtures with a basis of asbestos or with a basis of asbestos and magnesium carbonate,current,
64029190,Other,current,
84122981,Hydraulic fluid power motors,current,
89033310,Seagoing,current,
02031190,Other,current,
03069990,Other,current,
62043390,Other,current,
38160010,Dolomite ramming mix,current,
44212010,Of fibreboard,current,
61119011,"Gloves, mittens and mitts",current,
82151080,Other,current,
20083059,Other,current,
74072190,Profiles,current,
94044010,Filled with feathers or down,current,
84672191,Electropneumatic,current,
29053930,"2,4,7,9-Tetramethyldec-5-yne-4,7-diol",current,
84614031,Numerically controlled,current,
59113219,Other,current,
63053290,Other,current,
86069110,Specially designed for the transport of highly radioactive materials (Euratom),current,
48201050,Diaries,current,
35051050,"Starches, esterified or etherified",current,
84135061,Hydraulic fluid power,current,
12099910,Forest-tree seeds,current,
61069090,Of other textile materials,current,
72071190,Forged,current,
29036911,Dibromomethane,current,
35052050,"Containing, by weight, 55 % or more but less than 80 % of starches or dextrins or other modified starches",current,
72299020,Of high-speed steel,current,
29052910,Allyl alcohol,current,
08111019,Other,current,
84431970,Other,current,
26122010,"Monazite; urano-thorianite and other thorium ores and concentrates, with a thorium content of more than 20 % by weight (Euratom)",current,
04081989,"Other, including frozen",current,
03074325,Other,current,
84238281,Check weighers and automatic control machines operating by reference to a pre-determined weight,current,
84621110,Numerically controlled,current,
72024190,Containing by weight more than 6 % of carbon,current,
03019190,Other,current,
73102199,"0,5 mm or more",current,
61103010,"Lightweight fine knit roll, polo or turtleneck jumpers and pullovers",current,
29314910,Sodium 3-(trihydroxysilyl)propyl methylphosphonate,current,
41044119,Other,current,
04041002,"Not exceeding 1,5 %",current,
85059029,Other,current,
84419090,Other,current,
48041919,175 g or more,current,
82077037,Other,current,
69039090,Other,current,
20089921,With a sugar content exceeding 13 % by weight,current,
61023090,"Anoraks (including ski jackets), windcheaters, wind-jackets and similar articles",current,
85030020,"Steel laminations and stator and rotor cores, whether or not stacked",current,
72139149,"Containing by weight more than 0,06 % but less than 0,25 % of carbon",current,
73102119,Cans of a kind used for preserving drink,current,
33012510,Not deterpenated,current,
48041115,Weighing 150 g/m2 or more but less than 175 g/m2,current,
02101131,Hams and cuts thereof,current,
16041997,Other,current,
87149210,Rims,current,
39011090,Other,current,
87091910,Specially designed for the transport of highly radioactive materials (Euratom),current,
20083075,"Mandarins (including tangerines and satsumas); clementines, wilkings and other similar citrus hybrids",current,
63053211,Knitted or crocheted,current,
41041110,"Whole bovine (including buffalo) hides and skins, of a unit surface area not exceeding 28 square feet (2,6 m2)",current,
73090010,For gases (other than compressed or liquefied gas),current,
82029920,For working metal,current,
29038910,"1,2-Dibromo-4-(1,2-dibromoethyl)cyclohexane; tetrabromocyclooctanes",current,
56081990,Other,current,
22042983,White,current,
84229010,Of dishwashing machines,current,
31059020,With a nitrogen content exceeding 10 % by weight on the dry anhydrous product,current,
85480030,"Light-emitting diode (LED) backlight modules, which are lighting sources that consist of one or more LEDs, and one or more connectors and are mounted on a printed circuit or other similar substrate, and other passive components, whether or not combined with optical components or protective diodes, and used as backlight illumination for liquid crystal displays (LCDs)",current,
38070090,Other,current,
85291095,Other,current,
90229020,Parts and accessories of apparatus based on the use of X-rays,current,
33012991,Other,current,
03063310,Crabs of the species Cancer pagurus,current,
56074990,Measuring 50000 decitex (5 g/m) or less,current,
84112280,Of a power exceeding 3730 kW,current,
90049090,Other,current,
90192090,"Other, including parts and accessories",current,
87033390,Used,current,
16041319,Other,current,
85166070,Grillers and roasters,current,
44092999,Other,current,
84212980,Other,current,
61113090,Other,current,
16055390,Other,current,
62043911,Industrial and occupational,current,
84798997,Other,current,
84198180,Other,current,
76061293,Not less than 3 mm but less than 6 mm,current,
29173920,"Ester or anhydride of tetrabromophthalic acid; benzene-1,2,4-tricarboxylic acid; isophthaloyl dichloride, containing by weight 0,8 % or less of terephthaloyl dichloride; naphthalene-1,4,5,8-tetracarboxylic acid; tetrachlorophthalic anhydride; sodium 3,5-bis(methoxycarbonyl)benzenesulphonate",current,
88062110,"Multi rotors, equipped with permanently integrated apparatus of subheading 852589 for capturing and recording video and still images",current,
84081059,Other,current,
72015010,"Alloy pig iron containing by weight not less than 0,3 % but not more than 1 % of titanium and not less than 0,5 % but not more than 1 % of vanadium",current,
27101942,Having a bio-based carbon content of at least 80 % by weight,current,
81089060,Tubes and pipes,current,
95061180,Other skis,current,
73079391,Elbows and bends,current,
44187390,Other,current,
74040091,Of copper-zinc base alloys (brass),current,
94059110,Articles for electrical lighting fittings (excluding searchlights and spotlights),current,
85437003,Cordless infrared remote control devices for video game consoles,current,
37040010,Plates and film,current,
72163310,Of a height of 80 mm or more but not exceeding 180 mm,current,
73021022,Of a weight per metre of 36 kg or more,current,
44182110,Of tropical wood specified in additional note 2 to this chapter,current,
62079910,Of man-made fibres,current,
64042010,Slippers and other indoor footwear,current,
85444210,Of a kind used for telecommunications,current,
10071090,Other,current,
52010090,Other,current,
03074240,European flying squid (Todarodes sagittatus),current,
73079210,Sleeves,current,
62121090,Other,current,
87043191,New,current,
03021120,"Of the species Oncorhynchus mykiss, with heads and gills on, gutted, weighing more than 1,2 kg each, or with heads off, gilled and gutted, weighing more than 1 kg each",current,
64029991,Of less than 24 cm,current,
72171039,Other,current,
87059080,Other,current,
68030090,Other,current,
62046318,Other,current,
84561290,Other,current,
95061129,Other,current,
62113242,Lower parts,current,
48043980,Other,current,
84799020,Of cast iron or cast steel,current,
03047190,Other,current,
95051010,Of glass,current,
89012090,Other,current,
38089315,Based on amides,current,
84129040,Of hydraulic power engines and motors,current,
84818069,Other,current,
20084071,With a sugar content exceeding 15 % by weight,current,
31023090,Other,current,
73063041,Plated or coated with zinc,current,
84835080,Other,current,
85437002,Microwave amplifiers,current,
03021180,Other,current,
46012110,Of plaits or similar products of plaiting materials,current,
20087011,"Of an actual alcoholic strength by mass not exceeding 11,85 % mas",current,
87161092,Of a weight not exceeding 1600 kg,current,
87149110,Frames,current,
82152010,Of stainless steel,current,
55151290,Other,current,
44129210,Containing at least one layer of particle board,current,
84198930,Vacuum-vapour plant for the deposition of metal,current,
29034910,"Other pentafluoropropanes, hexafluoropropanes and heptafluoropropanes",current,
29332910,Naphazoline hydrochloride (INNM) and naphazoline nitrate (INNM); phentolamine (INN); tolazoline hydrochloride (INNM),current,
89033390,Other,current,
89039999,Other,current,
84543010,For casting under pressure,current,
73063072,Plated or coated with zinc,current,
73066910,Of stainless steel,current,
44014990,Other,current,
84073210,Of a cylinder capacity exceeding 50 cm3 but not exceeding 125 cm3,current,
64035911,With sole and heel combined having a height of more than 3 cm,current,
52122510,Mixed mainly or solely with flax,current,
28259011,"Calcium hydroxide of a purity of 98 % or more calculated on the dry weight, in the form of particles of which: – not more than 1 % by weight have a particle-size exceeding 75 micrometres, – not more than 4 % by weight have a particle-size of less than 1,3 micrometres",current,
44123190,Other,current,
90183210,Tubular metal needles,current,
84834090,Other,current,
31021090,Other,current,
04022111,"In immediate packings of a net content not exceeding 2,5 kg",current,
79011210,"Containing by weight 99,95 % or more but less than 99,99 % of zinc",current,
03069290,Other,current,
64062090,Of plastics,current,
87163950,Other,current,
03063390,Other,current,
84798960,Central greasing systems,current,
84431334,Exceeding 53 × 75 cm but not exceeding 75 × 107 cm,current,
84485110,Sinkers,current,
64039936,For men,current,
84669340,"Parts and accessories of machines of subheadings 84561110, 84561210, 845620, 845630, 845710, 845891, 84592100, 845961 or 846150 of a kind used solely or principally for the manufacture of printed circuits, printed circuit assemblies, parts of heading 8517, or parts of automatic data processing machines",current,
20089734,Other,current,
04069050,"Cheese of sheep's milk or buffalo milk in containers containing brine, or in sheepskin or goatskin bottles",current,
74072110,Bars and rods,current,
81039990,Other,current,
27101999,Other lubricating oils and other oils,current,
22085099,More than 2 litres,current,
84295199,Other,current,
84716070,Other,current,
32064910,Magnetite,current,
90109020,Of apparatus and equipment of subheadings 90105000 or 90106000,current,
02072610,Boneless,current,
48201030,"Notebooks, letter pads and memorandum pads",current,
62034290,Other,current,
39202080,"Of a thickness exceeding 0,10 mm",current,
20083051,"Grapefruit segments, including pomelos",current,
84717070,Other,current,
15159011,Tung oil; jojoba and oiticica oils; myrtle wax and Japan wax; their fractions,current,
76082081,Not further worked than extruded,current,
39129090,Other,current,
15141990,Other,current,
08119080,Other,current,
04049089,Exceeding 27 %,current,
07108059,Other,current,
85235910,Unrecorded,current,
03019110,Of the species Oncorhynchus apache or Oncorhynchus chrysogaster,current,
87032311,Motor caravans,current,
84626210,Numerically controlled,current,
32082090,Other,current,
57033910,"Tiles, having a maximum surface area of 1 m2",current,
86079190,Other,current,
70181059,Other,current,
10061090,Other,current,
02074491,"Livers, other than fatty livers",current,
89032310,Seagoing,current,
44101290,Other,current,
71081310,"Bars, rods, wire and sections; plates; sheets and strips of a thickness, excluding any backing, exceeding 0,15 mm",current,
84671190,Other,current,
61021010,"Overcoats, car coats, capes, cloaks and similar articles",current,
84089047,Exceeding 50 kW but not exceeding 100 kW,current,
56021031,Of wool or fine animal hair,current,
16041519,Other,current,
88079030,Of suborbital and spacecraft launch vehicles,current,
23099053,Containing not less than 10 % but less than 50 % by weight of milk products,current,
84137021,Single-stage,current,
72172030,"With a maximum cross-sectional dimension of 0,8 mm or more",current,
72285061,80 mm or more,current,
20096919,Other,current,
39045010,"Copolymer of vinylidene chloride with acrylonitrile, in the form of expansible beads of a diameter of 4 micrometres or more but not more than 20 micrometres",current,
90289090,Other,current,
87089910,For the industrial assembly of: Pedestrian-controlled tractors of subheading 870110; Vehicles of heading 8703; Vehicles of heading 8704 with either a compression-ignition internal combustion piston engine (diesel or semi-diesel) of a cylinder capacity not exceeding 2500 cm3 or with a spark-ignition internal combustion piston engine of a cylinder capacity not exceeding 2800 cm3; Vehicles of heading 8705,current,
13022090,Other,current,
16023219,Other,current,
90138040,"Passive optical splitters, not containing any electrical or electronic elements, for telecommunications",current,
84613090,Other,current,
15079090,Other,current,
39269097,Other,current,
84604010,Numerically controlled,current,
04039031,"Not exceeding 1,5 %",current,
52121310,Mixed mainly or solely with flax,current,
94052190,Of other materials,current,
35052030,"Containing, by weight, 25 % or more but less than 55 % of starches or dextrins or other modified starches",current,
03024990,Other,current,
23099031,Containing no milk products or containing less than 10 % by weight of such products,current,
85153990,Other,current,
44079791,Sanded,current,
23091059,Containing not less than 50 % by weight of milk products,current,
84148019,Multi-stage,current,
44151090,Cable-drums,current,
84732990,Other,current,
55051030,Of polyesters,current,
21021090,Other,current,
42021250,Of moulded plastic material,current,
03061910,Freshwater crayfish,current,
89019010,Seagoing,current,
22042998,Other,current,
61069030,Of silk or silk waste,current,
54012010,Not put up for retail sale,current,
03054930,"Mackerel (Scomber scombrus, Scomber australasicus, Scomber japonicus)",current,
84178050,"Ovens and furnaces for firing cement, glass or chemical products",current,
81122190,Other,current,
76129020,Containers of a kind used for aerosols,current,
15149910,For technical or industrial uses other than the manufacture of foodstuffs for human consumption,current,
20098199,Other,current,
85071020,Working with liquid electrolyte,current,
57032910,"Tiles, having a maximum surface area of 1 m2",current,
84109010,Rotors,current,
02031211,Hams and cuts thereof,current,
94052990,Of other materials,current,
17041010,Containing less than 60 % by weight of sucrose (including invert sugar expressed as sucrose),current,
84248970,Other,current,
72282091,"Not further worked than hot-rolled, hot-drawn or extruded; hot-rolled, hot-drawn or extruded, not further worked than clad",current,
54072090,Other,current,
90261021,Flow meters,current,
85365005,"Electronic switches, including temperature protected electronic switches, consisting of a transistor and a logic chip (chip-on-chip technology)",current,
72072052,Rolled or obtained by continuous casting,current,
68062010,Expanded clays,current,
84672110,Capable of operation without an external source of power,current,
75030090,Of nickel alloys,current,
73044989,"Of an external diameter exceeding 406,4 mm",current,
72191490,"Containing by weight less than 2,5 % of nickel",current,
03063550,Other,current,
42022290,Of textile materials,current,
27101948,"With a sulphur content exceeding 0,1 % by weight",current,
61124190,Other,current,
58079090,Other,current,
52122190,Otherwise mixed,current,
73066990,Other,current,
22042981,White,current,
87079090,Other,current,
63023990,Of other textile materials,current,
38249985,"3-(1-Ethyl-1-methylpropyl)isoxazol-5-ylamine, in the form of a solution in toluene",current,
02031219,Shoulders and cuts thereof,current,
88062920,Of an unladen weight exceeding 2 000 kg,current,
04014090,Other,current,
64039905,"Made on a base or platform of wood, not having an inner sole",current,
90138080,Other,current,
72202089,"Less than 2,5 % of nickel",current,
03089050,Frozen,current,
84573090,Other,current,
56081930,Other,current,
55132310,"3-thread or 4-thread twill, including cross twill",current,
82076090,Other,current,
84836080,Other,current,
50079050,Of yarns of different colours,current,
61130010,Of knitted or crocheted fabrics of heading 5906,current,
84879059,Other,current,
29336940,"Methenamine (INN) (hexamethylenetetramine); 2,6-di-tert-butyl-4-[4,6-bis(octylthio)-1,3,5-triazin-2-ylamino]phenol",current,
04064050,Gorgonzola,current,
51021930,"Of alpaca, llama or vicuna",current,
25030090,Other,current,
12060010,For sowing,current,
29397990,Other,current,
11031110,Durum wheat,current,
29333910,Iproniazid (INN); ketobemidone hydrochloride (INNM); pyridostigmine bromide (INN),current,
70169040,"Blocks and bricks, of a kind used for building or construction purposes",current,
41079210,Bovine (including buffalo) leather,current,
06022010,"Vine slips, grafted or rooted",current,
87060011,For vehicles of heading 8702 or 8704,current,
50072059,Dyed,current,
63071090,Other,current,
73079319,Other,current,
90268080,Other,current,
84294090,Tamping machines,current,
62032210,Industrial and occupational,current,
70022010,Of optical glass,current,
39204310,Of a thickness not exceeding 1 mm,current,
72191310,"Containing by weight 2,5 % or more of nickel",current,
39159020,"Of polymers of ethylene terephthalate (for example, PET)",current,
84322910,Scarifiers and cultivators,current,
87043291,New,current,
69022091,"Containing, by weight, more than 7 % but less than 45 % of alumina (Al2O3)",current,
88079021,Of telecommunication satellites,current,
84136080,Other,current,
73021010,"Current-conducting, with parts of non-ferrous metal",current,
12119030,Tonquin beans,current,
84581141,Single spindle,current,
84081079,Other,current,
86072110,Of cast iron or cast steel,current,
84249080,Other,current,
03034591,For the industrial manufacture of products of heading 1604,current,
84811099,Other,current,
92021010,Violins,current,
84209180,Other,current,
29054499,Other,current,
57025039,Other,current,
84081089,Other,current,
70109071,"Exceeding 0,055 l",current,
22042296,Other,current,
07049090,Other,current,
84089045,Exceeding 30 kW but not exceeding 50 kW,current,
03023410,For the industrial manufacture of products of heading 1604,current,
73071990,Other,current,
57023180,Other,current,
48182091,In rolls,current,
57033991,"Tiles, having a maximum surface area of 1 m2",current,
33021021,"Containing no milkfats, sucrose, isoglucose, glucose or starch or containing, by weight, less than 1,5 % milkfat, 5 % sucrose or isoglucose, 5 % glucose or starch",current,
04041048,"Not exceeding 1,5 %",current,
84368010,Forestry machinery,current,
02045051,Carcases and half-carcases,current,
38123990,Other,current,
29336980,Other,current,
03023980,Other,current,
11062090,Other,current,
70196290,Other,current,
44083921,Planed,current,
56060099,Other,current,
39019030,"Ionomer resin consisting of a salt of a terpolymer of ethylene with isobutyl acrylate and methacrylic acid; A-B-A block copolymer of polystyrene, ethylene-butylene copolymer and polystyrene, containing by weight 35 % or less of styrene, in one of the forms mentioned in note 6(b) to this chapter",current,
27101929,Other,current,
72173050,"Containing by weight 0,25 % or more but less than 0,6 % of carbon",current,
84642019,Other,current,
29051620,Octan-2-ol,current,
54011018,Other,current,
73121069,Other,current,
70109047,"Less than 0,15 l",current,
72149939,Less than 80 mm,current,
84109090,Other,current,
84759090,Other,current,
72173049,Other,current,
39206219,Other,current,
85393190,Other,current,
48043951,Bleached uniformly throughout the mass,current,
29359030,"3-{1-[7-(Hexadecylsulphonylamino)-1H-indole-3-yl]-3-oxo-1H,3H-naphtho[1,8-cd]pyran-1-yl}-N,N-dimethyl-1H-indole-7-sulphonamide; metosulam (ISO)",current,
94031098,Other,current,
84818061,Of cast iron,current,
11029090,Other,current,
11031310,"Of a fat content not exceeding 1,5 % by weight",current,
62114290,Other,current,
84145935,Centrifugal fans,current,
85079031,Of plastic film of a thickness not exceeding 40 micrometres,current,
29053928,Other,current,
73181548,Of 800 MPa or more,current,
23031019,Not exceeding 40 % by weight,current,
84729010,"Coin-sorting, coin-counting or coin-wrapping machines",current,
73072290,Elbows and bends,current,
72171031,"Containing indentations, ribs, grooves or other deformations produced during the rolling process",current,
73082090,Other,current,
55151910,Unbleached or bleached,current,
95067090,Parts and accessories,current,
44083930,Other,current,
62041910,Of artificial fibres,current,
85491210,"Spent primary cells, spent primary batteries",current,
16010091,"Sausages, dry or for spreading, uncooked",current,
84431338,Exceeding 75 × 107 cm,current,
61013010,"Overcoats, car coats, capes, cloaks and similar articles",current,
11031190,Common wheat and spelt,current,
62046911,Industrial and occupational,current,
72202021,"2,5 % or more of nickel",current,
41071190,Other,current,
29036919,Other,current,
32089091,Based on synthetic polymers,current,
72281020,"Not further worked than hot-rolled, hot-drawn or extruded; hot-rolled, hot-drawn or extruded, not further worked than clad",current,
15119019,Other,current,
46012210,Of plaits or similar products of plaiting materials,current,
87044191,New,current,
85362010,For a current not exceeding 63 A,current,
64039931,Of less than 24 cm,current,
11041290,Flaked,current,
73261910,Open-die forged,current,
03023210,For the industrial manufacture of products of heading 1604,current,
84626990,Other,current,
29333925,"3,6-Dichloropyridine-2-carboxylic acid",current,
87045191,New,current,
84323911,Central driven precision spacing seeders,current,
44079710,"Planed; end-jointed, whether or not planed or sanded",current,
95043020,Other games,current,
12092311,Meadow fescue (Festuca pratensis Huds.) seeds,current,
44083995,Of a thickness exceeding 1 mm,current,
95030021,Dolls,current,
20087039,Other,current,
19019011,With a dry extract content of 90 % or more by weight,current,
63022210,Nonwovens,current,
20099049,Other,current,
85021340,Of an output exceeding 750 kVA but not exceeding 2000 kVA,current,
38151910,"Catalyst in the form of grains of which 90 % or more by weight have a particle-size not exceeding 10 micrometres, consisting of a mixture of oxides on a magnesium-silicate support, containing by weight: – 20 % or more but not more than 35 % of copper, – 2 % or more but not more than 3 % of bismuth and of an apparent specific gravity of 0,2 or more but not exceeding 1,0",current,
74181010,"Cooking or heating apparatus of a kind used for domestic purposes, non-electric, and parts thereof",current,
94059190,Other,current,
29332990,Other,current,
44032310,Sawlogs,current,
52082299,Exceeding 165 cm,current,
90011010,Image conductor cables,current,
20089705,In immediate packings of a net content not exceeding 1 kg,current,
72285069,Less than 80 mm,current,
03044950,Redfish (Sebastes spp.),current,
87012310,New,current,
44079940,Sanded,current,
02031959,Other,current,
29322020,gamma-Butyrolactone,current,
39169090,Other,current,
84553090,Other,current,
41041151,"Whole hides and skins, of a unit surface area exceeding 28 square feet (2,6 m2)",current,
56031480,Other,current,
85166050,"Cooking plates, boiling rings and hobs",current,
70052925,"Of a thickness not exceeding 3,5 mm",current,
70109043,"More than 0,33 l but less than 1 l",current,
63022990,Of other textile materials,current,
84662098,Other,current,
38245010,Concrete ready to pour,current,
19041030,Obtained from rice,current,
82074030,Tools for threading,current,
64039998,For women,current,
81069090,Other,current,
72222081,"2,5 % or more of nickel",current,
22084011,Rum with a content of volatile substances other than ethyl and methyl alcohol equal to or exceeding 225 grams per hectolitre of pure alcohol (with a 10 % tolerance),current,
73181491,Spaced-thread screws,current,
29156011,"1-Isopropyl-2,2-dimethyltrimethylene diisobutyrate",current,
72191290,"Containing by weight less than 2,5 % of nickel",current,
94049090,Other,current,
44071290,Other,current,
90172005,Plotters,current,
72166110,"C, L, U, Z, omega or open-ended sections",current,
83024150,For windows and French windows,current,
64029905,Incorporating a protective metal toecap,current,
43023025,Of rabbit or hare,current,
48042190,Other,current,
63053310,Knitted or crocheted,current,
09109190,Crushed or ground,current,
33029010,Alcoholic solutions,current,
87012190,Used,current,
20091111,Of a value not exceeding € 30 per 100 kg net weight,current,
44072810,"Sanded; end-jointed, whether or not planed or sanded",current,
96161090,Mounts and heads,current,
31024010,With a nitrogen content not exceeding 28 % by weight,current,
84501119,Top-loading machines,current,
90041091,With lenses of plastics,current,
87149630,Crank-gear,current,
58109210,"Of a value exceeding € 17,50/kg (net weight)",current,
85433040,Electroplating and electrolysis machines of a kind used solely or principally for the manufacture of printed circuits,current,
15081090,Other,current,
15081010,For technical or industrial uses other than the manufacture of foodstuffs for human consumption,current,
84073290,Of a cylinder capacity exceeding 125 cm3 but not exceeding 250 cm3,current,
26190095,Waste suitable for the extraction of vanadium,current,
85444995,For a voltage exceeding 80 V but less than 1000 V,current,
84621910,Numerically controlled,current,
38249930,"Naphthenic acids, their water-insoluble salts and their esters",current,
62059080,Of other textile materials,current,
72044990,Other,current,
84615019,Other,current,
63039910,Nonwovens,current,
27011290,Other,current,
84472020,Warp knitting machines (including Raschel type); stitch-bonding machines,current,
90160090,Parts and accessories,current,
48051990,Other,current,
07070005,Cucumbers,current,
87169050,Axles,current,
04081920,Unfit for human consumption,current,
95030075,Of plastics,current,
84182199,Exceeding 250 litres but not exceeding 340 litres,current,
73181558,Other,current,
37061099,Other positives,current,
85393980,Other,current,
44072690,Other,current,
96032980,Other,current,
61103091,Men's or boys',current,
03045910,Freshwater fish,current,
61102099,Women's or girls',current,
15220039,Other,current,
39119011,"Poly(oxy-1,4-phenylenesulphonyl-1,4-phenyleneoxy-1,4-phenyleneisopropylidene-1,4-phenylene), in one of the forms mentioned in note 6(b) to this chapter",current,
04041052,"Exceeding 1,5 % but not exceeding 27 %",current,
85366910,For coaxial cables,current,
61013090,"Anoraks (including ski jackets), windcheaters, wind-jackets and similar articles",current,
85392198,Not exceeding 100 V,current,
15159051,"Solid, in immediate packings of a net content not exceeding 1 kg",current,
33012931,Deterpenated,current,
87042399,Used,current,
73041910,"Of an external diameter not exceeding 168,3 mm",current,
62114342,Lower parts,current,
44111497,"Of a density not exceeding 0,5 g/cm³",current,
44079510,"Planed; end-jointed, whether or not planed or sanded",current,
73065029,Other,current,
87023010,Of a cylinder capacity exceeding 2800 cm3,current,
68042218,Reinforced,current,
04021099,Other,current,
72254012,Of tool steel,current,
29299010,"N,N-Dimethylphosphoramidic dichloride",current,
72172010,"With a maximum cross-sectional dimension of less than 0,8 mm",current,
15122110,For technical or industrial uses other than the manufacture of foodstuffs for human consumption,current,
72071111,Of free-cutting steel,current,
44032510,Sawlogs,current,
87149130,Front forks,current,
84151010,Self-contained,current,
87084099,Other,current,
29336910,"Atrazine (ISO); propazine (ISO); simazine (ISO); hexahydro-1,3,5-trinitro-1,3,5-triazine (hexogen, trimethylenetrinitramine)",current,
82079071,For working metal,current,
84831021,Of cast iron or cast steel,current,
44071910,"End-jointed, whether or not planed or sanded",current,
85423290,Other memories,current,
49070090,Other,current,
44111294,"Of a density not exceeding 0,8 g/cm³",current,
04069093,Exceeding 72 %,current,
32074040,"Glass in the form of flakes of a length of 0,1 mm or more but not exceeding 3,5 mm and of a thickness of 2 micrometres or more but not exceeding 5 micrometres; glass, in the form of powder or granules, containing by weight 99 % or more of silicon dioxide",current,
62024010,"Of a weight, per garment, not exceeding 1 kg",current,
27101955,For undergoing chemical transformation by a process other than those specified in respect of subheading 27101951,current,
61119019,Other,current,
84672199,Other,current,
65050090,Other,current,
58041090,Other,current,
87045110,Specially designed for the transport of highly radioactive materials (Euratom),current,
62114341,Upper parts,current,
94033019,Other,current,
61124990,Other,current,
85022060,Of an output exceeding 375 kVA but not exceeding 750 kVA,current,
03021110,Of the species Oncorhynchus apache or Oncorhynchus chrysogaster,current,
96099010,Pastels and drawing charcoals,current,
24049110,Nicotine containing products intended to assist tobacco use cessation,current,
87041090,Other,current,
16023211,Uncooked,current,
73063080,"Exceeding 168,3 mm but not exceeding 406,4 mm",current,
73170080,Other,current,
64039116,For men,current,
85291011,Telescopic and whip-type aerials for portable apparatus or for apparatus for fitting in motor vehicles,current,
63014010,Knitted or crocheted,current,
90258080,Other,current,
29171390,Other,current,
51062091,Unbleached,current,
70133319,Other,current,
85041080,Other,current,
59029010,Impregnated with rubber,current,
83024190,Other,current,
29039910,"2,3,4,5,6-Pentabromoethylbenzene",current,
56075019,Other,current,
89033290,Other,current,
85072020,Working with liquid electrolyte,current,
04029939,Other,current,
15030011,For industrial uses,current,
35052090,"Containing, by weight, 80 % or more of starches or dextrins or other modified starches",current,
39199020,Self-adhesive circular polishing pads of a kind used for the manufacture of semiconductor wafers,current,
39269060,Protective face shields/visors,current,
21013019,Other,current,
38051090,Sulphate turpentine,current,
62034130,Bib and brace overalls,current,
69120081,Of common pottery,current,
70134910,Of toughened glass,current,
62042918,Other,current,
08021190,Other,current,
10061030,Round grain,current,
85340090,With other passive elements,current,
48181010,"Weighing, per ply, 25 g/m2 or less",current,
84879051,Of cast steel,current,
72149931,80 mm or more,current,
15179010,"Containing, by weight, more than 10 % but not more than 15 % of milkfats",current,
23070090,Argol,current,
62013010,"Of a weight, per garment, not exceeding 1 kg",current,
84853090,Other,current,
85014080,Of an output exceeding 750 W,current,
04022991,"In immediate packings of a net content not exceeding 2,5 kg",current,
87149910,Handlebars,current,
48043180,Other,current,
90192020,"Mechanical ventilation apparatus, non-invasive",current,
73102990,"With a wall thickness of 0,5 mm or more",current,
81129240,Niobium (columbium),current,
87032210,New,current,
50072041,Diaphanous fabrics (open weave),current,
87012210,New,current,
84135069,Other,current,
84439110,Of apparatus of subheading 84431940,current,
69120021,Of common pottery,current,
70169010,Leaded lights and the like,current,
22042193,White,current,
63025990,Other,current,
87163910,Specially designed for the transport of highly radioactive materials (Euratom),current,
39232990,Other,current,
04101099,Other,current,
48025530,Weighing 75 g/m2 or more but less than 80 g/m2,current,
72166190,Other,current,
08112031,Raspberries,current,
48025515,Weighing 40 g/m2 or more but less than 60 g/m2,current,
11042989,Other,current,
85044084,With maximum power point tracking functionality,current,
19021910,Containing no common wheat flour or meal,current,
39171010,Of hardened protein,current,
63019010,Knitted or crocheted,current,
15163098,Other,current,
52121190,Otherwise mixed,current,
06029041,Forest trees,current,
72042190,Other,current,
85291069,Other,current,
94033011,Desks,current,
84879040,Of cast iron,current,
03038931,Of the species Sebastes marinus,current,
32064970,Other,current,
84148022,Not exceeding 60 m3,current,
20029019,In immediate packings of a net content not exceeding 1 kg,current,
20098963,With an added sugar content not exceeding 30 % by weight,current,
94039990,Of other materials,current,
73170020,Nails in strips or coils,current,
58101090,Other,current,
51119098,Of a weight exceeding 300 g/m2,current,
85299096,Other,current,
73110013,20 l or more but not more than 50 l,current,
84031090,Other,current,
85015230,"Of an output exceeding 7,5 kW but not exceeding 37 kW",current,
38059010,Pine oil,current,
85285291,With a screen of the liquid crystal display (LCD) technology,current,
84082037,Exceeding 100 kW,current,
29163910,Esters of phenylacetic acid,current,
72285080,Other,current,
84272090,Other,current,
84858090,Other,current,
87019310,"Agricultural tractors and forestry tractors, wheeled",current,
48044191,Saturating kraft,current,
58109110,"Of a value exceeding € 17,50/kg (net weight)",current,
84148073,Single-shaft,current,
84614019,Other,current,
94054910,Searchlights and spotlights,current,
70051030,"Exceeding 3,5 mm but not exceeding 4,5 mm",current,
44083125,Sanded,current,
82075090,Other,current,
41071219,Other,current,
38089321,Based on dinitroaniline derivatives,current,
85299015,Organic light-emitting diode modules and organic light-emitting diode panels for the apparatus of subheadings 852872 or 852873,current,
48219090,Other,current,
72285020,Of tool steel,current,
84189990,Other,current,
70109053,"More than 0,33 l but less than 1 l",current,
11062010,Denatured,current,
87169030,Bodies,current,
89013010,Seagoing,current,
70200030,Of glass having a linear coefficient of expansion not exceeding 5 × 10–6 per Kelvin within a temperature range of 0 °C to 300 °C,current,
56079020,Of abaca (Manila hemp or Musa textilis Nee) or other hard (leaf) fibres; of jute or other textile bast fibres of heading 5303,current,
84631010,Drawbenches for wire,current,
74112190,Other,current,
43023051,Of whitecoat pups of harp seal or of pups of hooded seal (blue-backs),current,
02044390,Other,current,
29171310,Sebacic acid,current,
29304010,Methionine (INN),current,
29322090,Other,current,
85361090,For a current exceeding 63 A,current,
72224010,"Not further worked than hot-rolled, hot-drawn or extruded",current,
39119019,Other,current,
20083090,Not containing added sugar,current,
84142020,Handpumps for cycles,current,
76061292,Less than 3 mm,current,
85362090,For a current exceeding 63 A,current,
08081080,Other,current,
87089390,Other,current,
48025620,With one side measuring 297 mm and the other side measuring 210 mm (A4 format),current,
84439191,Of cast iron or cast steel,current,
72179020,"Containing by weight less than 0,25 % of carbon",current,
84662020,Jigs and fixtures for specific applications; sets of standard jig and fixture components,current,
90229080,Other,current,
03039110,Hard and soft roes for the manufacture of deoxyribonucleic acid or protamine sulphate,current,
20079997,Other,current,
84081069,Other,current,
70139110,Gathered by hand,current,
10063048,Of a length/width ratio equal to or greater than 3,current,
81039910,"Bars and rods, other than those obtained simply by sintering, profiles, wire, plates, sheets, strip and foil",current,
59029090,Other,current,
38180019,Other,current,
72285040,"Containing by weight 0,9 % or more but not more than 1,15 % of carbon, 0,5 % or more but not more than 2 % of chromium and, if present, not more than 0,5 % of molybdenum",current,
58063210,With real selvedges,current,
64035119,For women,current,
15220010,Degras,current,
84128080,Other,current,
48109210,Each layer bleached,current,
15132110,For technical or industrial uses other than the manufacture of foodstuffs for human consumption,current,
18069060,Spreads containing cocoa,current,
88026019,Other,current,
02045031,Cuts with bone in,current,
85393220,Mercury or sodium vapour lamps,current,
96190075,Tampons,current,
02109910,"Of horses, salted, in brine or dried",current,
49111090,Other,current,
45041099,Other,current,
44072997,Sanded,current,
81129970,Gallium; indium; vanadium,current,
02031913,"Loins and cuts thereof, with bone in",current,
12092210,Red clover (Trifolium pratense L.),current,
63079092,"Single-use drapes made up of fabrics of heading 5603, of a kind used during surgical procedures",current,
87112098,Exceeding 125 cm3 but not exceeding 250 cm3,current,
52082216,Not exceeding 165 cm,current,
72091891,"Of a thickness of 0,35 mm or more but less than 0,5 mm",current,
85491220,Spent electric accumulators,current,
72222019,"Less than 2,5 % of nickel",current,
84859010,Parts of machines of subheadings 84853010 or 84858010,current,
73181290,Other,current,
29333920,"2,3,5,6-Tetrachloropyridine",current,
41021090,Other,current,
15141190,Other,current,
20060091,Tropical fruit and tropical nuts,current,
34012090,Other,current,
84182159,Building-in type,current,
85073020,Hermetically sealed,current,
72163390,Of a height exceeding 180 mm,current,
84604090,Other,current,
85491110,Spent lead-acid accumulators,current,
40129090,Tyre flaps,current,
29054491,"Containing 2 % or less by weight of D-mannitol, calculated on the D-glucitol content",current,
02076005,"Not cut in pieces, fresh, chilled or frozen",current,
41021010,Of lambs,current,
33011920,Not deterpenated,current,
41071299,Equine leather,current,
88062210,"Multi rotors, equipped with permanently integrated apparatus of subheading 852589 for capturing and recording video and still images",current,
90241020,Universal or for tensile tests,current,
26122090,Other,current,
86071990,"Parts of bogies, bissel-bogies and the like",current,
72085390,Other,current,
29224985,Other,current,
85044095,Other,current,
72101280,Other,current,
85153918,"Generators or rotary converters or static converters, rectifiers or rectifying apparatus",current,
03063910,Freshwater crayfish,current,
29343010,Thiethylperazine (INN); thioridazine (INN) and its salts,current,
84295110,Loaders specially designed for underground use,current,
73269030,Ladders and steps,current,
73090030,Lined or heat-insulated,current,
44032190,Other,current,
55143090,Other woven fabrics,current,
29163990,Other,current,
72139190,"Containing by weight more than 0,75 % of carbon",current,
42032910,Protective for all trades,current,
39069060,"Copolymer of methyl acrylate with ethylene and a monomer containing a non-terminal carboxy group as a substituent, containing by weight 50 % or more of methyl acrylate, whether or not compounded with silica",current,
82151020,Containing only articles plated with precious metal,current,
70134190,Gathered mechanically,current,
51031090,Carbonised,current,
02072791,Livers,current,
29314950,Bis(1-methylpentyl) methylphosphonate,current,
87042199,Used,current,
72249031,"Containing by weight not less than 0,9 % but not more than 1,15 % of carbon, not less than 0,5 % but not more than 2 % of chromium and, if present, not more than 0,5 % of molybdenum",current,
22051090,Of an actual alcoholic strength by volume exceeding 18 % vol,current,
61041990,Of other textile materials,current,
32072090,Other,current,
29331990,Other,current,
72254015,Of high-speed steel,current,
29034930,Perfluorinated derivatives,current,
61019020,"Overcoats, car coats, capes, cloaks and similar articles",current,
91131090,Of metal clad with precious metal,current,
72209080,Other,current,
61059090,Of other textile materials,current,
38249920,Getters for vacuum tubes,current,
84501111,Front-loading machines,current,
84818031,Thermostatic valves,current,
96072090,Other,current,
43021980,Other,current,
32030010,Colouring matter of vegetable origin and preparations based thereon,current,
84294030,Other,current,
87082290,Other,current,
25010051,Denatured or for industrial uses (including refining) other than the preservation or preparation of foodstuffs for human or animal consumption,current,
88069910,Of an unladen weight not exceeding 2 000 kg,current,
57032999,Other,current,
76012040,Billets,current,
42029291,"Travelling-bags, toilet bags, rucksacks and sports bags",current,
03048829,Other,current,
48025810,In rolls,current,
72261910,Not further worked than hot-rolled,current,
64029939,Other,current,
85480090,Other,current,
42023290,Of textile materials,current,
89059010,Seagoing,current,
64035931,Of less than 24 cm,current,
04012091,In immediate packings of a net content not exceeding two litres,current,
03039190,Other,current,
76151010,Cast,current,
46019910,Of plaits or similar products of plaiting materials,current,
84323990,Planters and transplanters,current,
02061010,For the manufacture of pharmaceutical products,current,
57025031,Of polypropylene,current,
45041091,With a binding substance,current,
15122910,For technical or industrial uses other than the manufacture of foodstuffs for human consumption,current,
90318080,Other,current,
85287230,With integral tube,current,
61161080,Other,current,
44129990,Other,current,
56039210,Coated or covered,current,
04032039,Exceeding 6 %,current,
29213091,"Cyclohex-1,3-ylenediamine (1,3-diaminocyclohexane)",current,
44072199,Other,current,
03034110,For the industrial manufacture of products of heading 1604,current,
16010099,Other,current,
72282010,"Of rectangular (other than square) cross-section, hot-rolled on four faces",current,
72024950,"Containing by weight more than 0,05 % but not more than 0,5 % of carbon",current,
70139190,Gathered mechanically,current,
87043299,Used,current,
90213910,Ocular prostheses,current,
62046185,Other,current,
03035390,Brisling or sprats (Sprattus sprattus),current,
22042210,"Wine, other than that referred to in subheading 220410, in bottles with mushroom stoppers held in place by ties or fastenings; wine, otherwise put up, with an excess pressure due to carbon dioxide in solution of not less than 1 bar but less than 3 bar, measured at a temperature of 20 °C",current,
27101211,For undergoing a specific process,current,
84411030,Guillotines,current,
55162310,Jacquard fabrics of a width of 140 cm or more (mattress tickings),current,
38249993,Other,current,
30029010,Human blood,current,
03035990,Other,current,
29159015,Perfluorooctanoic acids and their salts,current,
41044159,Other,current,
70133791,Cut or otherwise decorated,current,
21021010,Culture yeast,current,
73079910,Threaded,current,
72042110,Containing by weight 8 % or more of nickel,current,
44072995,Other,current,
94054231,Of plastics,current,
40021990,Other,current,
41015050,Dried or dry-salted,current,
51072091,Unbleached,current,
44072996,"Planed; end-jointed, whether or not planed or sanded",current,
44123330,"With no outer ply of birch, poplar or aspen (Populus spp.), but with at least one outer ply of eucalyptus (Eucalyptus spp.)",current,
87082190,Other,current,
87084050,Gear boxes,current,
49111010,Commercial catalogues,current,
81129221,Waste and scrap,current,
62032911,Industrial and occupational,current,
56039310,Coated or covered,current,
92099920,Parts and accessories for the musical instruments of heading 9205,current,
29051685,Other,current,
73110019,More than 50 l,current,
85437030,Aerial amplifiers,current,
87088035,Suspension shock-absorbers,current,
63012090,Other,current,
64062010,Of rubber,current,
87021099,Used,current,
29343090,Other,current,
85287260,With a screen of the plasma display panel (PDP) technology,current,
76041090,Profiles,current,
63071010,Knitted or crocheted,current,
81126910,Unwrought cadmium; powders,current,
72254040,Of a thickness exceeding 10 mm,current,
76041010,Bars and rods,current,
20083071,"Grapefruit segments, including pomelos",current,
33012410,Not deterpenated,current,
33021090,Of a kind used in the food industries,current,
85364190,For a current exceeding 2 A,current,
61069050,Of flax or of ramie,current,
69022099,Other,current,
44081098,Other,current,
56039190,Other,current,
02109929,Boneless,current,
02031911,Fore-ends and cuts thereof,current,
21039030,"Aromatic bitters of an alcoholic strength by volume of 44,2 to 49,2 % vol containing from 1,5 to 6 % by weight of gentian, spices and various ingredients and from 4 to 10 % of sugar, in containers holding 0,5 litre or less",current,
44125110,With at least one outer ply of non-coniferous wood,current,
85392930,Of a kind used for motorcycles or other motor vehicles,current,
15079010,For technical or industrial uses other than the manufacture of foodstuffs for human consumption,current,
72172090,"Containing by weight 0,6 % or more of carbon",current,
28402090,Other,current,
84331110,Electric,current,
62069010,Of flax or ramie,current,
03074321,Lesser cuttle fish (Sepiola rondeleti),current,
39029020,"Polybut-1-ene, a copolymer of but-1-ene with ethylene containing by weight 10 % or less of ethylene, or a blend of polybut-1-ene with polyethylene and/or polypropylene containing by weight 10 % or less of polyethylene and/or 25 % or less of polypropylene, in one of the forms mentioned in note 6(b) to this chapter",current,
84161010,Incorporating an automatic control device,current,
17011410,For refining,current,
84136020,Hydraulic units,current,
44152090,Other,current,
85061018,Other,current,
70200080,Other,current,
39072911,Polyethylene glycols,current,
73079311,Elbows and bends,current,
02101960,Fore-ends and cuts thereof,current,
20089924,Tropical fruit,current,
48045910,Of which not less than 80 % by weight of the total fibre content consists of coniferous fibres obtained by the chemical sulphate or soda process,current,
94034090,Other,current,
90153010,Electronic,current,
51129091,Of a weight not exceeding 200 g/m2,current,
71162011,"Necklaces, bracelets and other articles made wholly of natural precious or semi-precious stones, simply strung without fasteners or other accessories",current,
72222029,"Less than 2,5 % of nickel",current,
57023110,Axminster carpets,current,
39171090,Of cellulosic materials,current,
27102038,"With a sulphur content exceeding 0,5 % by weight",current,
52121510,Mixed mainly or solely with flax,current,
70031291,Having a non-reflecting layer,current,
41041951,"Whole hides and skins, of a unit surface area exceeding 28 square feet (2,6 m2)",current,
68030010,Roofing and wall slates,current,
29093090,Other,current,
84335310,Potato diggers and potato harvesters,current,
85363010,For a current not exceeding 16 A,current,
35022099,Other,current,
11041210,Rolled,current,
02069099,Of sheep and goats,current,
48043958,Other,current,
38011010,"Powders containing not more than 0,05 % of ash by weight",current,
38089210,Preparations based on copper compounds,current,
86069180,Other,current,
84243090,Other,current,
73181639,Other,current,
73181588,Of 800 MPa or more,current,
72165010,With a cross-section which is capable of being enclosed in a square the side of which is 80 mm,current,
12149090,Other,current,
70198090,Other,current,
72193310,"Containing by weight 2,5 % or more of nickel",current,
84833038,Other,current,
95069910,"Cricket and polo equipment, other than balls",current,
29156090,Pentanoic acids and their salts and esters,current,
72249090,Forged,current,
41041159,Other,current,
04022118,Other,current,
22082028,Other,current,
07112090,Other,current,
18069039,Not filled,current,
87033319,Other,current,
87021091,New,current,
96190079,Other,current,
38089323,"Based on derivatives of urea, of uracil or of sulphonylurea",current,
21021031,Dried,current,
29052990,Other,current,
39072920,Other,current,
44083955,"Planed; sanded; end-jointed, whether or not planed or sanded",current,
95049080,Other,current,
85402010,Television camera tubes,current,
85059021,Electromagnets of a kind used solely or principally for magnetic resonance imaging apparatus other than electromagnets of heading 9018,current,
44072110,"Sanded; end-jointed, whether or not planed or sanded",current,
64039996,For men,current,
73170060,Other,current,
12092380,Other,current,
72099020,Perforated,current,
84181080,Other,current,
54072019,3 m or more,current,
84184020,Of a capacity not exceeding 250 litres,current,
29094980,Other,current,
39219043,Other,current,
20081912,Tropical nuts; mixtures containing by weight 50 % or more of tropical nuts,current,
39039020,"Brominated polystyrene, containing by weight 58 % or more but not more than 71 % of bromine, in one of the forms mentioned in note 6(b) to this chapter",current,
41044151,"Whole hides and skins, of a unit surface area exceeding 28 square feet (2,6 m2)",current,
64019290,With uppers of plastics,current,
84431940,For use in the production of semiconductors,current,
38089260,Based on diazines or morpholines,current,
73030090,Other,current,
73181660,Self-locking nuts,current,
91149010,"Springs, including hairsprings",current,
94051190,Of other materials,current,
84631090,Other,current,
41012050,Dried or dry-salted,current,
15220099,Other,current,
61102010,"Lightweight fine knit roll, polo or turtleneck jumpers and pullovers",current,
29335995,Other,current,
41044111,"East India kip, whole or with the head and legs removed, each of a net weight of not more than 4,5 kg, not further prepared than vegetable tanned, whether or not having undergone certain treatments, but obviously unsuitable for immediate use for the manufacture of leather articles",current,
84581180,Other,current,
85392290,Other,current,
85143990,Other,current,
84335330,Beet-topping machines and beet harvesters,current,
69120083,Stoneware,current,
29333945,"3,5-Dichloro-2,4,6-trifluoropyridine",current,
85459090,Other,current,
62034190,Other,current,
03036690,Hake of the genus Urophycis,current,
29181940,"2,2-Bis(hydroxymethyl)propionic acid",current,
84233010,Using electronic means for gauging weight,current,
73043988,"Exceeding 406,4 mm",current,
87042310,Specially designed for the transport of highly radioactive materials (Euratom),current,
85446090,With other conductors,current,
72281050,Forged,current,
84518030,Machines for dressing or finishing,current,
72092890,Other,current,
90314910,Profile projectors,current,
88062290,Other,current,
61029090,"Anoraks (including ski jackets), windcheaters, wind-jackets and similar articles",current,
33012490,Deterpenated,current,
85491320,Spent electric accumulators,current,
64035950,Slippers and other indoor footwear,current,
87019510,"Agricultural tractors and forestry tractors, wheeled",current,
94031093,"Filing, card-index and other cabinets",current,
82075010,With working part of diamond or agglomerated diamond,current,
72192190,"Containing by weight less than 2,5 % of nickel",current,
29280090,Other,current,
73121089,Exceeding 48 mm,current,
85437006,Digital signal processing apparatus capable of connecting to a wired or wireless network for the mixing of sound,current,
84821010,With greatest external diameter not exceeding 30 mm,current,
55159940,Printed,current,
82076010,With working part of diamond or agglomerated diamond,current,
89032210,Seagoing,current,
22042984,Other,current,
20083055,"Mandarins (including tangerines and satsumas); clementines, wilkings and other similar citrus hybrids",current,
30061030,"Sterile surgical or dental adhesion barriers, whether or not absorbable",current,
70198010,"Boards, mattresses and similar products",current,
54076110,Unbleached or bleached,current,
59031090,"Coated, covered or laminated",current,
17029075,"In the form of powder, whether or not agglomerated",current,
82075070,Of other materials,current,
51091090,Other,current,
02069091,"Of horses, asses, mules and hinnies",current,
90330090,Other,current,
55162390,Other,current,
38011090,Other,current,
28047010,Red phosphorus,current,
56031190,Other,current,
66039090,Other,current,
03019985,Other,current,
85439010,Assemblies of stacked galvanic cells for water electrolysis machines for the production of hydrogen or oxygen,current,
07131090,Other,current,
02074499,Other,current,
72286020,Of tool steel,current,
95069990,Other,current,
44072310,"Sanded; end-jointed, whether or not planed or sanded",current,
30019098,Other,current,
72044110,"Turnings, shavings, chips, milling waste, sawdust and filings",current,
09109105,Curry,current,
87042291,New,current,
16055310,In airtight containers,current,
63041990,Of other textile materials,current,
72089020,Perforated,current,
88079010,Of kites,current,
20071010,With a sugar content exceeding 13 % by weight,current,
73121085,Exceeding 24 mm but not exceeding 48 mm,current,
64039198,For women,current,
02072670,Other,current,
84759010,Parts of machines of subheading 84752100,current,
61023010,"Overcoats, car coats, capes, cloaks and similar articles",current,
44083111,"End-jointed, whether or not planed or sanded",current,
62014090,"Of a weight, per garment, exceeding 1 kg",current,
84211920,Centrifuges of a kind used in laboratories,current,
72269191,"Of a thickness of 4,75 mm or more",current,
17026010,Isoglucose,current,
70052935,"Of a thickness exceeding 3,5 mm but not exceeding 4,5 mm",current,
62034939,Other,current,
87029039,Used,current,
94044090,Other,current,
08135099,Other,current,
84561210,"Of a kind used solely or principally for the manufacture of printed circuits, printed circuit assemblies, parts of heading 8517, or parts of automatic data processing machines",current,
19022099,Other,current,
72171050,"Containing by weight 0,25 % or more but less than 0,6 % of carbon",current,
73181692,Not exceeding 12 mm,current,
85061091,Cylindrical cells,current,
90283019,For multiphase,current,
44079139,Other,current,
29037620,Bromotrifluoromethane (Halon-1301),current,
10062092,Round grain,current,
19053211,In immediate packings of a net content not exceeding 85 g,current,
73181595,Other,current,
07119090,Mixtures of vegetables,current,
87081090,Other,current,
76020011,"Turnings, shavings, chips, milling waste, sawdust and filings; waste of coloured, coated or bonded sheets and foil, of a thickness (excluding any backing) not exceeding 0,2 mm",current,
87141020,Gear boxes and parts thereof,current,
85423990,Other,current,
84626390,Other,current,
84136061,Hydraulic fluid power,current,
90181910,Monitoring apparatus for simultaneous monitoring of two or more parameters,current,
84129070,Other,current,
85192091,With laser reading system,current,
64039111,Of less than 24 cm,current,
44192090,Other,current,
52121110,Mixed mainly or solely with flax,current,
87029019,Used,current,
85366990,Other,current,
39119013,"Poly(thio-1,4-phenylene)",current,
04101010,"Fresh, chilled or frozen, other than flours and meals",current,
44072191,Planed,current,
55082010,Not put up for retail sale,current,
03049390,Other,current,
84331151,With a seat,current,
87085091,For non-driving axles,current,
64035191,Of less than 24 cm,current,
72072032,Rolled or obtained by continuous casting,current,
84272019,Other,current,
70169070,Other,current,
62113390,Other,current,
22029995,"0,2 % or more but less than 2 %",current,
82077031,Shank type,current,
85361050,For a current exceeding 10 A but not exceeding 63 A,current,
29037760,"Trichlorofluoromethane, dichlorodifluoromethane, trichlorotrifluoroethanes, dichlorotetrafluoroethanes and chloropentafluoroethane",current,
12092950,Lupine seed,current,
85234910,Digital versatile discs (DVD),current,
27129039,For other purposes,current,
38231910,Distilled fatty acids,current,
70022090,Other,current,
39234090,Other,current,
94036030,Wooden furniture of a kind used in shops,current,
04039033,"Exceeding 1,5 % but not exceeding 27 %",current,
95030039,Of other materials,current,
55151130,Printed,current,
65050010,"Of fur felt or of felt of wool and fur, made from the hat bodies, hoods or plateaux of heading 65010000",current,
72193490,"Containing by weight less than 2,5 % of nickel",current,
23021090,Other,current,
72189980,Forged,current,
50072071,Printed,current,
85299093,For apparatus of headings 8527 and 8528,current,
73121041,Plated or coated with copper-zinc alloys (brass),current,
08051080,Other,current,
41044990,Other,current,
87089997,Other,current,
73201090,Other,current,
89059090,Other,current,
84629010,Numerically controlled,current,
22042284,Other,current,
85176910,Videophones,current,
84839020,Parts of bearing housings,current,
38089140,Based on organophosphorus compounds,current,
61159610,Knee-length stockings,current,
20089797,Of tropical fruit (including mixtures containing by weight 50 % or more of tropical nuts and tropical fruit),current,
96039010,"Hand-operated mechanical floor sweepers, not motorised",current,
94036010,Wooden furniture of a kind used in the dining room and the living room,current,
84172010,Tunnel ovens,current,
41041990,Other,current,
43023099,Other,current,
35052010,"Containing, by weight, less than 25 % of starches or dextrins or other modified starches",current,
70133710,Of toughened glass,current,
11042930,Pearled,current,
61012010,"Overcoats, car coats, capes, cloaks and similar articles",current,
20093959,Not containing added sugar,current,
84073380,Of a cylinder capacity exceeding 500 cm3 but not exceeding 1000 cm3,current,
22042997,White,current,
84314980,Other,current,
55151110,Unbleached or bleached,current,
02044290,Other,current,
27129033,For undergoing chemical transformation by a process other than those specified in respect of subheading 27129031,current,
70132210,Gathered by hand,current,
19053111,In immediate packings of a net content not exceeding 85 g,current,
51123010,Of a weight not exceeding 200 g/m2,current,
84137029,Multi-stage,current,
44089015,"Planed; sanded; end-jointed, whether or not planed or sanded",current,
61021090,"Anoraks (including ski jackets), windcheaters, wind-jackets and similar articles",current,
84243008,Other,current,
72163299,Other,current,
20097930,"Of a value exceeding € 18 per 100 kg net weight, containing added sugar",current,
27101925,Other,current,
23021010,With a starch content not exceeding 35 % by weight,current,
93063090,Other,current,
46019390,Other,current,
87033190,Used,current,
64052099,Other,current,
44123390,Other,current,
29159030,Lauric acid and its salts and esters,current,
65069990,Other,current,
73181499,Other,current,
48236910,"Trays, dishes and plates",current,
54076910,Unbleached or bleached,current,
03038910,Freshwater fish,current,
12092960,Fodder beet seed (Beta vulgaris var. alba),current,
85042290,Exceeding 1600 kVA but not exceeding 10000 kVA,current,
04022999,Other,current,
72072080,Other,current,
84073410,For the industrial assembly of: pedestrian-controlled tractors of subheading 870110; motor vehicles of heading 8703; motor vehicles of heading 8704 with an engine of a cylinder capacity of less than 2800 cm3; motor vehicles of heading 8705,current,
87042139,Used,current,
38249945,Anti-scaling and similar compounds,current,
27101985,"White oils, liquid paraffin",current,
04064090,Other,current,
39259020,"Trunking, ducting and cable trays for electrical circuits",current,
41044919,Other,current,
84871090,Other,current,
85437090,Other,current,
20021019,In immediate packings of a net content not exceeding 1 kg,current,
87042131,New,current,
21039090,Other,current,
84185011,For frozen food storage,current,
87088099,Other,current,
90184910,"Burrs, discs, drills and brushes, for use in dental drills",current,
08111011,With a sugar content exceeding 13 % by weight,current,
29269020,Isophthalonitrile,current,
76129030,"Manufactured from foil of a thickness not exceeding 0,2 mm",current,
88061090,Of an unladen weight exceeding 2000 kg,current,
61101190,Women's or girls',current,
73082010,Tubular wind turbine steel towers and tower-sections,current,
20099059,Other,current,
23070019,Other,current,
61112090,Other,current,
89069099,Other,current,
44072530,Planed,current,
84411020,Other slitting and cross-cutting machines,current,
44201190,Other,current,
84835020,Of cast iron or cast steel,current,
04041074,"Exceeding 1,5 % but not exceeding 27 %",current,
87089199,Other,current,
22043094,Other,current,
33012971,Of geranium; of jasmin; of vetiver,current,
39012010,"Polyethylene in one of the forms mentioned in note 6(b) to this chapter, of a specific gravity of 0,958 or more at 23 °C, containing: – 50 mg/kg or less of aluminium, – 2 mg/kg or less of calcium, – 2 mg/kg or less of chromium, – 2 mg/kg or less of iron, – 2 mg/kg or less of nickel, – 2 mg/kg or less of titanium, – 8 mg/kg or less of vanadium for the manufacture of chlorosulphonated polyethylene",current,
85030010,Non-magnetic retaining rings,current,
76151030,"Manufactured from foil of a thickness not exceeding 0,2 mm",current,
35051010,Dextrins,current,
88061010,Of an unladen weight not exceeding 2000 kg,current,
87149610,Pedals,current,
85059050,Electromagnetic lifting heads,current,
85143210,Of a kind used solely or principally for the manufacture of printed circuits or printed circuit assemblies,current,
20098131,"Of a value exceeding € 30 per 100 kg net weight, containing added sugar",current,
56021019,Of other textile materials,current,
84388099,Other,current,
48041190,Other,current,
90185010,Non-optical,current,
03028510,Of the species Dentex dentex or Pagellus spp.,current,
61101130,Men's or boys',current,
73021050,Other,current,
34059090,Other,current,
84089067,Exceeding 300 kW but not exceeding 500 kW,current,
76061199,Not less than 6 mm,current,
22086019,More than 2 litres,current,
84626290,Other,current,
42029215,Musical instrument cases,current,
74040010,Of refined copper,current,
95067010,Ice skates,current,
20093951,With an added sugar content exceeding 30 % by weight,current,
64041910,Slippers and other indoor footwear,current,
61123110,Containing by weight 5 % or more of rubber thread,current,
85311030,Of a kind used for buildings,current,
85042210,Exceeding 650 kVA but not exceeding 1600 kVA,current,
11029030,Oat flour,current,
72021180,Other,current,
39069090,Other,current,
29269070,Other,current,
07031019,Other,current,
72221181,"2,5 % or more of nickel",current,
20093119,Not containing added sugar,current,
85158010,For treating metals,current,
72283041,Of circular cross-section of a diameter of 80 mm or more,current,
48181090,"Weighing, per ply, more than 25 g/m2",current,
72112320,Electrical,current,
04041072,"Not exceeding 1,5 %",current,
84142080,Other,current,
84148080,Other,current,
84244990,Other,current,
39069010,"Poly[N-(3-hydroxyimino-1,1-dimethylbutyl)acrylamide]",current,
46021910,Straw envelopes for bottles,current,
03023610,For the industrial manufacture of products of heading 1604,current,
73079980,Other,current,
64039950,Slippers and other indoor footwear,current,
29093031,"Pentabromodiphenyl ether; 1,2,4,5-tetrabromo-3,6-bis(pentabromophenoxy)benzene",current,
38111190,Other,current,
38231990,Other,current,
85176990,Other,current,
73181552,Of stainless steel,current,
19053191,Sandwich biscuits,current,
31023010,In aqueous solution,current,
93032095,Other,current,
84082031,Not exceeding 50 kW,current,
20082079,Other,current,
35011090,Other,current,
28401910,Disodium tetraborate pentahydrate,current,
03023110,For the industrial manufacture of products of heading 1604,current,
84145995,Other,current,
84602990,Other,current,
85051190,Other,current,
62046931,Industrial and occupational,current,
95030035,Of plastics,current,
39172390,Other,current,
92071010,Organs,current,
94051950,Of glass,current,
87012110,New,current,
47010090,Other,current,
55141990,Other,current,
61151090,Other,current,
84629090,Other,current,
84419010,Of cutting machines,current,
62046211,Industrial and occupational,current,
82078019,Of other materials,current,
44192010,Of tropical wood specified in additional note 2 to this chapter,current,
02081010,Of domestic rabbits,current,
82121010,Safety razors with non-replaceable blades,current,
73142010,Of ribbed wire,current,
90261089,Other,current,
60033090,Other,current,
44083985,Of a thickness not exceeding 1 mm,current,
72210090,"Containing by weight less than 2,5 % of nickel",current,
64039991,Of less than 24 cm,current,
95030079,Of other materials,current,
44091011,"Mouldings for frames for paintings, photographs, mirrors or similar objects",current,
89069010,Seagoing,current,
29071910,Xylenols and their salts,current,
84073430,Used,current,
04029999,Other,current,
84143089,Other,current,
38249962,Intermediate products from the manufacture of monensin salts,current,
52114910,Jacquard fabrics,current,
84283990,Other,current,
40029910,Products modified by the incorporation of plastics,current,
84661031,For lathes,current,
55152110,Unbleached or bleached,current,
71081380,Other,current,
35021110,"Unfit, or to be rendered unfit, for human consumption",current,
15155091,For technical or industrial uses other than the manufacture of foodstuffs for human consumption,current,
87034010,New,current,
63023920,Of flax or ramie,current,
72071980,Other,current,
72193290,"Containing by weight less than 2,5 % of nickel",current,
04072910,"Of poultry, other than of fowls of the species Gallus domesticus",current,
73110091,Less than 1000 l,current,
39191019,Other,current,
38051030,Wood turpentine,current,
85044083,Rectifiers,current,
20092919,Other,current,
70052180,"Of a thickness exceeding 4,5 mm",current,
20060031,Cherries,current,
34029010,Surface-active preparations,current,
84111230,Of a thrust exceeding 44 kN but not exceeding 132 kN,current,
55143010,"Of polyester staple fibres, plain weave",current,
72253030,Of high-speed steel,current,
62033390,Other,current,
72044910,Fragmentised (shredded),current,
85423275,Other,current,
84137089,Multi-stage,current,
20071099,Other,current,
58109290,Other,current,
76042990,Profiles,current,
73102191,"Less than 0,5 mm",current,
72092610,Electrical,current,
38122090,Other,current,
95063990,Other,current,
55152291,Unbleached or bleached,current,
84079050,For the industrial assembly of: pedestrian-controlled tractors of subheading 870110; motor vehicles of heading 8703; motor vehicles of heading 8704 with an engine of a cylinder capacity of less than 2800 cm3; motor vehicles of heading 8705,current,
39123920,Hydroxypropylcellulose,current,
03049961,Ray's bream (Brama spp.),current,
38259010,Alkaline iron oxide for the purification of gas,current,
84734080,Other,current,
20071091,Of tropical fruit,current,
85441110,Lacquered or enamelled,current,
79011230,"Containing by weight 98,5 % or more but less than 99,95 % of zinc",current,
69120023,Stoneware,current,
73065021,Cold-drawn or cold-rolled (cold-reduced),current,
84735080,Other,current,
39259080,Other,current,
92099970,Other,current,
53061030,"Measuring less than 833,3 decitex but not less than 277,8 decitex (exceeding 12 metric number but not exceeding 36 metric number)",current,
86079980,Other,current,
62034931,Industrial and occupational,current,
16041992,"Cod (Gadus morhua, Gadus ogac, Gadus macrocephalus)",current,
72251990,Cold-rolled,current,
76071910,"Of a thickness of less than 0,021 mm",current,
84623210,Numerically controlled,current,
18062080,Chocolate flavour coating,current,
92059050,Keyboard pipe organs; harmoniums and similar keyboard instruments with free metal reeds,current,
29189990,Other,current,
84779010,Of cast iron or cast steel,current,
73121065,Plated or coated with zinc,current,
90065310,Disposable cameras,current,
66039010,Handles and knobs,current,
20085039,Other,current,
96200099,Other,current,
32141090,Painters' fillings,current,
95066910,Cricket and polo balls,current,
11042981,Of wheat,current,
61123190,Other,current,
39123985,Other,current,
56075090,Of other synthetic fibres,current,
85168080,Other,current,
03054980,Other,current,
94019980,Other,current,
57019090,Of other textile materials,current,
87042110,Specially designed for the transport of highly radioactive materials (Euratom),current,
44072510,"End-jointed, whether or not planed or sanded",current,
85015394,Exceeding 375 kW but not exceeding 750 kW,current,
20084059,Other,current,
72022990,Other,current,
73151190,Other,current,
17011490,Other,current,
48211090,Other,current,
72101220,Tinplate,current,
96081099,Other,current,
10063046,Of a length/width ratio greater than 2 but less than 3,current,
51062099,Other,current,
29215950,"m-Phenylenebis(methylamine); 2,2′-dichloro-4,4′-methylenedianiline; 4,4′-bi-o-toluidine; 1,8-naphthylenediamine",current,
70031910,Of optical glass,current,
85030098,Other,current,
02109299,Edible flours and meals of meat or meat offal,current,
84182191,Not exceeding 250 litres,current,
03055970,Atlantic halibut (Hippoglossus hippoglossus),current,
06029048,Other,current,
38091010,Containing by weight less than 55 % of such substances,current,
87032190,Used,current,
20079110,With a sugar content exceeding 30 % by weight,current,
82079091,For working metal,current,
96121020,"Of man-made fibres, measuring less than 30 mm in width, permanently put in plastic or metal cartridges of a kind used in automatic typewriters, automatic data-processing equipment and other machines",current,
20089793,Other,current,
41071910,"Bovine (including buffalo) leather, of a unit surface area not exceeding 28 square feet (2,6 m2)",current,
39059990,Other,current,
24041990,Other,current,
61099090,Of other textile materials,current,
38089110,Based on pyrethroids,current,
86090010,"Containers with an anti-radiation lead covering, for the transport of radioactive materials (Euratom)",current,
84814090,Other,current,
62033290,Other,current,
38246099,Other,current,
96161010,Toilet sprays,current,
23091031,Containing no milk products or containing less than 10 % by weight of such products,current,
87112092,Exceeding 50 cm3 but not exceeding 125 cm3,current,
72119020,Perforated,current,
85166080,Ovens for building in,current,
03044730,Blue shark (Prionace glauca),current,
72283020,Of tool steel,current,
95030041,Stuffed,current,
27079911,Crude light oils of which 90 % or more by volume distils at temperatures of up to 200 °C,current,
87031011,"Vehicles specially designed for travelling on snow, with compression-ignition internal combustion piston engine (diesel or semi-diesel), or with spark-ignition internal combustion piston engine",current,
89011010,Seagoing,current,
29157040,Palmitic acid and its salts and esters,current,
62046311,Industrial and occupational,current,
85366110,Edison lamp holders,current,
03055310,Polar Cod (Boreogadus saida),current,
90251120,Clinical or veterinary thermometers,current,
70181030,Imitation pearls,current,
23091053,Containing not less than 10 % but less than 50 % by weight of milk products,current,
48044198,Other,current,
04032011,Not exceeding 3 %,current,
18069090,Other,current,
62045910,Of artificial fibres,current,
72202081,"2,5 % or more of nickel",current,
54072011,Less than 3 m,current,
56039410,Coated or covered,current,
48189010,"Articles of a kind used for surgical, medical or hygienic purposes, not put up for retail sale",current,
84136031,Hydraulic fluid power,current,
38089250,Based on diazoles or triazoles,current,
62034251,Industrial and occupational,current,
16023985,Other,current,
85142010,Induction furnaces and ovens,current,
63079093,Filtering facepieces (FFP) according to EN149; other masks conforming to a similar standard for masks as respiratory protective devices to protect against particles,current,
44219910,Of fibreboard,current,
63039290,Other,current,
22011019,Other,current,
09102010,Neither crushed nor ground,current,
84672953,Belt sanders,current,
29359090,Other,current,
72281090,Other,current,
87019590,Other,current,
63019090,Other,current,
70072180,Other,current,
29215190,Other,current,
16025095,Other,current,
84401010,Folding machines,current,
94052150,Of glass,current,
90131010,"Telescopes designed to form parts of machines, appliances, instruments or apparatus of this chapter or Section XVI",current,
84294010,Vibratory,current,
62114231,With an outer shell of a single identical fabric,current,
90189050,Transfusion and infusion apparatus,current,
44072983,Planed,current,
68101190,Other,current,
84081011,"For seagoing vessels of headings 8901 to 8906, tugs of subheading 89040010 and warships of subheading 89061000",current,
84672230,Circular saws,current,
92071030,Digital pianos,current,
90183290,Needles for sutures,current,
29339920,"Indole, 3-methylindole (skatole), 6-allyl-6,7-dihydro-5H-dibenz[c,e]azepine (azapetine), phenindamine (INN) and their salts; imipramine hydrochloride (INNM)",current,
69139093,Earthenware or fine pottery,current,
72192290,"Containing by weight less than 2,5 % of nickel",current,
87071010,For industrial assembly purposes,current,
44101130,Surface-covered with melamine-impregnated paper,current,
19022010,"Containing more than 20 % by weight of fish, crustaceans, molluscs or other aquatic invertebrates",current,
22030009,Other,current,
63071030,Nonwovens,current,
84858010,"Machines for additive manufacturing by sand, concrete or other mineral products deposit",current,
29242910,Lidocaine (INN),current,
30019020,Of human origin,current,
55151399,Other,current,
81126990,Other,current,
19023010,Dried,current,
84831050,Articulated shafts,current,
85299030,Electronic assemblies,current,
90200090,"Other, including parts and accessories",current,
39234010,"Spools, reels and similar supports for photographic and cinematographic film or for tapes, films and the like of heading 8523",current,
51072059,Other,current,
85023920,Turbo-generators,current,
73121083,Exceeding 12 mm but not exceeding 24 mm,current,
02071491,Livers,current,
41064010,Vegetable pre-tanned,current,
84211970,Other,current,
87043139,Used,current,
03072990,Other,current,
87113090,Of a cylinder capacity exceeding 380 cm3 but not exceeding 500 cm3,current,
50072031,Plain-woven,current,
87044299,Used,current,
86072190,Other,current,
94031051,Desks,current,
84128010,Steam or other vapour power engines,current,
38180011,"Wafers of a thickness not exceeding 200 micrometres, rectangular, whether or not with cut or rounded corners (so-called photovoltaic wafers)",current,
62042911,Industrial and occupational,current,
27111310,For undergoing a specific process,current,
82152090,Other,current,
03074220,Loligo spp.,current,
12092980,Other,current,
38260010,"Fatty-acid mono-alkyl esters, containing by weight 96,5 % or more of esters (FAMAE)",current,
72121010,"Tinplate, not further worked than surface-treated",current,
73041990,"Of an external diameter exceeding 406,4 mm",current,
15029010,For industrial uses other than the manufacture of foodstuffs for human consumption,current,
87044291,New,current,
72210010,"Containing by weight 2,5 % or more of nickel",current,
84238129,Other,current,
39151020,"Having a specific gravity of 0,94 or more (for example, PE-HD)",current,
76072091,Aluminium Composite Panel,current,
84659110,Bandsaws,current,
02101970,Loins and cuts thereof,current,
64035115,For men,current,
81110090,Other,current,
62034319,Other,current,
85123090,Other,current,
08042010,Fresh,current,
16030010,In immediate packings of a net content of 1 kg or less,current,
07041090,Other,current,
20099041,Containing added sugar,current,
58071010,With woven inscription,current,
03069910,Freshwater crayfish,current,
39204910,Of a thickness not exceeding 1 mm,current,
33019021,Of liquorice and hops,current,
64039938,For women,current,
95069110,Exercising apparatus with adjustable resistance mechanisms,current,
29171980,Other,current,
02109292,Offal,current,
81019990,Other,current,
59031010,Impregnated,current,
22042991,Other,current,
85392130,Of a kind used for motorcycles or other motor vehicles,current,
48025890,Other,current,
92099940,"Metronomes, tuning forks and pitch pipes",current,
90230010,"Of a type used for teaching physics, chemistry or technical subjects",current,
22089048,Other,current,
70109067,"Less than 0,25 l",current,
84626310,Numerically controlled,current,
44072550,Sanded,current,
16041210,"Fillets, raw, merely coated with batter or breadcrumbs, whether or not pre-fried in oil, frozen",current,
84073320,Of a cylinder capacity exceeding 250 cm3 but not exceeding 500 cm3,current,
27111330,For undergoing chemical transformation by a process other than those specified in respect of subheading 27111310,current,
59022010,Impregnated with rubber,current,
72283069,Less than 80 mm,current,
72071290,Forged,current,
31021015,"In aqueous solution, containing more than 33,2 % but not exceeding 55 % by weight of urea",current,
27102090,Other oils,current,
29189940,"2,6-Dimethoxybenzoic acid; dicamba (ISO); sodium phenoxyacetate",current,
87019490,Other,current,
40112010,With a load index not exceeding 121,current,
90189075,Apparatus for nerve stimulation,current,
92059090,Other,current,
03023490,Other,current,
82090080,Other,current,
76109010,"Bridges and bridge-sections, towers and lattice masts",current,
95043010,Games with screen,current,
70031990,Other,current,
27122090,Other,current,
42021299,Other,current,
53110010,Of ramie,current,
72269120,Of tool steel,current,
48102930,In rolls,current,
72173090,"Containing by weight 0,6 % or more of carbon",current,
70109045,"0,15 l or more but not more than 0,33 l",current,
41079110,Sole leather,current,
89032390,Other,current,
44089035,Small boards for the manufacture of pencils,current,
23091039,Containing not less than 50 % by weight of milk products,current,
32072010,Engobes (slips),current,
85022080,Of an output exceeding 750 kVA,current,
84135080,Other,current,
87023090,Of a cylinder capacity not exceeding 2800 cm3,current,
72164090,T sections,current,
29037690,Dibromotetrafluoroethanes (Halon-2402),current,
27101987,Gear oils and reductor oils,current,
84089043,Exceeding 15 kW but not exceeding 30 kW,current,
52051590,"Measuring less than 83,33 decitex (exceeding 120 metric number)",current,
95067030,Roller skates,current,
29215111,"m-Phenylenediamine, of a purity by weight of 99 % or more and containing: – 1 % or less by weight of water, – 200 mg/kg or less of o-phenylenediamine, – 450 mg/kg or less of p-phenylenediamine",current,
62024090,"Of a weight, per garment, exceeding 1 kg",current,
29335920,"1,4-Diazabicyclo[2.2.2]octane (triethylenediamine)",current,
96033010,Artists' and writing brushes,current,
44079990,Other,current,
84195020,Heat exchange units made of fluoropolymers and with inlet and outlet tube bores with inside diameters measuring 3 cm or less,current,
59021090,Other,current,
55081090,Put up for retail sale,current,
72193390,"Containing by weight less than 2,5 % of nickel",current,
09042190,Other,current,
84081039,Other,current,
84651010,With manual transfer of workpiece between each operation,current,
33019010,Terpenic by-products of the deterpenation of essential oils,current,
52121210,Mixed mainly or solely with flax,current,
51129098,Of a weight exceeding 200 g/m2,current,
54011090,Put up for retail sale,current,
39201023,"Polyethylene film, of a thickness of 20 micrometres or more but not exceeding 40 micrometres, for the production of photoresist film used in the manufacture of semiconductors or printed circuits",current,
64029993,Footwear which cannot be identified as men's or women's footwear,current,
62034235,Other,current,
87169010,Chassis,current,
10063025,Of a length/width ratio greater than 2 but less than 3,current,
72125061,Plated or coated with aluminium-zinc alloys,current,
12129941,"Not decorticated, crushed or ground",current,
84439199,Other,current,
87091110,Specially designed for the transport of highly radioactive materials (Euratom),current,
82159910,Of stainless steel,current,
20079190,Other,current,
08081010,"Cider apples, in bulk, from 16 September to 15 December",current,
72044930,In bundles,current,
84151090,Split-system,current,
02071290,"Plucked and drawn, without heads and feet and without necks, hearts, livers and gizzards, known as 65 % chickens, or otherwise presented",current,
87087091,"Wheel centres in star form, cast in one piece, of iron or steel",current,
39235010,Caps and capsules for bottles,current,
84669195,Other,current,
72279050,"Containing by weight 0,9 % or more but not more than 1,15 % of carbon, 0,5 % or more but not more than 2 % of chromium and, if present, not more than 0,5 % of molybdenum",current,
76061230,Aluminium Composite Panel,current,
73045110,"Straight and of uniform wall thickness, of alloy steel containing by weight not less than 0,9 % but not more than 1,15 % of carbon, not less than 0,5 % but not more than 2 % of chromium and, if present, not more than 0,5 % of molybdenum",current,
10071010,Hybrids,current,
50079030,Dyed,current,
56049090,Other,current,
20098973,Juices of tropical fruit,current,
68029390,Other,current,
87089235,Silencers (mufflers) and exhaust pipes,current,
70052130,"Of a thickness exceeding 3,5 mm but not exceeding 4,5 mm",current,
48041111,Weighing less than 150 g/m2,current,
15029090,Other,current,
91101190,Other,current,
85444920,"Of a kind used for telecommunications, for a voltage not exceeding 80 V",current,
73071190,Other,current,
85423269,With a storage capacity exceeding 512 Mbits,current,
84243010,Compressed air operated,current,
22089078,Other spirituous beverages,current,
87029090,With other engines,current,
84401020,Collating machines and gathering machines,current,
38091050,Containing by weight 70 % or more but less than 83 % of such substances,current,
29349990,Other,current,
84144010,Giving a flow per minute not exceeding 2 m3,current,
23024090,Other,current,
61069010,Of wool or fine animal hair,current,
84818059,Other,current,
31042090,"With a potassium content evaluated as K2O, by weight, exceeding 62 % on the dry anhydrous product",current,
44111393,Other,current,
28054090,Other,current,
03054490,Other,current,
48030031,Not more than 25 g/m2,current,
55159190,Other,current,
22042282,Other,current,
30024190,Other,current,
39205990,Other,current,
90160010,Balances,current,
85192010,Coin- or disc-operated record-players,current,
40169957,Other,current,
73211110,"With oven, including separate ovens",current,
64029110,Incorporating a protective metal toecap,current,
55152219,Other,current,
43021999,Other,current,
20087059,Other,current,
73079399,Other,current,
84440010,Machines for extruding,current,
12092280,Other,current,
62113241,Upper parts,current,
39172290,Other,current,
84137075,Multi-stage,current,
52082110,"Fabrics for the manufacture of bandages, dressings and medical gauzes",current,
84295191,Crawler shovel loaders,current,
87149420,Brakes,current,
48041990,Other,current,
72071912,Rolled or obtained by continuous casting,current,
48139010,In rolls of a width exceeding 5 cm but not exceeding 15 cm,current,
11029070,Rye flour,current,
28054010,"In flasks of a net content of 34,5 kg (standard weight), of a fob value, per flask, not exceeding € 224",current,
29389010,Digitalis glycosides,current,
22086011,2 litres or less,current,
27101951,For undergoing a specific process,current,
51071090,Other,current,
03054920,Atlantic halibut (Hippoglossus hippoglossus),current,
70031299,Other,current,
73043950,Threaded or threadable tubes (gas pipe),current,
90172090,"Mathematical calculating instruments (including slide rules, disc calculators and the like)",current,
38089120,Based on chlorinated hydrocarbons,current,
84148059,Exceeding 120 m3,current,
20096951,Concentrated,current,
31052090,Other,current,
62033919,Other,current,
96081010,With liquid ink (rolling ball pens),current,
04079090,Other,current,
38089313,Based on triazines,current,
94033091,"Cupboards with doors, shutters or flaps; filing, card-index and other cabinets",current,
62034919,Other,current,
94051940,Of plastics or of ceramic materials,current,
62046390,Other,current,
43031090,Other,current,
69032010,"Containing, by weight, less than 45 % of alumina (Al2O3)",current,
85392210,Reflector lamps,current,
84335911,Self-propelled,current,
55121910,Printed,current,
84111280,Of a thrust exceeding 132 kN,current,
63079098,Other,current,
73209090,Other,current,
62069090,Of other textile materials,current,
44072630,Planed,current,
72269910,Electrolytically plated or coated with zinc,current,
04071990,Other,current,
20021011,In immediate packings of a net content exceeding 1 kg,current,
08021210,Bitter,current,
85234190,Other,current,
87083091,For disc brakes,current,
07020091,In trusses,current,
62046110,Trousers and breeches,current,
61159691,Women's stockings,current,
50040010,"Unbleached, scoured or bleached",current,
35021990,Other,current,
73071910,Of cast iron,current,
53091190,Bleached,current,
48041930,Other,current,
38089327,Other,current,
73072910,Threaded,current,
04029159,Other,current,
38089130,Based on carbamates,current,
52121590,Otherwise mixed,current,
22089045,Calvados,current,
37029690,Other,current,
28442025,Ferro-uranium,current,
37023210,Microfilm; film for the graphic arts,current,
20084079,Other,current,
34031980,Other,current,
39159070,Other,current,
58030090,Other,current,
29412080,Other,current,
84082051,Not exceeding 50 kW,current,
72125069,Other,current,
29335310,"Phenobarbital (INN), barbital (INN), and their salts",current,
48070030,"Made from recovered paper, whether or not covered with paper",current,
72172050,"Containing by weight 0,25 % or more but less than 0,6 % of carbon",current,
20087031,"Of an actual alcoholic strength by mass not exceeding 11,85 % mas",current,
84799015,Parts of machines of subheading 84798970,current,
57050030,Of man-made textile materials,current,
17026080,Inulin syrup,current,
35029090,Albuminates and other albumin derivatives,current,
48042910,Of which not less than 80 % by weight of the total fibre content consists of coniferous fibres obtained by the chemical sulphate or soda process,current,
32089013,"Copolymer of p-cresol and divinylbenzene, in the form of a solution in N,N-dimethylacetamide, containing by weight 48 % or more of polymer",current,
76042910,Bars and rods,current,
44079691,Sanded,current,
87089310,For the industrial assembly of: Pedestrian-controlled tractors of subheading 870110; Vehicles of heading 8703; Vehicles of heading 8704 with either a compression-ignition internal combustion piston engine (diesel or semi-diesel) of a cylinder capacity not exceeding 2500 cm3 or with a spark-ignition internal combustion piston engine of a cylinder capacity not exceeding 2800 cm3; Vehicles of heading 8705,current,
62046331,Industrial and occupational,current,
84133020,Injection pumps,current,
84201010,Of a kind used in the textile industry,current,
40129020,Solid or cushion tyres,current,
70132290,Gathered mechanically,current,
21069030,Isoglucose syrups,current,
20085059,Other,current,
84672985,Other,current,
41071291,Bovine (including buffalo) leather,current,
94069031,Greenhouses,current,
22083061,2 litres or less,current,
92059030,Mouth organs,current,
87032490,Used,current,
20091991,Of a value not exceeding € 30 per 100 kg net weight and with an added sugar content exceeding 30 % by weight,current,
03063210,Live,current,
62043990,Of other textile materials,current,
06029091,"Flowering plants with buds or flowers, excluding cacti",current,
30019091,Heparin and its salts,current,
84563011,Wire-cut,current,
39045090,Other,current,
84332010,With motor,current,
27111211,For use as a power or heating fuel,current,
39019080,Other,current,
73021028,Of a weight per metre of less than 36 kg,current,
33011980,Deterpenated,current,
73181568,Other,current,
63041930,Of flax or ramie,current,
56012290,Other,current,
56039290,Other,current,
94033099,Other,current,
08135019,Containing prunes,current,
85318040,"Bells, buzzers, door chimes and similar",current,
29037610,Bromochlorodifluoromethane (Halon-1211),current,
03023920,For the industrial manufacture of products of heading 1604,current,
03034985,Other,current,
03019290,Of a length of 20 cm or more,current,
72223051,"2,5 % or more of nickel",current,
30012010,Of human origin,current,
02074599,Other,current,
84716060,Keyboards,current,
85176920,Entry-phone systems,current,
84521090,Other sewing machines and other sewing machine heads,current,
82059090,Sets of articles of two or more subheadings of this heading,current,
29333935,"2-Hydroxyethylammonium-3,6-dichloropyridine-2-carboxylate",current,
72230099,Other,current,
20085071,With a sugar content exceeding 15 % by weight,current,
85167920,Deep fat fryers,current,
23099033,Containing not less than 10 % but less than 50 % by weight of milk products,current,
22087010,In containers holding 2 litres or less,current,
95063910,Parts of golf clubs,current,
82071910,With working part of diamond or agglomerated diamond,current,
44083121,Planed,current,
84596110,Tool milling machines,current,
87149290,Spokes,current,
73089059,Other,current,
90139005,For telescopic sights for fitting to arms or for periscopes,current,
41044959,Other,current,
16041994,"Hake (Merluccius spp., Urophycis spp.)",current,
90172039,Marking-out instruments,current,
22089099,More than 2 litres,current,
15021090,Other,current,
84229090,Other,current,
70109041,1 l or more,current,
85491190,Waste and scrap of lead-acid accumulators,current,
60059090,Other,current,
53061090,Put up for retail sale,current,
87071090,Other,current,
85334010,For a power handling capacity not exceeding 20 W,current,
53062090,Put up for retail sale,current,
84749090,Other,current,
45031010,Cylindrical,current,
63039990,Other,current,
32141010,"Glaziers' putty, grafting putty, resin cements, caulking compounds and other mastics",current,
39209953,"Ion-exchange membranes of fluorinated plastic material, for use in chlor-alkali electrolytic cells",current,
90158040,"Instruments and appliances used in geodesy, topography, surveying or levelling; hydrographic instruments",current,
92079010,Guitars,current,
27122010,Synthetic paraffin wax of a molecular weight of 460 or more but not exceeding 1560,current,
15141910,For technical or industrial uses other than the manufacture of foodstuffs for human consumption,current,
84118220,Of a power exceeding 5000 kW but not exceeding 20000 kW,current,
29181998,Other,current,
87044391,New,current,
39172310,"Seamless and of a length exceeding the maximum cross-sectional dimension, whether or not surface-worked, but not otherwise worked",current,
61029010,"Overcoats, car coats, capes, cloaks and similar articles",current,
85365080,Other,current,
84553039,Cold-rolling work-rolls,current,
16022010,Goose or duck liver,current,
10062096,Of a length/width ratio greater than 2 but less than 3,current,
64035105,"Made on a base or platform of wood, not having an inner sole",current,
44079599,Other,current,
92071080,Other,current,
90142020,Inertial navigation systems,current,
84199085,Other,current,
48182099,Other,current,
07108051,Sweet peppers,current,
73043982,"Not exceeding 168,3 mm",current,
16041431,In vegetable oil,current,
52082219,Exceeding 165 cm,current,
96200010,"Of a kind used for digital, photographic or video cameras, cinematographic cameras and projectors; of a kind used for other apparatus of Chapter 90",current,
38140010,Based on butyl acetate,current,
87141050,Clutches and parts thereof,current,
73089098,Other,current,
85014020,Of an output not exceeding 750 W,current,
10063098,Of a length/width ratio equal to or greater than 3,current,
44181950,Coniferous,current,
44081091,Small boards for the manufacture of pencils,current,
84137081,Single-stage,current,
87043131,New,current,
19053119,Other,current,
44182950,Coniferous,current,
84136069,Other,current,
72202029,"Less than 2,5 % of nickel",current,
29299090,Other,current,
56060091,Gimped yarn,current,
85287220,Apparatus incorporating a video recorder or reproducer,current,
84672980,Hedge trimmers and lawn edge cutters,current,
39172190,Other,current,
38051010,Gum turpentine,current,
84295210,Track-laying excavators,current,
22060089,Other,current,
21013011,Roasted chicory,current,
72261980,Other,current,
89039310,Of a weight not exceeding 100 kg each,current,
05080090,Other,current,
41012010,Fresh,current,
13022010,Dry,current,
85123010,Burglar alarms of a kind used for motor vehicles,current,
02109941,Livers,current,
82075030,Masonry drills,current,
73181520,For fixing railway track construction material,current,
02071499,Other,current,
84381090,"Machinery for the manufacture of macaroni, spaghetti or similar products",current,
42029180,Other,current,
44101210,Unworked or not further worked than sanded (raw board),current,
03028590,Other,current,
63029390,Other,current,
29334930,Dextromethorphan (INN) and its salts,current,
84818085,Butterfly valves,current,
92029080,Other,current,
84248210,Watering appliances,current,
96072010,"Of base metal, including narrow strips mounted with chain scoops of base metal",current,
73063018,Other,current,
78060010,"Containers with an anti-radiation lead covering, for the transport or storage of radioactive materials (Euratom)",current,
39072999,Other,current,
29034990,Other,current,
44124191,With at least one outer ply of non-coniferous wood,current,
84289079,Other,current,
16024915,"Other mixtures containing hams (legs), shoulders, loins or collars, and cuts thereof",current,
50060010,Silk yarn,current,
12074090,Other,current,
72169180,Other,current,
51021990,"Of rabbit (other than angora rabbit), hare, beaver, nutria or muskrat",current,
38089240,Based on benzimidazoles,current,
84201081,Roll laminators of a kind used solely or principally for the manufacture of printed circuit substrates or printed circuits,current,
84069090,Other,current,
22042109,Other,current,
63025310,Nonwovens,current,
73045989,"Of an external diameter exceeding 406,4 mm",current,
20094930,"Of a value exceeding € 30 per 100 kg net weight, containing added sugar",current,
85423255,"UV erasable, programmable, read only memories (EPROMs)",current,
01022999,Other,current,
03023599,Other,current,
84162010,"Only for gas, monobloc, incorporating a ventilator and a control device",current,
84144090,Giving a flow per minute exceeding 2 m3,current,
70134999,Gathered mechanically,current,
72284010,Of tool steel,current,
07129011,Hybrids for sowing,current,
20089792,Of tropical fruit (including mixtures containing by weight 50 % or more of tropical nuts and tropical fruit),current,
90212190,Of other materials,current,
05051090,Other,current,
84184080,Of a capacity exceeding 250 litres but not exceeding 900 litres,current,
61059010,Of wool or fine animal hair,current,
39209990,Other,current,
72139990,"Containing by weight 0,25 % or more of carbon",current,
72163219,Other,current,
23091070,"Containing no starch, glucose, glucose syrup, maltodextrine or maltodextrine syrup but containing milk products",current,
62031930,Of artificial fibres,current,
73121049,Other,current,
72223091,"Less than 2,5 % of nickel",current,
25030010,Crude or unrefined sulphur,current,
04063010,"In the manufacture of which no cheeses other than Emmentaler, Gruyère and Appenzell have been used and which may contain, as an addition, Glarus herb cheese (known as Schabziger); put up for retail sale, of a fat content by weight in the dry matter not exceeding 56 %",current,
70134991,Gathered by hand,current,
57011090,Other,current,
63013090,Other,current,
56012110,Absorbent,current,
48103210,Coated with kaolin,current,
57032919,Other,current,
37069052,Consisting only of soundtrack; negatives; intermediate positives; newsreels,current,
72251910,Hot-rolled,current,
87060091,For vehicles of heading 8703,current,
62113290,Other,current,
72091790,Other,current,
02071410,Boneless,current,
20087051,With a sugar content exceeding 15 % by weight,current,
70042010,Optical glass,current,
62101092,"Single-use gowns, of a kind used by patients or surgeons during surgical procedures",current,
42032990,Other,current,
41079990,Equine leather,current,
15159059,"Solid, other; fluid",current,
27101215,For undergoing chemical transformation by a process other than those specified in respect of subheading 27101211,current,
39201025,Other,current,
45031090,Other,current,
29171920,"Ethane-1,2-dicarboxylic acid or butanedioic acid (succinic acid) having a bio-based carbon content of 100 % by mass",current,
90189084,Other,current,
70200010,Of fused quartz or other fused silica,current,
87089993,Of closed-die forged steel,current,
51113010,Of a weight not exceeding 300 g/m2,current,
16024919,Other,current,
84089027,Used,current,
84213915,"With stainless steel housing, and with inlet and outlet tube bores with inside diameters not exceeding 1,3 cm",current,
20084090,Not containing added sugar,current,
03044790,Other,current,
47079090,Sorted,current,
02044210,Short forequarters,current,
28047090,Other,current,
07020099,Other,current,
68029990,Other,current,
44181990,Other,current,
84282080,Other,current,
43023010,Dropped furskins,current,
84072199,Of a power exceeding 30 kW,current,
28442035,Other (Euratom),current,
44014910,"Bark and production waste, scrap, rejects and residues",current,
84089085,Exceeding 1000 kW but not exceeding 5000 kW,current,
81124190,Other,current,
85022040,"Of an output exceeding 7,5 kVA but not exceeding 375 kVA",current,
02031955,Boneless,current,
84431332,Not exceeding 53 × 75 cm,current,
84401030,"Sewing, wire stitching and stapling machines",current,
62023010,"Of a weight, per garment, not exceeding 1 kg",current,
84089089,Exceeding 5000 kW,current,
94019110,Of seats of a kind used for aircraft,current,
85061098,Other,current,
03053219,Other,current,
94052940,Of plastics or of ceramic materials,current,
15155099,Other,current,
16041995,Alaska pollock (Theragra chalcogramma) and pollack (Pollachius pollachius),current,
53089090,Other,current,
84183080,Of a capacity exceeding 400 litres but not exceeding 800 litres,current,
06029070,"Rooted cuttings and young plants, excluding cacti",current,
76061250,"Painted, varnished or coated with plastics",current,
85015381,Exceeding 75 kW but not exceeding 375 kW,current,
29173985,Other,current,
84239010,"Parts of weighing machinery of subheadings 84232010, 84233010, 84238121, 84238123, 84238125, 84238129, 84238220 or 84238920",current,
61153019,Other,current,
42023210,Of sheeting of plastics,current,
84089065,Exceeding 200 kW but not exceeding 300 kW,current,
59050030,Of flax,current,
90271090,Other,current,
84388010,For the preparation of tea or coffee,current,
85051110,"Containing neodymium, praseodymium, dysprosium or samarium",current,
08119075,Sour cherries (Prunus cerasus),current,
21039010,"Mango chutney, liquid",current,
84472080,Other,current,
33019030,Other,current,
88010010,Balloons and dirigibles; gliders and hang gliders,current,
23099035,Containing not less than 50 % but less than 75 % by weight of milk products,current,
62114241,Upper parts,current,
23091033,Containing not less than 10 % but less than 50 % by weight of milk products,current,
73201019,Other,current,
38159090,Other,current,
31052010,With a nitrogen content exceeding 10 % by weight on the dry anhydrous product,current,
70109055,"0,15 l or more but not more than 0,33 l",current,
84622290,Other,current,
72284090,Other,current,
70109057,"Less than 0,15 l",current,
03035910,Anchovies (Engraulis spp.),current,
74111090,Other,current,
55051010,Of nylon or other polyamides,current,
55122910,Printed,current,
73042990,"Of an external diameter exceeding 406,4 mm",current,
35051090,Other,current,
62034390,Other,current,
20029020,With a dry matter content of not less than 12 % but not more than 20 % by weight,current,
73199010,"Sewing, darning or embroidery needles",current,
04032013,Exceeding 3 % but not exceeding 6 %,current,
37069091,Less than 10 mm,current,
22043098,Other,current,
41079190,Other,current,
86071910,"Axles, assembled or not; wheels and parts thereof",current,
29094911,2-(2-Chloroethoxy)ethanol,current,
90015020,Not for the correction of vision,current,
84818063,Of steel,current,
